{
	"format_version": "1.8.0",
	"animations": {
		"animation.excadrill.sleep": {
			"loop": true,
			"animation_length": 4,
			"bones": {
				"legs": {
					"rotation": [67.5, 0, 0],
					"position": [0, 4, 4]
				},
				"torso": {
					"rotation": [90, 0, 0],
					"position": [0, 5, 8]
				},
				"face": {
					"rotation": [-77.5, 0, 0],
					"position": [0, 9, -23]
				},
				"drill": {
					"rotation": [7.5, 0, 0]
				},
				"eye1": {
					"position": [-1, 0, 0]
				},
				"eye2": {
					"position": [1, 0, 0]
				},
				"hands": {
					"rotation": [-180, 0, 0],
					"position": [0, 22, 0]
				},
				"hand_parte1": {
					"rotation": [0, 0, -72.5],
					"position": [9, 8, 0]
				},
				"hand_mini1": {
					"rotation": [-1.51582, 4.82456, -30.03545],
					"position": [6, 6, -1]
				},
				"nail_hand_mini1": {
					"rotation": [0, 10, 0],
					"position": [0, 0, -3]
				},
				"hand_parte2": {
					"rotation": [0, 0, 72.5],
					"position": [-9, 8, 0]
				},
				"hand_mini2": {
					"rotation": [-1.63219, -7.32124, 30.10443],
					"position": [-6, 6, -2]
				},
				"nail_hand2": {
					"rotation": [0, -10, 0],
					"position": [0, 0, -3]
				},
				"torso_parte": {
					"position": [0, 0, 0]
				},
				"leg0": {
					"rotation": [0, 0, -30],
					"position": [4, -1, 0]
				},
				"legpart0": {
					"position": [0, 1, 0]
				},
				"leg1": {
					"rotation": [0, 0, 30],
					"position": [-5, -5, 0]
				},
				"legpart1": {
					"position": [0, 1, 0]
				},
				"nosemini": {
					"rotation": [5, 0, 0],
					"position": [0, 0, 2]
				}
			}
		},
		"animation.excadrill.drill": {
			"loop": true,
			"animation_length": 0.25,
			"bones": {
				"legs": {
					"rotation": [67.5, 0, 0],
					"position": [0, 4, 4]
				},
				"torso": {
					"rotation": [90, 0, 0],
					"position": [0, 5, 8]
				},
				"face": {
					"rotation": [-77.5, 0, 0],
					"position": [0, 10, -23]
				},
				"drill": {
					"rotation": [7.5, 0, 0],
					"position": [0, 0, 0]
				},
				"eye1": {
					"position": [-1, 0, 0]
				},
				"eye2": {
					"position": [1, 0, 0]
				},
				"hands": {
					"rotation": [-180, 0, 0],
					"position": [0, 22, 0]
				},
				"hand_parte1": {
					"rotation": [0, 0, -72.5],
					"position": [9, 8, 0]
				},
				"hand_mini1": {
					"rotation": [-1.51582, 4.82456, -30.03545],
					"position": [6, 6, -1]
				},
				"nail_hand_mini1": {
					"rotation": [0, 10, 0],
					"position": [0, 0, -3]
				},
				"hand_parte2": {
					"rotation": [0, 0, 72.5],
					"position": [-9, 8, 0]
				},
				"hand_mini2": {
					"rotation": [-1.63219, -7.32124, 30.10443],
					"position": [-6, 6, -2]
				},
				"nail_hand2": {
					"rotation": [0, -10, 0],
					"position": [0, 0, -3]
				},
				"torso_parte": {
					"position": [0, 0, 0]
				},
				"allbody": {
					"rotation": {
						"0.0": [0, 0, 0],
						"0.25": [0, 0, 360]
					},
					"position": {
						"0.0": [0, 8, 5],
						"0.25": [0, 8, 5]
					}
				},
				"leg0": {
					"rotation": [0, 0, -30],
					"position": [4, -1, 0]
				},
				"legpart0": {
					"position": [0, 1, 0]
				},
				"leg1": {
					"rotation": [0, 0, 30],
					"position": [-5, -5, 0]
				},
				"legpart1": {
					"position": [0, 1, 0]
				},
				"nosemini": {
					"rotation": [5, 0, 0],
					"position": [0, 0, 2]
				}
			}
		},
		"animation.excadrill.cry": {
			"animation_length": 1.3333,
			"bones": {
				"face": {
					"rotation": {
						"0.0": [0, 0, 0],
						"0.5": [-15, 0, 0],
						"1.3333": [0, 0, 0]
					},
					"position": {
						"0.0": [0, 0, 0],
						"0.5": [0, -1, -5],
						"1.3333": [0, 0, 0]
					}
				},
				"smilemini": {
					"rotation": {
						"0.0": [0, 0, 0],
						"0.5": [12.5, 0, 0],
						"1.3333": [0, 0, 0]
					},
					"position": {
						"0.0": [0, 0, 0],
						"0.5": [0, 3, 4],
						"1.3333": [0, 0, 0]
					}
				}
			},
			"sound_effects": {
				"0.5": {
					"effect": "pokemon.excadrill.cry"
				}
			}
		},
		"animation.excadrill.blink": {
			"animation_length": 0.0833,
			"bones": {
				"eye1": {
					"position": {
						"0.0": [0, 0, 0],
						"0.0833": [-1, 0, 0]
					}
				},
				"eye2": {
					"position": {
						"0.0": [0, 0, 0],
						"0.0833": [1, 0, 0]
					}
				}
			}
		},
		"animation.excadrill.recoil": {
			"animation_length": 1.5,
			"bones": {
				"legmini0": {
					"rotation": {
						"0.0": [0, 0, 0],
						"0.4583": [0, 15, 0],
						"1.5": [0, 0, 0]
					}
				},
				"legpart0": {
					"rotation": {
						"0.0": [0, 0, 0],
						"0.4583": [0, 20, 0],
						"1.5": [0, 0, 0]
					}
				},
				"legmini1": {
					"rotation": {
						"0.0": [0, 0, 0],
						"0.4583": [0, -27.5, 0],
						"1.5": [0, 0, 0]
					}
				},
				"legpart1": {
					"rotation": {
						"0.0": [0, 0, 0],
						"0.4583": [0, -22.5, 0],
						"1.5": [0, 0, 0]
					},
					"position": {
						"0.0": [0, 0, 0],
						"0.4583": [0, 0, -4],
						"1.5": [0, 0, 0]
					}
				},
				"face": {
					"rotation": {
						"0.0": [0, 0, 0],
						"0.4583": [7.55034, 9.97848, 0.33122],
						"1.5": [0, 0, 0]
					},
					"position": {
						"0.0": [0, 0, 0],
						"0.4583": [1, 0, 2],
						"1.5": [0, 0, 0]
					}
				},
				"nose": {
					"rotation": {
						"0.0": [0, 0, 0],
						"0.4583": [0, 7.5, 0],
						"1.5": [0, 0, 0]
					},
					"position": {
						"0.0": [0, 0, 0],
						"0.4583": [2, 0, 0],
						"1.5": [0, 0, 0]
					}
				},
				"drill": {
					"rotation": {
						"0.0": [0, 0, 0],
						"0.4583": [0, 5, 0],
						"1.5": [0, 0, 0]
					},
					"position": {
						"0.0": [0, 0, 0],
						"0.4583": [1, 0, 0],
						"1.5": [0, 0, 0]
					}
				},
				"eye1": {
					"position": {
						"0.0": [0, 0, 0],
						"0.4583": [-1, 0, 0],
						"1.5": [0, 0, 0]
					}
				},
				"eye2": {
					"position": {
						"0.0": [0, 0, 0],
						"0.4583": [1, 0, 0],
						"1.5": [0, 0, 0]
					}
				},
				"hand_parte2": {
					"rotation": [0, 0, 0],
					"position": [0, 0, 0]
				},
				"hand_mini2": {
					"rotation": [0, 0, 0],
					"position": [0, 0, 0]
				}
			}
		},
		"animation.excadrill.ground_walk": {
			"loop": true,
			"animation_length": 1,
			"bones": {
				"leg0": {
					"rotation": {
						"0.0": {
							"post": [20, 0, 0],
							"lerp_mode": "catmullrom"
						},
						"0.5": {
							"post": [-15, 0, 0],
							"lerp_mode": "catmullrom"
						},
						"1.0": {
							"post": [20, 0, 0],
							"lerp_mode": "catmullrom"
						}
					},
					"position": {
						"0.0": {
							"post": [0, 0, -4],
							"lerp_mode": "catmullrom"
						},
						"0.5": {
							"post": [0, 0, 0],
							"lerp_mode": "catmullrom"
						},
						"1.0": {
							"post": [0, 0, -4],
							"lerp_mode": "catmullrom"
						}
					}
				},
				"legmini0": {
					"rotation": {
						"0.25": {
							"pre": [-15, 0, 0],
							"post": [-15, 0, 0],
							"lerp_mode": "catmullrom"
						},
						"0.75": {
							"post": [-15, 0, 0],
							"lerp_mode": "catmullrom"
						}
					},
					"position": {
						"0.0": {
							"post": [0, 1, -1],
							"lerp_mode": "catmullrom"
						},
						"0.25": {
							"post": [0, 0, -2],
							"lerp_mode": "catmullrom"
						},
						"0.5": {
							"post": [0, 1, -1],
							"lerp_mode": "catmullrom"
						},
						"0.75": {
							"post": [0, 0, -2],
							"lerp_mode": "catmullrom"
						},
						"1.0": {
							"post": [0, 1, -1],
							"lerp_mode": "catmullrom"
						}
					}
				},
				"legpart0": {
					"rotation": {
						"0.0": {
							"post": [-17.5, 0, 0],
							"lerp_mode": "catmullrom"
						},
						"0.25": {
							"post": [22.5, 0, 0],
							"lerp_mode": "catmullrom"
						},
						"0.5": {
							"post": [-17.5, 0, 0],
							"lerp_mode": "catmullrom"
						},
						"0.75": {
							"post": [22.5, 0, 0],
							"lerp_mode": "catmullrom"
						},
						"1.0": {
							"post": [-17.5, 0, 0],
							"lerp_mode": "catmullrom"
						}
					},
					"position": {
						"0.0": {
							"post": [0, 1, 0],
							"lerp_mode": "catmullrom"
						},
						"0.5": {
							"post": [0, 1, 0],
							"lerp_mode": "catmullrom"
						},
						"0.75": {
							"post": [0, 1, 0],
							"lerp_mode": "catmullrom"
						},
						"1.0": {
							"post": [0, 1, 0],
							"lerp_mode": "catmullrom"
						}
					}
				},
				"leg1": {
					"rotation": {
						"0.5": {
							"pre": [20, 0, 0],
							"post": [20, 0, 0],
							"lerp_mode": "catmullrom"
						}
					},
					"position": {
						"0.0": {
							"post": [0, 0, 2],
							"lerp_mode": "catmullrom"
						},
						"0.5": {
							"post": [0, 0, -4],
							"lerp_mode": "catmullrom"
						},
						"1.0": {
							"post": [0, 0, 2],
							"lerp_mode": "catmullrom"
						}
					}
				},
				"legmini1": {
					"rotation": {
						"0.0": {
							"post": [-15, 0, 0],
							"lerp_mode": "catmullrom"
						},
						"0.5": {
							"post": [-15, 0, 0],
							"lerp_mode": "catmullrom"
						},
						"0.75": {
							"post": [-15, 0, 0],
							"lerp_mode": "catmullrom"
						},
						"1.0": {
							"post": [-15, 0, 0],
							"lerp_mode": "catmullrom"
						}
					},
					"position": {
						"0.0": {
							"post": [0, 0, -2],
							"lerp_mode": "catmullrom"
						},
						"0.25": {
							"post": [0, 1, -1],
							"lerp_mode": "catmullrom"
						},
						"0.5": {
							"post": [0, 0, -2],
							"lerp_mode": "catmullrom"
						},
						"0.75": {
							"post": [0, 1, -1],
							"lerp_mode": "catmullrom"
						},
						"1.0": {
							"post": [0, 0, -2],
							"lerp_mode": "catmullrom"
						}
					}
				},
				"legpart1": {
					"rotation": {
						"0.25": {
							"pre": [-17.5, 0, 0],
							"post": [-17.5, 0, 0],
							"lerp_mode": "catmullrom"
						},
						"0.75": {
							"post": [-17.5, 0, 0],
							"lerp_mode": "catmullrom"
						}
					},
					"position": {
						"0.25": {
							"pre": [0, 1, 0],
							"post": [0, 1, 0],
							"lerp_mode": "catmullrom"
						},
						"0.75": {
							"post": [0, 1, 0],
							"lerp_mode": "catmullrom"
						}
					}
				},
				"torso": {
					"rotation": {
						"0.0": [7.5, "0+math.cos(q.anim_time*90*2*2)*5", "0+math.cos((q.anim_time)*90*2*2-90)*5"],
						"0.5": [7.5, "0+math.cos(q.anim_time*90*2*2)*5", "0+math.cos((q.anim_time)*90*2*2-90)*5"],
						"0.75": [7.5, "0+math.cos(q.anim_time*90*2*2)*5", "0+math.cos((q.anim_time)*90*2*2-90)*5"],
						"1.0": [7.5, "0+math.cos(q.anim_time*90*2*2)*5", "0+math.cos((q.anim_time)*90*2*2-90)*5"]
					},
					"position": {
						"0.0": [0, "math.sin(q.anim_time*90*4*2)*0.4", 0],
						"0.5": [0, "-1+math.sin(q.anim_time*90*4*2)*0.4", 0],
						"0.75": [0, "-1+math.sin(q.anim_time*90*4*2)*0.4", 0],
						"1.0": [0, "math.sin(q.anim_time*90*4*2)*0.4", 0]
					}
				},
				"head": {
					"rotation": {
						"0.0": [0, "0+math.sin(q.anim_time*90*2*1-90)*1", 0],
						"0.5": [0, "0+math.sin(q.anim_time*90*2*1-90)*1", 0],
						"0.75": [0, "0+math.sin(q.anim_time*90*2*1-90)*1", 0],
						"1.0": [0, "0+math.sin(q.anim_time*90*2*1-90)*1", 0]
					},
					"position": {
						"0.0": [0, 0, 0],
						"0.5": [0, 0, 1],
						"1.0": [0, 0, 0]
					}
				},
				"face": {
					"rotation": {
						"0.0": ["-5+math.cos(q.anim_time*90*2*1-90)*5", 0, 0],
						"0.5": ["-5+math.cos(q.anim_time*90*2*1-90)*5", 0, 0],
						"0.75": ["-5+math.cos(q.anim_time*90*2*1-90)*5", 0, 0],
						"1.0": ["-5+math.cos(q.anim_time*90*2*1-90)*5", 0, 0]
					},
					"position": {
						"0.0": [0, -1, -2],
						"0.5": [0, 0, -2],
						"0.75": [0, 0, -2],
						"1.0": [0, -1, -2]
					}
				},
				"hand1": {
					"rotation": {
						"0.0": {
							"post": [0, 17.5, -37.5],
							"lerp_mode": "catmullrom"
						},
						"0.5": {
							"post": [0, -20, -37.5],
							"lerp_mode": "catmullrom"
						},
						"1.0": {
							"post": [0, 17.5, -37.5],
							"lerp_mode": "catmullrom"
						}
					},
					"position": {
						"0.0": {
							"post": [8, 6, 0],
							"lerp_mode": "catmullrom"
						},
						"0.5": {
							"post": [7, 6, 1],
							"lerp_mode": "catmullrom"
						},
						"1.0": {
							"post": [8, 6, 0],
							"lerp_mode": "catmullrom"
						}
					}
				},
				"hand_parte1": {
					"position": {
						"0.0": {
							"post": [1, 2, -2],
							"lerp_mode": "catmullrom"
						},
						"0.5": {
							"post": [1, 1, 0],
							"lerp_mode": "catmullrom"
						},
						"1.0": {
							"post": [1, 2, -2],
							"lerp_mode": "catmullrom"
						}
					}
				},
				"hand_mini1": {
					"rotation": {
						"0.0": {
							"post": [-1.63219, 7.32123, -12.60443],
							"lerp_mode": "catmullrom"
						},
						"0.5": {
							"post": [3.13388, -17.22575, -10.47479],
							"lerp_mode": "catmullrom"
						},
						"1.0": {
							"post": [-1.63219, 7.32123, -12.60443],
							"lerp_mode": "catmullrom"
						}
					},
					"position": {
						"0.0": {
							"post": [4, 2.4, -2],
							"lerp_mode": "catmullrom"
						},
						"0.5": {
							"post": [3, 2, 4],
							"lerp_mode": "catmullrom"
						},
						"1.0": {
							"post": [4, 2.4, -2],
							"lerp_mode": "catmullrom"
						}
					}
				},
				"hand2": {
					"rotation": {
						"0.0": {
							"post": [0, 20, 37.5],
							"lerp_mode": "catmullrom"
						},
						"0.5": {
							"post": [0, 20, 37.5],
							"lerp_mode": "catmullrom"
						},
						"1.0": {
							"post": [0, 20, 37.5],
							"lerp_mode": "catmullrom"
						}
					},
					"position": {
						"0.0": {
							"post": [-7, 6, 1],
							"lerp_mode": "catmullrom"
						},
						"0.5": {
							"post": [-7, 6, 1],
							"lerp_mode": "catmullrom"
						},
						"1.0": {
							"post": [-7, 6, 1],
							"lerp_mode": "catmullrom"
						}
					}
				},
				"hand_parte2": {
					"position": {
						"0.0": {
							"post": [-1, 1, 0],
							"lerp_mode": "catmullrom"
						},
						"0.5": {
							"post": [-1, 1, 0],
							"lerp_mode": "catmullrom"
						},
						"1.0": {
							"post": [-1, 1, 0],
							"lerp_mode": "catmullrom"
						}
					}
				},
				"hand_mini2": {
					"rotation": {
						"0.0": {
							"post": [3.13388, 17.22575, 10.47479],
							"lerp_mode": "catmullrom"
						},
						"0.5": {
							"post": [-1.63219, -7.32123, 12.60443],
							"lerp_mode": "catmullrom"
						},
						"1.0": {
							"post": [3.13388, 17.22575, 10.47479],
							"lerp_mode": "catmullrom"
						}
					},
					"position": {
						"0.0": {
							"post": [-3, 2, 4],
							"lerp_mode": "catmullrom"
						},
						"0.5": {
							"post": [-4, 2.4, -2],
							"lerp_mode": "catmullrom"
						},
						"1.0": {
							"post": [-3, 2, 4],
							"lerp_mode": "catmullrom"
						}
					}
				}
			}
		},
		"animation.excadrill.ground_idle": {
			"loop": true,
			"bones": {
				"legs": {
					"position": [0, 0, -2]
				},
				"leg0": {
					"rotation": ["4.9961+math.sin(q.anim_time*90*1.6-60)*1", -0.18017, "4.9935+math.sin(q.anim_time*90*1.5-60)*1"]
				},
				"legmini0": {
					"rotation": [15, 0, 0],
					"position": [0, -1, -2]
				},
				"legpart0": {
					"position": [0, 0, -1]
				},
				"leg1": {
					"rotation": ["0.0008+math.sin(q.anim_time*90*1.6-60)*1", -0.03777, "-4.9997+math.sin(q.anim_time*90*1.5-60)*1"]
				},
				"legmini1": {
					"rotation": [15, 0, 0],
					"position": [0, -1, -2]
				},
				"legpart1": {
					"position": [0, 0, -1]
				},
				"torso": {
					"rotation": ["2.5+math.sin(q.anim_time*90*1.5-60)*1", 0, 0],
					"position": [0, -1, -1]
				},
				"head": {
					"rotation": ["0-math.sin(q.anim_time*90*1-90)*3", 0, 0]
				},
				"face": {
					"rotation": [2.5, 0, "2.+math.sin(q.anim_time*90*1.6-60)*1"],
					"position": [0, 0, 0]
				},
				"drill": {
					"rotation": [-2.5, 0, 0]
				},
				"hands": {
					"position": [0, 7, 0]
				},
				"hand1": {
					"rotation": ["2.5+math.sin(q.anim_time*90*1-60)*1", 0, "5+math.sin(q.anim_time*90*1.6-60)*1"],
					"position": [0, -1, 0]
				},
				"hand_parte1": {
					"rotation": [0, -17.5, -42.5],
					"position": [8, 2, 2]
				},
				"hand_mini1": {
					"rotation": [0, "-17.5+math.sin(q.anim_time*90*1-90)*1", "-7.5+math.sin(q.anim_time*90*1-60)*1"],
					"position": [1, 1, 4]
				},
				"hand2": {
					"rotation": ["2.5+math.sin(q.anim_time*90*1-60)*1", 0, "5+math.sin(q.anim_time*90*1.6-60)*1"],
					"position": [-7, 0, 0]
				},
				"hand_parte2": {
					"rotation": [0, 17.5, 42.5],
					"position": [-1, 2, 2]
				},
				"hand_mini2": {
					"rotation": [0, "17.5+math.sin(q.anim_time*90*1-90)*1", "7.5+math.sin(q.anim_time*90*1-60)*1"],
					"position": [-2, 1, 4]
				},
				"torso_parte": {
					"rotation": [0, 0, 0],
					"position": [0, 0, 0]
				}
			}
		},
		"animation.excadrill.battle_idle": {
			"loop": true,
			"bones": {
				"legmini0": {
					"rotation": [10.80524, 22.13991, 4.11405],
					"position": [0, 0, -2]
				},
				"legpart0": {
					"rotation": [-7.5, 27.5, 0],
					"position": [0, 0, -3]
				},
				"legmini1": {
					"rotation": [23.67354, -21.69365, -6.1191]
				},
				"legpart1": {
					"rotation": [0, -37.5, 0],
					"position": [0, 0, -6]
				},
				"torso": {
					"rotation": ["7.5-math.sin(q.anim_time*90*1-60)*3", "0+math.sin(q.anim_time*90*1-60)*0.1", 0],
					"position": [0, -1, 0]
				},
				"head": {
					"rotation": ["15+math.sin(q.anim_time*90*6-60)*0.1", 0, 0],
					"position": [0, -1, -2]
				},
				"face": {
					"rotation": [-5, 0, 0],
					"position": [0, -1, -1]
				},
				"drill": {
					"rotation": [-2.5, 0, 0]
				},
				"hand1": {
					"rotation": ["-9.0071669587+math.sin(q.anim_time*90*1-60)*0.1", 20.70481, "-24.1486747733+math.sin(q.anim_time*90*2-60)*0.1"],
					"position": [4, 3, -4]
				},
				"hand_parte1": {
					"rotation": [0, 0, 10],
					"position": [-1, 0, 0]
				},
				"hand_mini1": {
					"rotation": [-2.7398, "-35.1093+math.sin(q.anim_time*90*2-60)*0.1", "-18.08-math.sin(q.anim_time*90*5-60)*0.1"],
					"position": [4, 4, 7]
				},
				"nail1": {
					"rotation": [0, 0, -7.5],
					"position": [2, 3, 0]
				},
				"nail2": {
					"rotation": [0, -20, 0],
					"position": [0, 0, 7]
				},
				"nail3": {
					"rotation": [0, 17.5, 0],
					"position": [0, 0, -6]
				},
				"hand2": {
					"rotation": ["-12.5+math.sin(q.anim_time*90*2-40)*0.1", 0, 0],
					"position": [0, 0, -3]
				},
				"hand_parte2": {
					"rotation": [34.73064, "55.6033+math.sin(q.anim_time*90*2-60)*1", 68.18485],
					"position": [-1, 5, 8]
				},
				"hand_mini2": {
					"rotation": [0, 30, "24.5+math.sin(q.anim_time*90*1-90)*0.1"],
					"position": [-5, 5.6, 5]
				},
				"nail_hand2": {
					"rotation": [0, 0, 0]
				},
				"nail4": {
					"rotation": [0, 0, 7.5],
					"position": [-2, 3, 0]
				},
				"nail5": {
					"rotation": [0, 22.5, 0],
					"position": [0, 0, 8]
				},
				"nail6": {
					"rotation": [0, -22.5, 0],
					"position": [0, 0, -8]
				},
				"torso_parte": {
					"rotation": [7.5, 0, 0],
					"position": [0, 0, 2]
				}
			}
		}
	}
}