{
	"format_version": "1.8.0",
	"animations": {
		"animation.cutiefly.ground_idle": {
			"loop": true,
			"bones": {
				"wing_left": {
					"rotation": [0, 0, "17.5+Math.cos((query.anim_time) * 90 * 36) *-24"]
				},
				"wing_right": {
					"rotation": [0, 0, "-17.5+Math.cos((query.anim_time) * 90 * 36) * 24"]
				},
				"forehead_hair": {
					"rotation": ["2.5+Math.cos((query.anim_time) * 90 * 12 - 120) * 3", 0, 0]
				},
				"forehead_hair2": {
					"rotation": [-10, 0, 0]
				},
				"leg_front_left": {
					"rotation": ["-36.9659+Math.cos((query.anim_time) * 90 * 12 - 170) * -2", -24.16276, 9.48945]
				},
				"leg_front_left2": {
					"rotation": [14.60708, 7.05302, 0.43855]
				},
				"leg_front_left3": {
					"rotation": ["17.1071+Math.cos((query.anim_time) * 90 * 12 + 150) * 4", 7.05302, 0.43855]
				},
				"leg_front_left4": {
					"rotation": [3.54002, 3.53329, 0.10922]
				},
				"leg_front_right": {
					"rotation": ["-36.9659+Math.cos((query.anim_time) * 90 * 12 - 170) * -2", 24.16276, -9.48945]
				},
				"leg_front_right2": {
					"rotation": [14.60708, -7.05302, -0.43855]
				},
				"leg_front_right3": {
					"rotation": ["17.1071+Math.cos((query.anim_time) * 90 * 12 + 150) * 4", -7.05302, -0.43855]
				},
				"leg_front_right4": {
					"rotation": [5.31847, -5.29571, -0.24614]
				},
				"leg_back_left": {
					"rotation": ["-25.1298+Math.cos((query.anim_time) * 90 * 12 - 170) * 2", 30.04072, -4.45524]
				},
				"leg_back_left2": {
					"rotation": [18.20761, -18.59565, -5.36871]
				},
				"leg_back_left3": {
					"rotation": [7.10708, -7.05302, -0.43855]
				},
				"leg_back_left4": {
					"rotation": [12.56853, -12.27659, -1.35707]
				},
				"leg_back_right": {
					"rotation": ["-25.1298+Math.cos((query.anim_time) * 90 * 12 - 170) * 2", -30.04072, 4.45524]
				},
				"leg_back_right2": {
					"rotation": [18.20761, 18.59565, 5.36871]
				},
				"leg_back_right3": {
					"rotation": [5.31847, 5.29571, 0.24614]
				},
				"leg_back_right4": {
					"rotation": [7.10708, 7.05302, 0.43855]
				},
				"body": {
					"rotation": ["0+Math.cos((query.anim_time) * 90 * 12 - 90) * -0.5", 0, 0],
					"position": [0, "1+Math.cos((query.anim_time) * 90 * 2) * 0.6 + Math.cos((query.anim_time) * 90 * 12) * 0.1", -1]
				},
				"tail_fluff_left": {
					"rotation": ["0+Math.cos((query.anim_time) * 90 * 12 - 135) * 3", 0, 0]
				},
				"tail_fluff_right": {
					"rotation": ["0+Math.cos((query.anim_time) * 90 * 12 - 135) * 3", 0, 0]
				},
				"tail_fluff_top": {
					"rotation": ["0+Math.cos((query.anim_time) * 90 * 12 - 120) * 3", 0, 0]
				},
				"tail_fluff_bottom": {
					"rotation": ["0+Math.cos((query.anim_time) * 90 * 12 - 150) * 3", 0, 0]
				}
			}
		},
		"animation.cutiefly.ground_walk": {
			"loop": true,
			"bones": {
				"body": {
					"rotation": ["15+Math.cos((query.anim_time) * 90 * 16 - 85) * 0.7", 0, "0+Math.cos((query.anim_time) * 90 * 2) * 5"],
					"position": [
						"Math.cos((query.anim_time) * 90 * 2-60) * 1",
						"0+Math.cos((query.anim_time) * 90 * 16) * 0.2",
						"0+Math.cos((query.anim_time) * 90 * 1) * 1"
					]
				},
				"wing_left": {
					"rotation": [0, 0, "0+Math.cos((query.anim_time) * 90 * 32) * 30"]
				},
				"wing_right": {
					"rotation": [0, 0, "0+Math.cos((query.anim_time) * 90 * 32) * -30"]
				},
				"forehead_hair": {
					"rotation": ["0+Math.cos((query.anim_time) * 90 * 16 - 50) * -2", 0, 0]
				},
				"tail_fluff_left": {
					"rotation": ["0+Math.cos((query.anim_time) * 90 * 16 - 70) * 4", 0, 0]
				},
				"tail_fluff_right": {
					"rotation": ["0+Math.cos((query.anim_time) * 90 * 16 - 70) * 4", 0, 0]
				},
				"tail_fluff_top": {
					"rotation": ["0+Math.cos((query.anim_time) * 90 * 16 - 50) * 4", 0, 0]
				},
				"tail_fluff_bottom": {
					"rotation": ["0+Math.cos((query.anim_time) * 90 * 16 - 90) * 4", 0, 0]
				},
				"leg_front_left": {
					"rotation": ["-25+Math.cos((query.anim_time) * 90 * 16 - 50) * -2", 0, 0]
				},
				"leg_front_left2": {
					"rotation": [15, 0, 0]
				},
				"leg_front_left3": {
					"rotation": ["15+Math.cos((query.anim_time) * 90 * 16 - 80) * -2", 0, 0]
				},
				"leg_front_left4": {
					"rotation": [10, 0, 0]
				},
				"leg_front_right": {
					"rotation": ["-25+Math.cos((query.anim_time) * 90 * 16 - 50) * -2", 0, 0]
				},
				"leg_front_right2": {
					"rotation": [15, 0, 0]
				},
				"leg_front_right3": {
					"rotation": ["15+Math.cos((query.anim_time) * 90 * 16 - 80) * -2", 0, 0]
				},
				"leg_front_right4": {
					"rotation": [10, 0, 0]
				},
				"leg_back_left": {
					"rotation": ["12.5+Math.cos((query.anim_time) * 90 * 16 - 90) * -2", 0, 0]
				},
				"leg_back_left2": {
					"rotation": [10, 0, 0]
				},
				"leg_back_left3": {
					"rotation": ["12.5+Math.cos((query.anim_time) * 90 * 16 - 120) * -2", 0, 0]
				},
				"leg_back_left4": {
					"rotation": [12.5, 0, 0]
				},
				"leg_back_right": {
					"rotation": ["12.5+Math.cos((query.anim_time) * 90 * 16 - 90) * -2", 0, 0]
				},
				"leg_back_right2": {
					"rotation": [10, 0, 0]
				},
				"leg_back_right3": {
					"rotation": ["12.5+Math.cos((query.anim_time) * 90 * 16 - 120) * -2", 0, 0]
				},
				"leg_back_right4": {
					"rotation": [12.5, 0, 0]
				}
			}
		},
		"animation.cutiefly.sleep": {
			"loop": true,
			"bones": {
				"body": {
					"position": [0, -10, 0]
				},
				"head": {
					"rotation": ["0+Math.cos((query.anim_time) * 90 * 1 - 80) * 0.6", 0, 0],
					"position": [0, "0+Math.cos((query.anim_time) * 90 * 1) * 0.2", 0]
				},
				"eyelid_left": {
					"position": [0.1, 0, -0.1]
				},
				"eyelid_right": {
					"position": [-0.1, 0, -0.1]
				},
				"wing_left": {
					"rotation": [-35, 10, "30+Math.cos((query.anim_time) * 90 * 1 + 120) * 3"]
				},
				"wing_right": {
					"rotation": [-35, -10, "-30+Math.cos((query.anim_time) * 90 * 1 + 120) * -3"]
				},
				"needle": {
					"rotation": [17.5, 0, 0]
				},
				"forehead_hair": {
					"rotation": ["-10+Math.cos((query.anim_time) * 90 * 1 - 130) * 2", 0, 0]
				},
				"forehead_hair2": {
					"rotation": [32.5, 0, 0]
				},
				"tail_fluff_bottom": {
					"rotation": ["30+Math.cos((query.anim_time) * 90 * 1) * -1", 0, 0],
					"position": [0, "0+Math.cos((query.anim_time) * 90 * 1) * -0.2", 0]
				},
				"leg_front_left": {
					"rotation": [-111.80868, 31.94715, -6.31274]
				},
				"leg_front_left2": {
					"rotation": [35, 32.5, 0]
				},
				"leg_front_left3": {
					"rotation": [30, 32.5, 0]
				},
				"leg_front_left4": {
					"rotation": [7.5, 27.5, 0]
				},
				"leg_front_right": {
					"rotation": [-111.80868, -31.94715, 6.31274]
				},
				"leg_front_right2": {
					"rotation": [35, -32.5, 0]
				},
				"leg_front_right3": {
					"rotation": [30, -32.5, 0]
				},
				"leg_front_right4": {
					"rotation": [7.5, -27.5, 0]
				},
				"leg_back_left": {
					"rotation": [60, -27.5, 20]
				},
				"leg_back_left2": {
					"rotation": [-27.5, -12.5, 0]
				},
				"leg_back_left3": {
					"rotation": [-20, -10, 0]
				},
				"leg_back_left4": {
					"rotation": [0, -7.5, 0]
				},
				"leg_back_right": {
					"rotation": [60, 27.5, -20]
				},
				"leg_back_right2": {
					"rotation": [-27.5, 12.5, 0]
				},
				"leg_back_right3": {
					"rotation": [-20, 10, 0]
				},
				"leg_back_right4": {
					"rotation": [0, 7.5, 0]
				}
			}
		},
		"animation.cutiefly.faint": {
			"loop": true,
			"animation_length": 3,
			"bones": {
				"body": {
					"rotation": {
						"0.0": [7.25, 0, 0],
						"0.0417": [14.93, 10.24, 0],
						"0.125": [22.08, 31.34, 0],
						"0.25": [14.25293, 54.91269, -0.10623],
						"0.375": [-9.5, 81.92, 0],
						"0.5833": [-24, 158.2, 0],
						"0.875": [-27.5, 265, 0],
						"1.0417": [-5, 300, 0],
						"1.1667": [0, 305, 7.75],
						"1.3333": [0, 305, 26.25],
						"1.4167": [0, 305, 65],
						"1.5": [0, 305, 151.5],
						"1.5833": [-20, 305, 172.5],
						"1.6667": [52.75, 305, 172.5],
						"1.75": [84.25, 305, 172.5],
						"1.875": [109.25, 305, 172.5],
						"1.9583": [121.25, 305, 186.25],
						"2.0": [125, 305, 216.5],
						"2.0833": [131.75, 305, 243.75],
						"2.1667": [135, 305, 261.5],
						"2.25": [134.175, 305, 268.5],
						"2.3333": [125, 362.5, 272.5],
						"2.375": [125, 362.5, 278.6],
						"2.4583": [125, 362.5, 272.5]
					},
					"position": {
						"0.0": [0, 0, 0],
						"0.0833": [-0.52, -1.525, -3.8],
						"0.1667": [-1.04, -2, -7.61],
						"0.2917": [-4, -0.925, -12],
						"0.4167": [-8.79, 0.74, -13.68],
						"0.5833": [-14, 5, -13],
						"0.6667": [-15.8, 6.43, -9.22],
						"0.75": [-16.11, 7.86, -5.43],
						"0.7917": [-15.59, 8.57, -2.95],
						"0.875": [-12, 10, 2],
						"0.9583": [-2.54, 15.29, 3.75],
						"1.0833": [3.98, 19.14, 3.38],
						"1.1667": [6, 20, 2],
						"1.2917": [8, 18.75, 0],
						"1.4167": [9.25, 13.75, -1.25],
						"1.5833": [9.75, -10.5, -1.75],
						"1.6667": [11.75, -2, -6.75],
						"1.75": [12.75, -0.75, -8],
						"1.875": [12.75, -2.25, -9],
						"1.9583": [11.75, -10.5, -9.75],
						"2.0": [11, -9.37, -10.13],
						"2.0417": [10.25, -4.25, -10.5],
						"2.125": [8.75, -3.75, -12.25],
						"2.2083": [8.25, -4.75, -13.3],
						"2.2917": [8.25, -12.25, -13.55],
						"2.375": [8.25, -10.5, -13.55],
						"2.5": [8.25, -10.25, -13.55]
					},
					"scale": {
						"0.875": [1, 1, 1],
						"0.9583": [0.9, 0.9, 1.2],
						"1.0417": [1.075, 1.025, 0.9525],
						"1.0833": [1.0375, 1.0025, 0.9725],
						"1.125": [1, 1, 1],
						"1.375": [1, 1, 1],
						"1.4167": [1, 1, 1],
						"1.4583": [0.9, 0.9, 1.3],
						"1.5": [0.835, 1.35, 0.8],
						"1.5417": [0.76, 1.25, 0.725],
						"1.5833": [1.5, 0.7, 1.4],
						"1.625": [1, 1, 1],
						"1.9167": [1, 1, 1],
						"1.9583": [1.2, 0.7, 1.2],
						"2.0417": [1, 1, 1],
						"2.2917": [1, 1, 1],
						"2.3333": [0.9, 1.1, 1.1],
						"2.4167": [1, 1, 1]
					}
				},
				"eyelid_left": {
					"position": {
						"0.0": [0.1, 0, -0.1],
						"0.0417": [0.1, 0, -0.1],
						"0.0833": [0, 0, 0],
						"0.125": [0.1, 0, -0.1],
						"0.1667": [0.1, 0, -0.1],
						"0.2083": [0, 0, 0],
						"1.2083": [0, 0, 0],
						"1.25": [0.1, 0, -0.1]
					}
				},
				"eyelid_right": {
					"position": {
						"0.0": [-0.1, 0, -0.1],
						"0.0417": [-0.1, 0, -0.1],
						"0.0833": [0, 0, 0],
						"0.125": [-0.1, 0, -0.1],
						"0.1667": [-0.1, 0, -0.1],
						"0.2083": [0, 0, 0],
						"1.2083": [0, 0, 0],
						"1.25": [-0.1, 0, -0.1]
					}
				},
				"wing_left": {
					"rotation": {
						"0.0": [0, 0, 0],
						"0.125": [0, 0, "0+Math.cos((query.anim_time) * 90 * 36) * 20"],
						"1.0417": [0, 0, "0+Math.cos((query.anim_time) * 90 * 36) * 20"],
						"1.2083": [0, 0, 0],
						"1.4167": [-35, 0, -42.5],
						"1.5": [-35, 0, -27.5],
						"1.5833": [0, -50, 45],
						"1.75": [-27.5, -10, 25],
						"1.9167": [5, -10, 7.5],
						"2.0": [5, -25, 57.5],
						"2.2917": [5, -25, 26],
						"2.4167": [-12.5, -2.5, -29.25],
						"2.5": [-12.5, -2.5, -49.5],
						"2.625": [-12.5, -2.5, -57.75]
					}
				},
				"wing_right": {
					"rotation": {
						"0.0": [0, 0, 0],
						"0.125": [0, 0, "0+Math.cos((query.anim_time) * 90 * 36) * -20"],
						"1.0417": [0, 0, "0+Math.cos((query.anim_time) * 90 * 36) * -20"],
						"1.2083": [0, 0, 0],
						"1.4583": [-32.5, 0, -10],
						"1.5833": [-2.5, 50, -22.5],
						"1.7917": [-12.5, 50, -22.5],
						"1.9583": [35, 12.5, -22.5],
						"2.0417": [12.5, 5, -52.5],
						"2.1667": [12.5, 5, -22.5],
						"2.2917": [12.5, -10, 15],
						"2.3333": [12.5, -6.67, 36.33],
						"2.4167": [12.5, 0, 34],
						"2.5417": [12.5, 0, 37.5]
					}
				},
				"leg_front_left": {
					"rotation": {
						"0.0": [-25, 0, 0],
						"1.0417": [-25, 0, 0],
						"1.2083": [-52.5, 0, 0],
						"1.3333": [-47.5, 0, 0],
						"1.4583": [-12.5, 0, 0],
						"1.5833": [-90, 0, 0],
						"1.75": [-67.5, -60.5, 0],
						"1.875": [-67.5, -77.5, -35],
						"2.0": [-72.5, -50, -12.5],
						"2.2083": [-80, -50, -12.5],
						"2.3333": [-57.5, -50, -12.5]
					}
				},
				"leg_front_left2": {
					"rotation": {
						"0.0": [20, 0, 0],
						"1.0417": [20, 0, 0],
						"1.4583": [30, 0, 0],
						"1.5833": [30, 27.5, 0],
						"1.7917": [40, 27.5, 0],
						"2.0": [22.5, 27.5, 0],
						"2.2083": [5, 27.5, 0],
						"2.3333": [52.5, 27.5, 0],
						"2.5417": [47.5, 27.5, 0]
					}
				},
				"leg_front_left3": {
					"rotation": {
						"0.0": [20, 0, 0],
						"1.0417": [20, 0, 0],
						"1.2083": [12.5, 0, 0],
						"1.4583": [20, 0, 0],
						"1.5833": [-22.5, 0, 0],
						"1.8333": [17.5, 0, 0],
						"2.0": [15, 0, 0],
						"2.2083": [-10, 0, 0],
						"2.3333": [25, 0, 0],
						"2.5417": [20, 0, 0]
					}
				},
				"leg_front_left4": {
					"rotation": {
						"0.0": [15, 0, 0],
						"1.0417": [15, 0, 0],
						"1.4583": [27.5, 0, 0],
						"1.5833": [2.5, 0, 0],
						"1.875": [30, 0, 0],
						"2.0": [0, 0, 0],
						"2.2083": [-17.5, 0, 0],
						"2.4167": [20, 0, 0],
						"2.5833": [17.5, 0, 0]
					}
				},
				"leg_front_right": {
					"rotation": {
						"0.0": [-25, 0, 0],
						"1.0417": [-25, 0, 0],
						"1.2083": [-52.5, 0, 0],
						"1.3333": [-45.67, 0, 0],
						"1.4583": [-12.5, 0, 0],
						"1.5833": [-90, 0, -35],
						"1.7917": [-67.5, 70, 0],
						"1.875": [-67.5, 77.5, 35],
						"2.0": [-120, 50, 12.5],
						"2.2083": [-110, 25, 0],
						"2.3333": [-30, 50, 12.5]
					}
				},
				"leg_front_right2": {
					"rotation": {
						"0.0": [20, 0, 0],
						"1.0417": [20, 0, 0],
						"1.4583": [30, 0, 0],
						"1.5833": [30, 5, 0],
						"1.7917": [15, -2.5, 0],
						"2.0": [-20, 0, 0],
						"2.2083": [5, -27.5, 0],
						"2.3333": [7.5, -27.5, 0],
						"2.5417": [7.5, -27.5, 0]
					}
				},
				"leg_front_right3": {
					"rotation": {
						"0.0": [20, 0, 0],
						"1.0417": [20, 0, 0],
						"1.2083": [12.5, 0, 0],
						"1.4583": [20, 0, 0],
						"1.5833": [-22.5, 0, 0],
						"1.8333": [17.5, 0, 0],
						"2.0": [15, 0, 0],
						"2.2083": [-10, 0, 0],
						"2.3333": [5, 0, 0],
						"2.5417": [5, 0, 0]
					}
				},
				"leg_front_right4": {
					"rotation": {
						"0.0": [15, 0, 0],
						"1.0417": [15, 0, 0],
						"1.4583": [27.5, 0, 0],
						"1.5833": [2.5, 0, 0],
						"1.875": [30, 0, 0],
						"2.0": [0, 0, 0],
						"2.2083": [-17.5, 0, 0],
						"2.4167": [20, 0, 0],
						"2.5833": [17.5, 0, 0]
					}
				},
				"leg_back_left": {
					"rotation": {
						"0.0": [2.5, 0, 0],
						"1.375": [2.5, 0, 0],
						"1.5": [12.5, 0, 0],
						"1.625": [30, 0, 0],
						"1.75": [30, 25, 0],
						"1.9167": [30, 45, 0],
						"2.0833": [-22.5, 45, 0],
						"2.25": [7.5, 45, 0],
						"2.2917": [-22.5, 45, 0],
						"2.4167": [-15, 25.5, 0]
					}
				},
				"leg_back_left2": {
					"rotation": {
						"0.0": [17.5, 0, 0],
						"1.375": [17.5, 0, 0],
						"1.5": [10, 0, 0],
						"1.625": [32.5, 0, 0],
						"1.7917": [42.5, 0, 0],
						"2.25": [50.83, 0, 25.67],
						"2.4167": [-7.5, 0, 35]
					}
				},
				"leg_back_left3": {
					"rotation": {
						"0.0": [15, 0, 0],
						"1.375": [15, 0, 0],
						"1.5": [0, 0, 0],
						"1.6667": [40, 0, 0],
						"1.8333": [52.5, 0, 0],
						"2.1667": [-7.5, 0, 0],
						"2.4167": [-35, 0, 0]
					}
				},
				"leg_back_left4": {
					"rotation": {
						"0.0": [17.5, 0, 0],
						"1.375": [17.5, 0, 0],
						"1.5": [-2.5, 0, 0],
						"1.6667": [27.5, 0, 0],
						"1.8333": [37.5, 0, 0],
						"2.2083": [-27.32, 0, 0],
						"2.4167": [-40, 0, 0]
					}
				},
				"leg_back_right": {
					"rotation": {
						"0.0": [2.5, 0, 0],
						"1.375": [2.5, 0, 0],
						"1.5": [12.5, 0, 0],
						"1.625": [30, 0, 0],
						"1.75": [30, -25, 0],
						"1.9167": [30, -45, 0],
						"2.0833": [-22.5, -45, 0],
						"2.2917": [-22.5, -45, 0],
						"2.4167": [-15, -25.5, 0]
					}
				},
				"leg_back_right2": {
					"rotation": {
						"0.0": [17.5, 0, 0],
						"1.375": [17.5, 0, 0],
						"1.5": [10, 0, 0],
						"1.625": [32.5, 0, 0],
						"1.7917": [42.5, 0, 0],
						"2.4167": [-7.5, 0, -35]
					}
				},
				"leg_back_right3": {
					"rotation": {
						"0.0": [15, 0, 0],
						"1.375": [15, 0, 0],
						"1.5": [0, 0, 0],
						"1.6667": [40, 0, 0],
						"1.8333": [52.5, 0, 0],
						"2.1667": [27.5, 0, 0],
						"2.4167": [0, 0, 0]
					}
				},
				"leg_back_right4": {
					"rotation": {
						"0.0": [17.5, 0, 0],
						"1.375": [17.5, 0, 0],
						"1.5": [-2.5, 0, 0],
						"1.6667": [27.5, 0, 0],
						"1.8333": [37.5, 0, 0],
						"2.4167": [5, 0, 0]
					}
				}
			}
		},
		"animation.cutiefly.blink": {
			"animation_length": 0.1667,
			"bones": {
				"eyelid_left": {
					"position": {
						"0.0": [0.1, 0, -0.1],
						"0.125": [0.1, 0, -0.1],
						"0.1667": [0, 0, 0]
					}
				},
				"eyelid_right": {
					"position": {
						"0.0": [-0.1, 0, -0.1],
						"0.125": [-0.1, 0, -0.1],
						"0.1667": [0, 0, 0]
					}
				}
			}
		},
		"animation.cutiefly.cry": {
			"animation_length": 1.25,
			"bones": {
				"body": {
					"rotation": {
						"0.0": [0, 0, 0],
						"0.125": [15, 0, 0],
						"0.2917": [-15, 0, 0],
						"0.4167": [-17.5, 0, 0],
						"1.0417": [-17.5, 0, 0],
						"1.125": [-3, 0, 0],
						"1.25": [0, 0, 0]
					},
					"position": {
						"0.0": [0, 0, 0],
						"0.125": [0, -2.25, 0],
						"0.25": [0, 2.25, 0],
						"0.375": ["0+Math.cos((query.anim_time) * 90 * 45) * 0.2", 3, 0],
						"1.0": [0, 3, 0],
						"1.125": [0, 0.455, 0],
						"1.25": [0, 0, 0]
					}
				}
			}
		}
	}
}