{
	"format_version": "1.8.0",
	"animations": {
		"animation.drilbur.sleep": {
			"loop": true,
			"animation_length": 1,
			"bones": {
				"drilbur": {
					"position": [0, -1, 0]
				},
				"torso": {
					"rotation": [-2.5, 0, 0],
					"position": [0, -1, 0]
				},
				"legs": {
					"rotation": [-37.5, 0, 0],
					"position": [0, 2, -4]
				},
				"head": {
					"rotation": [12.5, 0, 0],
					"position": [0, 0, 3]
				},
				"eyes": {
					"position": [1, 0, 0],
					"scale": 1
				},
				"eyes2": {
					"position": [-2, 0, -3]
				},
				"hands": {
					"rotation": [5, 0, 0],
					"position": [0, 0, 0]
				},
				"hand0": {
					"rotation": [6.0429, 24.43315, 10.80023],
					"position": [-1, 0, 0]
				},
				"hand1": {
					"rotation": [3.49226, -34.84748, -6.0963],
					"position": [0, 0, 2]
				},
				"leg0": {
					"position": [2, 0, 2]
				},
				"leg1": {
					"position": [-2, 0, 2]
				},
				"face": {
					"position": [0, -1, -3],
					"scale": [1, 1.1, 1]
				},
				"nose": {
					"rotation": [7.5, 0, 0],
					"position": [0, 1, 2]
				},
				"hand_parte0": {
					"rotation": [3.61644, 19.6835, 10.62758],
					"position": [-2, 2, 4]
				},
				"hand_parte1": {
					"rotation": [3.61644, -19.6835, -10.62758],
					"position": [2, 1, 3]
				}
			}
		},
		"animation.drilbur.blink": {
			"animation_length": 0.25,
			"bones": {
				"eyes": {
					"position": {
						"0.0": [0, 0, 0],
						"0.25": [1, 0, 0]
					}
				},
				"eyes2": {
					"position": {
						"0.0": [0, 0, 0],
						"0.25": [-2, 0, 0]
					}
				}
			}
		},
		"animation.drilbur.ground_idle": {
			"loop": true,
			"animation_length": 3,
			"loop_delay": "true",
			"bones": {
				"torso": {
					"rotation": {
						"0.0": {
							"post": [5, 0, 0],
							"lerp_mode": "catmullrom"
						},
						"1.5": {
							"post": [-2.5, 0, 0],
							"lerp_mode": "catmullrom"
						},
						"3.0": {
							"post": [5, 0, 0],
							"lerp_mode": "catmullrom"
						}
					},
					"position": {
						"0.0": [0, 0, 1],
						"3.0": [0, 0, 1]
					}
				},
				"head": {
					"rotation": {
						"0.0": [12.5, 0, 0],
						"1.5": [2.5, 0, 0],
						"3.0": [12.5, 0, 0]
					}
				},
				"hand0": {
					"rotation": {
						"0.0": [4.59279, 29.64999, 11.38744],
						"1.5": [4.23835, 19.67947, 10.54132],
						"3.0": [4.59279, 29.64999, 11.38744]
					},
					"position": {
						"0.0": [-1, 0, -1],
						"3.0": [-1, 0, -1]
					}
				},
				"hand1": {
					"rotation": {
						"0.0": [-4.87428, -29.63061, 8.70426],
						"1.5": [-4.49845, -19.66382, 7.80648],
						"3.0": [-4.87428, -29.63061, 8.70426]
					},
					"position": {
						"0.0": [-1, -1, -0.1],
						"3.0": [-1, -1, -0.1]
					}
				},
				"hands": {
					"position": {
						"0.0": [0, 0, 1],
						"3.0": [0, 0, 1]
					}
				},
				"hand_parte0": {
					"rotation": {
						"0.0": {
							"post": [0, 10, 12.5],
							"lerp_mode": "catmullrom"
						},
						"1.5": {
							"post": [0, 0, 7.5],
							"lerp_mode": "catmullrom"
						},
						"3.0": {
							"post": [0, 10, 12.5],
							"lerp_mode": "catmullrom"
						}
					},
					"position": {
						"0.0": {
							"post": [-2, 2, 2],
							"lerp_mode": "catmullrom"
						},
						"1.5": {
							"post": [-2, 1, 0],
							"lerp_mode": "catmullrom"
						},
						"3.0": {
							"post": [-2, 2, 2],
							"lerp_mode": "catmullrom"
						}
					}
				},
				"hand_parte1": {
					"rotation": {
						"0.0": {
							"post": [0, -10, -20],
							"lerp_mode": "catmullrom"
						},
						"1.5": {
							"post": [0, 0, -7.5],
							"lerp_mode": "catmullrom"
						},
						"3.0": {
							"post": [0, -10, -20],
							"lerp_mode": "catmullrom"
						}
					},
					"position": {
						"0.0": {
							"post": [3, 2, 1],
							"lerp_mode": "catmullrom"
						},
						"1.5": {
							"post": [2, 0.5, 0],
							"lerp_mode": "catmullrom"
						},
						"3.0": {
							"post": [3, 2, 1],
							"lerp_mode": "catmullrom"
						}
					}
				}
			}
		},
		"animation.drilbur.battle_idle": {
			"loop": true,
			"animation_length": 2.8333,
			"bones": {
				"head": {
					"rotation": {
						"0.0": {
							"post": [-10, 0, 0],
							"lerp_mode": "catmullrom"
						},
						"0.5833": {
							"post": [5, 0, 0],
							"lerp_mode": "catmullrom"
						},
						"1.2917": {
							"post": [-10, 0, 0],
							"lerp_mode": "catmullrom"
						},
						"1.9583": {
							"post": [5, 0, 0],
							"lerp_mode": "catmullrom"
						},
						"2.8333": [-10, 0, 0]
					},
					"position": {
						"0.0": {
							"post": [0, 0, 0],
							"lerp_mode": "catmullrom"
						},
						"1.2917": {
							"post": [0, 0, 0],
							"lerp_mode": "catmullrom"
						},
						"2.8333": [0, 0, 0]
					}
				},
				"hand0": {
					"rotation": {
						"0.0": {
							"post": [2.05852, 19.86556, 7.94699],
							"lerp_mode": "catmullrom"
						},
						"0.5833": {
							"post": [2.00537, -15.11377, 6.72414],
							"lerp_mode": "catmullrom"
						},
						"1.2917": {
							"post": [2.05852, 19.86556, 7.94699],
							"lerp_mode": "catmullrom"
						},
						"1.9583": {
							"post": [2.00537, -15.11377, 6.72414],
							"lerp_mode": "catmullrom"
						},
						"2.8333": [2.05852, 19.86556, 7.94699]
					},
					"position": {
						"0.0": {
							"post": [-1, 0.4, 0],
							"lerp_mode": "catmullrom"
						},
						"0.5833": {
							"post": [-1, 0.4, 1],
							"lerp_mode": "catmullrom"
						},
						"1.2917": {
							"post": [-1, 0.4, 0],
							"lerp_mode": "catmullrom"
						},
						"1.9583": {
							"post": [-1, 0.4, 1],
							"lerp_mode": "catmullrom"
						},
						"2.8333": [-1, 0.4, 0]
					}
				},
				"hand1": {
					"rotation": {
						"0.0": {
							"post": [2.05852, -19.86556, -7.94699],
							"lerp_mode": "catmullrom"
						},
						"0.5833": {
							"post": [2.43571, -37.35241, -8.72555],
							"lerp_mode": "catmullrom"
						},
						"1.2917": {
							"post": [2.05852, -19.86556, -7.94699],
							"lerp_mode": "catmullrom"
						},
						"1.9583": {
							"post": [2.43571, -37.35241, -8.72555],
							"lerp_mode": "catmullrom"
						},
						"2.8333": [2.05852, -19.86556, -7.94699]
					},
					"position": {
						"0.0": {
							"post": [1, 1, 2],
							"lerp_mode": "catmullrom"
						},
						"1.2917": {
							"post": [1, 1, 2],
							"lerp_mode": "catmullrom"
						},
						"2.8333": [1, 1, 2]
					}
				},
				"leg0": {
					"position": {
						"0.0": {
							"post": [0, 0, 0],
							"lerp_mode": "catmullrom"
						},
						"1.2917": {
							"post": [0, 0, 0],
							"lerp_mode": "catmullrom"
						},
						"2.8333": [0, 0, 0]
					}
				},
				"legs": {
					"position": {
						"0.0": [0, 0, -1],
						"1.2917": [0, 0, -1],
						"2.8333": [0, 0, -1]
					}
				},
				"torso": {
					"rotation": {
						"0.0": {
							"post": [5, 0, 0],
							"lerp_mode": "catmullrom"
						},
						"0.5833": {
							"post": [5.07673, -9.96156, -0.88045],
							"lerp_mode": "catmullrom"
						},
						"1.2917": {
							"post": [5, 0, 0],
							"lerp_mode": "catmullrom"
						},
						"1.9583": {
							"post": [5.07673, -9.96156, -0.88045],
							"lerp_mode": "catmullrom"
						},
						"2.8333": [5, 0, 0]
					},
					"position": {
						"0.0": {
							"post": [0, 0, 0],
							"lerp_mode": "catmullrom"
						},
						"1.2917": {
							"post": [0, 0, 0],
							"lerp_mode": "catmullrom"
						},
						"2.8333": [0, 0, 0]
					}
				},
				"hand_parte0": {
					"rotation": {
						"0.0": {
							"post": [1.3378, 14.94159, 5.17544],
							"lerp_mode": "catmullrom"
						},
						"1.2917": {
							"post": [1.3378, 14.94159, 5.17544],
							"lerp_mode": "catmullrom"
						},
						"2.8333": [1.3378, 14.94159, 5.17544]
					},
					"position": {
						"0.0": {
							"post": [-1, 0, 3],
							"lerp_mode": "catmullrom"
						},
						"1.2917": {
							"post": [-1, 0, 3],
							"lerp_mode": "catmullrom"
						},
						"2.8333": [-1, 0, 3]
					}
				},
				"hand_parte1": {
					"rotation": {
						"0.0": {
							"post": [1.3378, -14.94159, -5.17544],
							"lerp_mode": "catmullrom"
						},
						"1.2917": {
							"post": [1.3378, -14.94159, -5.17544],
							"lerp_mode": "catmullrom"
						},
						"2.8333": [1.3378, -14.94159, -5.17544]
					},
					"position": {
						"0.0": {
							"post": [1, 0, 2],
							"lerp_mode": "catmullrom"
						},
						"1.2917": {
							"post": [1, 0, 2],
							"lerp_mode": "catmullrom"
						},
						"2.8333": [1, 0, 2]
					}
				}
			}
		},
		"animation.drilbur.pose": {
			"loop": true,
			"animation_length": 2.8333,
			"bones": {
				"head": {
					"rotation": [-10, 0, 0],
					"position": [0, 0, 0]
				},
				"hand0": {
					"rotation": [2.05852, 19.86556, 7.94699],
					"position": [-1, 0.4, 0]
				},
				"hand1": {
					"rotation": [2.05852, -19.86556, -7.94699],
					"position": [1, 1, 2]
				},
				"leg0": {
					"position": [0, 0, 0]
				},
				"legs": {
					"position": {
						"0.0": [0, 0, -1],
						"1.2917": [0, 0, -1],
						"2.8333": [0, 0, -1]
					}
				},
				"torso": {
					"rotation": [5, 0, 0],
					"position": [0, 0, 0]
				},
				"hand_parte0": {
					"rotation": {
						"0.0": [1.3378, 14.94159, 5.17544],
						"1.2917": [1.3378, 14.94159, 5.17544],
						"2.8333": [1.3378, 14.94159, 5.17544]
					},
					"position": {
						"0.0": [-1, 0, 3],
						"1.2917": [-1, 0, 3],
						"2.8333": [-1, 0, 3]
					}
				},
				"hand_parte1": {
					"rotation": {
						"0.0": [1.3378, -14.94159, -5.17544],
						"1.2917": [1.3378, -14.94159, -5.17544],
						"2.8333": [1.3378, -14.94159, -5.17544]
					},
					"position": {
						"0.0": [1, 0, 2],
						"1.2917": [1, 0, 2],
						"2.8333": [1, 0, 2]
					}
				}
			}
		},
		"animation.drilbur.cry": {
			"animation_length": 1.3,
			"bones": {
				"head": {
					"rotation": {
						"0.0": [0, 0, 0],
						"0.5": [-12.5, 0, 0],
						"1.3": [0, 0, 0]
					}
				},
				"smile": {
					"position": {
						"0.0": [0, 0, 0],
						"0.5": [0, 0, -2],
						"1.3": [0, 0, 0]
					}
				}
			},
			"sound_effects": {
				"0.5": {
					"effect": "pokemon.drilbur.cry"
				}
			}
		},
		"animation.drilbur.ground_walk": {
			"loop": true,
			"animation_length": 2.5,
			"bones": {
				"torso": {
					"rotation": {
						"0.0": [7.5, "0+math.cos((q.anim_time)*90*2*2)*5", 0],
						"0.5833": [17.5, "math.cos((q.anim_time)*90*2*2)*5", 0],
						"1.2083": [5, "math.cos((q.anim_time)*90*2*2)*5", 0],
						"1.7917": [20, "math.cos((q.anim_time)*90*2*2)*5", 0],
						"2.5": [7.5, "0+math.cos((q.anim_time)*90*2*2)*5", 0]
					}
				},
				"head": {
					"rotation": {
						"0.0": [-15, "0+math.sin((q.anim_time)*90*2*1-90)*4", "0+math.sin(q.anim_time*100*1-100)*5"],
						"2.5": [-15, "0+math.sin((q.anim_time)*90*2*1-90)*4", "0+math.sin(q.anim_time*100*1-100)*5"]
					}
				},
				"hand0": {
					"rotation": {
						"0.0": {
							"post": [0, 32.5, 0],
							"lerp_mode": "catmullrom"
						},
						"0.5833": {
							"post": [0, -20, 0],
							"lerp_mode": "catmullrom"
						},
						"1.2083": {
							"post": [0, 32.5, 0],
							"lerp_mode": "catmullrom"
						},
						"1.7917": {
							"post": [0, -20, 0],
							"lerp_mode": "catmullrom"
						},
						"2.5": {
							"post": [0, 32.5, 0],
							"lerp_mode": "catmullrom"
						}
					},
					"position": {
						"0.0": {
							"post": [0, 0, -1],
							"lerp_mode": "catmullrom"
						},
						"0.5833": {
							"post": [-1, 0, 0],
							"lerp_mode": "catmullrom"
						},
						"1.2083": {
							"post": [0, 0, -1],
							"lerp_mode": "catmullrom"
						},
						"1.7917": {
							"post": [-1, 0, 0],
							"lerp_mode": "catmullrom"
						},
						"2.5": {
							"post": [0, 0, -1],
							"lerp_mode": "catmullrom"
						}
					}
				},
				"hand1": {
					"rotation": {
						"0.0": {
							"post": [0, 20, 0],
							"lerp_mode": "catmullrom"
						},
						"0.5833": {
							"post": [0, -32.5, 0],
							"lerp_mode": "catmullrom"
						},
						"1.2083": {
							"post": [0, 20, 0],
							"lerp_mode": "catmullrom"
						},
						"1.7917": {
							"post": [0, -32.5, 0],
							"lerp_mode": "catmullrom"
						},
						"2.5": {
							"post": [0, 20, 0],
							"lerp_mode": "catmullrom"
						}
					},
					"position": {
						"0.0": {
							"post": [1, 0, -1],
							"lerp_mode": "catmullrom"
						},
						"0.5833": {
							"post": [0, 0, 1],
							"lerp_mode": "catmullrom"
						},
						"1.2083": {
							"post": [1, 0, -1],
							"lerp_mode": "catmullrom"
						},
						"1.7917": {
							"post": [0, 0, 1],
							"lerp_mode": "catmullrom"
						},
						"2.5": {
							"post": [1, 0, -1],
							"lerp_mode": "catmullrom"
						}
					}
				},
				"leg0": {
					"rotation": {
						"0.0": {
							"post": [18.29388, 16.66577, 5.41615],
							"lerp_mode": "catmullrom"
						},
						"0.5833": {
							"post": [-10, 0, 0],
							"lerp_mode": "catmullrom"
						},
						"1.2083": {
							"post": [18.29388, 16.66577, 5.41615],
							"lerp_mode": "catmullrom"
						},
						"1.7917": {
							"post": [-10, 0, 0],
							"lerp_mode": "catmullrom"
						},
						"2.5": {
							"post": [18.29388, 16.66577, 5.41615],
							"lerp_mode": "catmullrom"
						}
					},
					"position": {
						"0.0": {
							"post": [0, 0, -1],
							"lerp_mode": "catmullrom"
						},
						"0.5833": {
							"post": [0, 0, 1],
							"lerp_mode": "catmullrom"
						},
						"1.2083": {
							"post": [0, 0, -1],
							"lerp_mode": "catmullrom"
						},
						"1.7917": {
							"post": [0, 0, 1],
							"lerp_mode": "catmullrom"
						},
						"2.5": {
							"post": [0, 0, -1],
							"lerp_mode": "catmullrom"
						}
					}
				},
				"leg1": {
					"rotation": {
						"0.0": {
							"post": [-10, 0, 0],
							"lerp_mode": "catmullrom"
						},
						"0.5833": {
							"post": [18.29388, 16.66577, 5.41615],
							"lerp_mode": "catmullrom"
						},
						"1.2083": {
							"post": [-10, 0, 0],
							"lerp_mode": "catmullrom"
						},
						"1.7917": {
							"post": [18.29388, 16.66577, 5.41615],
							"lerp_mode": "catmullrom"
						},
						"2.5": {
							"post": [-10, 0, 0],
							"lerp_mode": "catmullrom"
						}
					},
					"position": {
						"0.0": {
							"post": [0, 0, 1],
							"lerp_mode": "catmullrom"
						},
						"0.5833": {
							"post": [0, 0, -1],
							"lerp_mode": "catmullrom"
						},
						"1.2083": {
							"post": [0, 0, 1],
							"lerp_mode": "catmullrom"
						},
						"1.7917": {
							"post": [0, 0, -2],
							"lerp_mode": "catmullrom"
						},
						"2.5": {
							"post": [0, 0, 1],
							"lerp_mode": "catmullrom"
						}
					}
				},
				"nose": {
					"rotation": {
						"0.0": [7.5, 0, 0],
						"0.5833": [0, 0, 0],
						"1.2083": [7.5, 0, 0],
						"1.7917": [0, 0, 0],
						"2.5": [7.5, 0, 0]
					},
					"position": {
						"0.0": [0, 1, 2],
						"0.5833": [0, 0, 0],
						"1.2083": [0, 1, 2],
						"1.7917": [0, 0, 0],
						"2.5": [0, 1, 2]
					}
				},
				"hand_parte0": {
					"rotation": {
						"0.0": {
							"post": [0.6574, 7.4713, 5.04292],
							"lerp_mode": "catmullrom"
						},
						"0.5833": {
							"post": [-0.88045, -9.96156, 5.07673],
							"lerp_mode": "catmullrom"
						},
						"1.2083": {
							"post": [0.6574, 7.4713, 5.04292],
							"lerp_mode": "catmullrom"
						},
						"1.7917": {
							"post": [-0.88045, -9.96156, 5.07673],
							"lerp_mode": "catmullrom"
						},
						"2.5": {
							"post": [0.6574, 7.4713, 5.04292],
							"lerp_mode": "catmullrom"
						}
					},
					"position": {
						"0.0": {
							"post": [-1, 1, 1],
							"lerp_mode": "catmullrom"
						},
						"0.5833": {
							"post": [-1, 1, -1],
							"lerp_mode": "catmullrom"
						},
						"1.2083": {
							"post": [-1, 1, 1],
							"lerp_mode": "catmullrom"
						},
						"1.7917": {
							"post": [-1, 1, -1],
							"lerp_mode": "catmullrom"
						},
						"2.5": {
							"post": [-1, 1, 1],
							"lerp_mode": "catmullrom"
						}
					}
				},
				"hand_parte1": {
					"rotation": {
						"0.0": {
							"post": [-0.88045, 9.96156, -5.07673],
							"lerp_mode": "catmullrom"
						},
						"0.5833": {
							"post": [-0.6574, -7.4713, 5.04292],
							"lerp_mode": "catmullrom"
						},
						"1.2083": {
							"post": [-0.88045, 9.96156, -5.07673],
							"lerp_mode": "catmullrom"
						},
						"1.7917": {
							"post": [-0.6574, -7.4713, 5.04292],
							"lerp_mode": "catmullrom"
						},
						"2.5": {
							"post": [-0.88045, 9.96156, -5.07673],
							"lerp_mode": "catmullrom"
						}
					},
					"position": {
						"0.0": {
							"post": [1, 0, -1],
							"lerp_mode": "catmullrom"
						},
						"0.5833": {
							"post": [-1, 0, 1],
							"lerp_mode": "catmullrom"
						},
						"1.2083": {
							"post": [1, 0, -1],
							"lerp_mode": "catmullrom"
						},
						"1.7917": {
							"post": [-1, 0, 1],
							"lerp_mode": "catmullrom"
						},
						"2.5": {
							"post": [1, 0, -1],
							"lerp_mode": "catmullrom"
						}
					}
				}
			}
		},
		"animation.drilbur.pose2": {
			"loop": true,
			"animation_length": 1.25,
			"bones": {
				"head": {
					"rotation": [-22.5, 0, 0],
					"position": [0, 0, 1]
				},
				"smile": {
					"position": [0, 0, -1]
				},
				"torso": {
					"rotation": [10, 0, 0]
				},
				"hand0": {
					"rotation": [0, -15, 0],
					"position": [-1, 0, 0]
				},
				"hand1": {
					"rotation": [0, 15, 0],
					"position": [1, 0, -1]
				},
				"hands": {
					"position": [0, 0, 1]
				},
				"leg0": {
					"position": [0, 0, -1]
				},
				"leg1": {
					"position": [0, 0, -1]
				}
			},
			"sound_effects": {
				"0.0": {
					"effect": "pokemon.drilbur.cry"
				}
			}
		},
		"animation.drilbur.smile_quirk": {
			"animation_length": 1.5
		},
		"animation.drilbur.tongue_quirk": {
			"animation_length": 2
		},
		"animation.drilbur.physical": {
			"animation_length": 1.25,
			"bones": {
				"torso": {
					"rotation": {
						"0.0": [0, 0, 0],
						"0.0417": [0, -0.3436, 0],
						"0.0833": [0, -1.00763, 0],
						"0.125": [0, -1.34591, 0],
						"0.1667": [0, -2.23969, 0],
						"0.2083": [0, -3.48257, 0],
						"0.25": [0, -4.84469, 0],
						"0.2917": [0, -6.08776, 0],
						"0.3333": [0, -6.98189, 0],
						"0.375": [0, -7.3207, 0],
						"0.4167": [0, -8.24804, 0],
						"0.4583": [0, -8.99177, 0],
						"0.5": [0, -9.65595, 0],
						"0.5417": [0, -10, 0],
						"0.5833": [0, -9.71754, 0],
						"0.625": [0, -9.43593, 0],
						"0.6667": [0, -8.87459, 0],
						"0.9583": [0, -3.50933, 0],
						"1.0": [0, -2.82506, 0],
						"1.0417": [0, -2.26372, 0],
						"1.0833": [0, -1.98211, 0],
						"1.125": [0, -1.80692, 0],
						"1.1667": [0, -0.4573, 0],
						"1.2083": [0, -0.28211, 0],
						"1.25": [0, 0, 0]
					}
				},
				"head": {
					"rotation": {
						"0.0": [0, 0, 0],
						"0.0417": [0.2599, -0.25549, -0.03383],
						"0.0833": [0.76217, -0.74922, -0.0992],
						"0.125": [1.02683, -1.00938, -0.13365],
						"0.1667": [1.6684, -1.64005, -0.21715],
						"0.3333": [5.2895, -5.19964, -0.68845],
						"0.375": [5.93152, -5.83076, -0.77201],
						"0.4167": [6.19695, -6.09168, -0.80656],
						"0.4583": [6.80135, -6.6858, -0.88522],
						"0.5": [7.30373, -7.17965, -0.95061],
						"0.5417": [7.56397, -7.43547, -0.98448],
						"0.5833": [7.35032, -7.22545, -0.95667],
						"0.625": [7.13731, -7.01606, -0.92895],
						"0.9583": [2.65445, -2.60935, -0.34548],
						"1.0417": [1.71227, -1.68318, -0.22285],
						"1.0833": [1.49926, -1.47379, -0.19513],
						"1.125": [1.36675, -1.34353, -0.17788],
						"1.1667": [0.3459, -0.34002, -0.04502],
						"1.2083": [0.21339, -0.20976, -0.02777],
						"1.25": [0, 0, 0]
					}
				},
				"hand0": {
					"rotation": {
						"0.0": [0, 0, 0],
						"0.0417": [0, -0.94491, 0],
						"0.0833": [0, -2.77099, 0],
						"0.125": [0, -4.96815, 0],
						"0.1667": [0, -7.3661, 0],
						"0.2083": [0, -8.24006, 0],
						"0.25": [0, -11.38939, 0],
						"0.2917": [0, -16.11212, 0],
						"0.3333": [0, -19.25946, 0],
						"0.375": [0, -20.13193, 0],
						"0.4167": [0, -22.52999, 0],
						"0.4583": [0, -24.72737, 0],
						"0.5": [0, -26.55385, 0],
						"0.5417": [0, -27.5, 0],
						"0.5833": [0, -26.72323, 0],
						"0.625": [0, -25.35168, 0],
						"0.6667": [0, -23.75947, 0],
						"0.7083": [0, -23.04388, 0],
						"0.75": [0, -21.3089, 0],
						"0.7917": [0, -18.9937, 0],
						"0.875": [0, -13.83178, 0],
						"0.9167": [0, -11.51692, 0],
						"0.9583": [0, -9.78255, 0],
						"1.0": [0, -9.06801, 0],
						"1.0417": [0, -8.51887, 0],
						"1.0833": [0, -4.28834, 0],
						"1.125": [0, -3.7392, 0],
						"1.1667": [0, -2.14711, 0],
						"1.2083": [0, -0.77581, 0],
						"1.25": [0, 0, 0]
					},
					"position": {
						"0.0": [0, 0, 0],
						"0.0417": [-0.03436, 0, 0],
						"0.0833": [-0.10076, 0, 0],
						"0.125": [-0.13459, 0, 0],
						"0.1667": [-0.22397, 0, 0],
						"0.2083": [-0.34825, 0, 0],
						"0.25": [-0.48447, 0, 0],
						"0.2917": [-0.60878, 0, 0],
						"0.3333": [-0.69819, 0, 0],
						"0.375": [-0.73207, 0, 0],
						"0.4167": [-0.82481, 0, 0],
						"0.4583": [-0.89918, 0, 0],
						"0.5": [-0.96559, 0, 0],
						"0.5417": [-1, 0, 0],
						"0.5833": [-0.97175, 0, 0],
						"0.625": [-0.94359, 0, 0],
						"0.6667": [-0.88746, 0, 0],
						"0.9583": [-0.35093, 0, 0],
						"1.0": [-0.2825, 0, 0],
						"1.0417": [-0.22637, 0, 0],
						"1.0833": [-0.19821, 0, 0],
						"1.125": [-0.18069, 0, 0],
						"1.1667": [-0.04573, 0, 0],
						"1.2083": [-0.02821, 0, 0],
						"1.25": [0, 0, 0]
					}
				},
				"hand_parte0": {
					"rotation": {
						"0.0": [0, 0, 0],
						"0.5": [0, -12.5, 0],
						"1.25": [0, 0, 0]
					},
					"position": {
						"0.0": [0, 0, 0],
						"0.5": [0, 0, -2],
						"1.25": [0, 0, 0]
					}
				},
				"hand1": {
					"rotation": {
						"0.0": [0, 0, 0],
						"0.0417": [0.11182, -1.3696, -0.22059],
						"0.0833": [0.32793, -4.01642, -0.6469],
						"0.125": [0.58795, -7.20111, -1.15984],
						"0.1667": [0.87174, -10.67683, -1.71966],
						"0.2083": [0.97017, -11.8824, -1.91383],
						"0.2917": [1.98703, -24.33675, -3.91978],
						"0.3333": [2.08509, -25.53775, -4.11322],
						"0.375": [2.3825, -29.18032, -4.69991],
						"0.4167": [2.6663, -32.6562, -5.25975],
						"0.4583": [2.92634, -35.84119, -5.77274],
						"0.5": [3.1425, -38.48861, -6.19915],
						"0.5417": [3.25447, -39.86, -6.42003],
						"0.5833": [3.16254, -38.73411, -6.23869],
						"0.625": [3.00023, -36.74611, -5.91849],
						"0.6667": [2.8118, -34.43827, -5.54678],
						"0.7083": [2.60923, -31.95726, -5.14718],
						"0.75": [2.52692, -30.94915, -4.98481],
						"0.7917": [2.30945, -28.2856, -4.55581],
						"0.8333": [2.00703, -24.58169, -3.95924],
						"0.875": [1.67561, -20.52243, -3.30544],
						"0.9167": [1.37315, -16.81795, -2.70878],
						"0.9583": [1.15559, -14.15334, -2.2796],
						"1.0": [1.07315, -13.14366, -2.11698],
						"1.0417": [0.83559, -10.23415, -1.64836],
						"1.0833": [0.64507, -7.9007, -1.27252],
						"1.125": [0.44251, -5.4198, -0.87294],
						"1.1667": [0.2541, -3.11214, -0.50125],
						"1.2083": [0.09181, -1.12449, -0.18112],
						"1.25": [0, 0, 0]
					},
					"position": {
						"0.0": [0, 0, 0],
						"0.5417": [0, 0, 0],
						"1.0833": [0, 0, 0],
						"1.25": [0, 0, 0]
					}
				},
				"hand_parte1": {
					"rotation": {
						"0.0": [0, 0, 0],
						"0.0417": [0, -0.85901, 0],
						"0.0833": [0, -2.51908, 0],
						"0.125": [0, -4.5165, 0],
						"0.1667": [0, -6.69645, 0],
						"0.2083": [0, -7.49096, 0],
						"0.25": [0, -10.35399, 0],
						"0.2917": [0, -14.64738, 0],
						"0.3333": [0, -17.5086, 0],
						"0.375": [0, -18.30175, 0],
						"0.4167": [0, -20.48181, 0],
						"0.4583": [0, -22.47942, 0],
						"0.5": [0, -24.13987, 0],
						"0.5417": [0, -25, 0],
						"0.5833": [0, -24.29385, 0],
						"0.625": [0, -23.04698, 0],
						"0.6667": [0, -21.59952, 0],
						"0.7083": [0, -20.92703, 0],
						"0.75": [0, -19.39979, 0],
						"0.7917": [0, -17.42474, 0],
						"0.9167": [0, -10.75287, 0],
						"0.9583": [0, -8.77782, 0],
						"1.0": [0, -7.25058, 0],
						"1.0417": [0, -6.57809, 0],
						"1.0833": [0, -4.81405, 0],
						"1.125": [0, -3.39927, 0],
						"1.1667": [0, -1.95192, 0],
						"1.2083": [0, -0.70528, 0],
						"1.25": [0, 0, 0]
					},
					"position": {
						"0.0": [0, 0, 0],
						"0.0417": [0, 0, 0.10308],
						"0.0833": [0, 0, 0.30229],
						"0.125": [0, 0, 0.54198],
						"0.1667": [0, 0, 0.80357],
						"0.2083": [0, 0, 0.89891],
						"0.25": [0, 0, 1.24248],
						"0.2917": [0, 0, 1.75768],
						"0.3333": [0, 0, 2.10103],
						"0.375": [0, 0, 2.19621],
						"0.4167": [0, 0, 2.45782],
						"0.4583": [0, 0, 2.69753],
						"0.5": [0, 0, 2.89678],
						"0.5417": [0, 0, 3],
						"0.5833": [0, 0, 2.91526],
						"0.625": [0, 0, 2.76564],
						"0.6667": [0, 0, 2.59194],
						"0.7083": [0, 0, 2.51388],
						"0.75": [0, 0, 2.32461],
						"0.7917": [0, 0, 2.07204],
						"0.875": [0, 0, 1.50892],
						"0.9167": [0, 0, 1.25639],
						"0.9583": [0, 0, 1.06719],
						"1.0": [0, 0, 0.98924],
						"1.0417": [0, 0, 0.92933],
						"1.0833": [0, 0, 0.46782],
						"1.125": [0, 0, 0.40791],
						"1.1667": [0, 0, 0.23423],
						"1.2083": [0, 0, 0.08463],
						"1.25": [0, 0, 0]
					}
				},
				"leg1": {
					"position": {
						"0.0": [0, 0, 0],
						"0.6667": [0, 0, -1],
						"1.25": [0, 0, 0]
					}
				},
				"leg0": {
					"rotation": {
						"0.0": [0, 0, 0],
						"0.5": [0, -12.5, 0],
						"1.25": [0, 0, 0]
					},
					"position": {
						"0.0": [0, 0, 0],
						"0.5": [0, 0, -1],
						"1.25": [0, 0, 0]
					}
				}
			}
		},
		"animation.drilbur.recoil": {
			"animation_length": 1.25,
			"bones": {
				"leg1": {
					"position": {
						"0.0": {
							"post": [0, 0, 0],
							"lerp_mode": "catmullrom"
						},
						"0.5417": {
							"post": [0, 0, -2],
							"lerp_mode": "catmullrom"
						},
						"1.25": {
							"post": [0, 0, 0],
							"lerp_mode": "catmullrom"
						}
					}
				},
				"torso": {
					"rotation": {
						"0.0417": {
							"pre": [0, 0, 0],
							"post": [0, 0, 0],
							"lerp_mode": "catmullrom"
						},
						"0.5417": {
							"post": [0, -20, 0],
							"lerp_mode": "catmullrom"
						},
						"1.25": {
							"post": [0, 0, 0],
							"lerp_mode": "catmullrom"
						}
					},
					"position": {
						"0.0417": [0, 0, 0],
						"0.5417": [0, 0, 1],
						"1.25": [0, 0, 0]
					}
				},
				"head": {
					"rotation": {
						"0.0": {
							"post": [0, 0, 0],
							"lerp_mode": "catmullrom"
						},
						"0.5417": {
							"post": [-2.5, -17.5, 0],
							"lerp_mode": "catmullrom"
						},
						"1.25": {
							"post": [0, 0, 0],
							"lerp_mode": "catmullrom"
						}
					},
					"position": {
						"0.0": [0, 0, 0],
						"0.5417": [0, 0, 0],
						"1.25": [0, 0, 0]
					}
				},
				"face": {
					"position": {
						"0.0": {
							"post": [0, 0, 0],
							"lerp_mode": "catmullrom"
						},
						"0.5417": {
							"post": [0, 0, 0],
							"lerp_mode": "catmullrom"
						},
						"1.25": {
							"post": [0, 0, 0],
							"lerp_mode": "catmullrom"
						}
					}
				},
				"eye1": {
					"position": {
						"0.0": [0, 0, 0],
						"0.0417": [0.03436, 0, 0],
						"0.0833": [0.10076, 0, 0],
						"0.375": [0.73207, 0, 0],
						"0.4583": [0.89918, 0, 0],
						"0.5": [0.96559, 0, 0],
						"0.5417": [1, 0, 0],
						"0.5833": [0.97175, 0, 0],
						"1.0833": [0.19821, 0, 0],
						"1.2083": [0.02821, 0, 0],
						"1.25": [0, 0, 0]
					}
				},
				"eyes2": {
					"position": {
						"0.0": [0, 0, 0],
						"0.0417": [-0.03436, 0, 0],
						"0.0833": [-0.10076, 0, 0],
						"0.375": [-0.73207, 0, 0],
						"0.4583": [-0.89918, 0, 0],
						"0.5": [-0.96559, 0, 0],
						"0.5417": [-1, 0, 0],
						"0.5833": [-0.97175, 0, 0],
						"1.0833": [-0.19821, 0, 0],
						"1.2083": [-0.02821, 0, 0],
						"1.25": [0, 0, 0]
					}
				},
				"hand0": {
					"rotation": {
						"0.0": {
							"post": [0, 0, 0],
							"lerp_mode": "catmullrom"
						},
						"0.5417": {
							"post": [0, -30, 0],
							"lerp_mode": "catmullrom"
						},
						"1.25": {
							"post": [0, 0, 0],
							"lerp_mode": "catmullrom"
						}
					},
					"position": {
						"0.0": {
							"post": [0, 0, 0],
							"lerp_mode": "catmullrom"
						},
						"0.5417": {
							"post": [-1, 0, 1],
							"lerp_mode": "catmullrom"
						},
						"1.25": {
							"post": [0, 0, 0],
							"lerp_mode": "catmullrom"
						}
					}
				},
				"hand_parte0": {
					"rotation": {
						"0.0": {
							"post": [0, 0, 0],
							"lerp_mode": "catmullrom"
						},
						"0.5417": {
							"post": [0, 15, 0],
							"lerp_mode": "catmullrom"
						},
						"1.25": {
							"post": [0, 0, 0],
							"lerp_mode": "catmullrom"
						}
					},
					"position": {
						"0.0": {
							"post": [0, 0, 0],
							"lerp_mode": "catmullrom"
						},
						"0.5417": {
							"post": [0, 0, 2],
							"lerp_mode": "catmullrom"
						},
						"1.25": {
							"post": [0, 0, 0],
							"lerp_mode": "catmullrom"
						}
					}
				},
				"hand1": {
					"rotation": {
						"0.0": {
							"post": [0, 0, 0],
							"lerp_mode": "catmullrom"
						},
						"0.5417": {
							"post": [9.36302, -31.26463, -17.62528],
							"lerp_mode": "catmullrom"
						},
						"1.25": {
							"post": [0, 0, 0],
							"lerp_mode": "catmullrom"
						}
					},
					"position": {
						"0.0": {
							"post": [0, 0, 0],
							"lerp_mode": "catmullrom"
						},
						"0.5417": {
							"post": [1, 1, 3],
							"lerp_mode": "catmullrom"
						},
						"1.25": {
							"post": [0, 0, 0],
							"lerp_mode": "catmullrom"
						}
					}
				},
				"hand_parte1": {
					"rotation": {
						"0.0": {
							"post": [0, 0, 0],
							"lerp_mode": "catmullrom"
						},
						"0.5417": {
							"post": [0, -15, 0],
							"lerp_mode": "catmullrom"
						},
						"1.25": {
							"post": [0, 0, 0],
							"lerp_mode": "catmullrom"
						}
					},
					"position": {
						"0.0": {
							"post": [0, 0, 0],
							"lerp_mode": "catmullrom"
						},
						"0.5417": {
							"post": [0, 0, 1],
							"lerp_mode": "catmullrom"
						},
						"1.25": {
							"post": [0, 0, 0],
							"lerp_mode": "catmullrom"
						}
					}
				},
				"legs": {
					"position": {
						"0.0": [0, 0, 0],
						"0.5417": [1, 0, 0],
						"1.25": [0, 0, 0]
					}
				},
				"nose": {
					"rotation": {
						"0.0": [0, 0, 0],
						"0.5417": [5, 0, 0],
						"1.25": [0, 0, 0]
					},
					"position": {
						"0.0": [0, 0, 0],
						"0.5417": [0, 1, 1],
						"1.25": [0, 0, 0]
					}
				},
				"leg0": {
					"rotation": {
						"0.0": [0, 0, 0],
						"0.5417": [0, -32.5, 0],
						"1.25": [0, 0, 0]
					},
					"position": {
						"0.0": [0, 0, 0],
						"0.5417": [0, 0, 0],
						"1.25": [0, 0, 0]
					}
				}
			}
		},
		"animation.drilbur.special": {
			"animation_length": 1.5,
			"bones": {
				"legs": {
					"position": {
						"0.0": {
							"post": [0, 0, 0],
							"lerp_mode": "catmullrom"
						},
						"0.75": {
							"post": [0, 0, -3],
							"lerp_mode": "catmullrom"
						},
						"1.5": {
							"post": [0, 0, 0],
							"lerp_mode": "catmullrom"
						}
					}
				},
				"leg0": {
					"position": {
						"0.0": {
							"post": [0, 0, 0],
							"lerp_mode": "catmullrom"
						},
						"0.75": {
							"post": [1, 0, 0],
							"lerp_mode": "catmullrom"
						},
						"1.5": {
							"post": [0, 0, 0],
							"lerp_mode": "catmullrom"
						}
					}
				},
				"leg1": {
					"position": {
						"0.0": {
							"post": [0, 0, 0],
							"lerp_mode": "catmullrom"
						},
						"0.75": {
							"post": [-1, 0, 0],
							"lerp_mode": "catmullrom"
						},
						"1.5": {
							"post": [0, 0, 0],
							"lerp_mode": "catmullrom"
						}
					}
				},
				"torso": {
					"rotation": {
						"0.0": {
							"post": [0, 0, 0],
							"lerp_mode": "catmullrom"
						},
						"0.75": {
							"post": [32.5, 0, 0],
							"lerp_mode": "catmullrom"
						},
						"1.0": {
							"post": [30.28, 0, 0],
							"lerp_mode": "catmullrom"
						},
						"1.5": {
							"post": [0, 0, 0],
							"lerp_mode": "catmullrom"
						}
					}
				},
				"head": {
					"rotation": {
						"0.0": {
							"post": [0, 0, 0],
							"lerp_mode": "catmullrom"
						},
						"0.75": {
							"post": [2.5, 0, 0],
							"lerp_mode": "catmullrom"
						},
						"1.0": {
							"post": [-20.56, 0, 0],
							"lerp_mode": "catmullrom"
						},
						"1.5": {
							"post": [0, 0, 0],
							"lerp_mode": "catmullrom"
						}
					},
					"position": {
						"0.0": {
							"post": [0, 0, 0],
							"lerp_mode": "catmullrom"
						},
						"0.75": {
							"post": [0, 0, -1],
							"lerp_mode": "catmullrom"
						},
						"1.5": {
							"post": [0, 0, 0],
							"lerp_mode": "catmullrom"
						}
					}
				},
				"face": {
					"rotation": {
						"0.0": {
							"post": [0, 0, 0],
							"lerp_mode": "catmullrom"
						},
						"0.75": {
							"post": [0, 0, 0],
							"lerp_mode": "catmullrom"
						},
						"1.5": {
							"post": [0, 0, 0],
							"lerp_mode": "catmullrom"
						}
					}
				},
				"eye1": {
					"position": {
						"0.0": {
							"post": [0, 0, 0],
							"lerp_mode": "catmullrom"
						},
						"0.75": {
							"post": [0, 0, 0],
							"lerp_mode": "catmullrom"
						},
						"1.5": {
							"post": [0, 0, 0],
							"lerp_mode": "catmullrom"
						}
					}
				},
				"eyes2": {
					"position": {
						"0.0": {
							"post": [0, 0, 0],
							"lerp_mode": "catmullrom"
						},
						"0.75": {
							"post": [0, 0, 0],
							"lerp_mode": "catmullrom"
						},
						"1.5": {
							"post": [0, 0, 0],
							"lerp_mode": "catmullrom"
						}
					}
				},
				"hand0": {
					"rotation": {
						"0.0": {
							"post": [0, 0, 0],
							"lerp_mode": "catmullrom"
						},
						"0.75": {
							"post": [-2.71994, 19.82169, 12.02468],
							"lerp_mode": "catmullrom"
						},
						"1.0": {
							"post": [-2.67819, 40.39598, 8.17877],
							"lerp_mode": "catmullrom"
						},
						"1.5": {
							"post": [0, 0, 0],
							"lerp_mode": "catmullrom"
						}
					},
					"position": {
						"0.0": {
							"post": [0, 0, 0],
							"lerp_mode": "catmullrom"
						},
						"0.75": {
							"post": [-1, 0, -2],
							"lerp_mode": "catmullrom"
						},
						"1.5": {
							"post": [0, 0, 0],
							"lerp_mode": "catmullrom"
						}
					}
				},
				"hand_parte0": {
					"rotation": {
						"0.0": {
							"post": [0, 0, 0],
							"lerp_mode": "catmullrom"
						},
						"0.75": {
							"post": [0, 12.5, 22.5],
							"lerp_mode": "catmullrom"
						},
						"1.0": {
							"post": [0, 24.72222, 17.5],
							"lerp_mode": "catmullrom"
						},
						"1.5": {
							"post": [0, 0, 0],
							"lerp_mode": "catmullrom"
						}
					},
					"position": {
						"0.0": {
							"post": [0, 0, 0],
							"lerp_mode": "catmullrom"
						},
						"0.75": {
							"post": [-3, 4, 2],
							"lerp_mode": "catmullrom"
						},
						"1.0": {
							"post": [-2.33, 3.11, 3.56],
							"lerp_mode": "catmullrom"
						},
						"1.5": {
							"post": [0, 0, 0],
							"lerp_mode": "catmullrom"
						}
					}
				},
				"hand1": {
					"rotation": {
						"0.0": {
							"post": [0, 0, 0],
							"lerp_mode": "catmullrom"
						},
						"0.75": {
							"post": [2.71994, -19.82169, 12.02468],
							"lerp_mode": "catmullrom"
						},
						"1.0": {
							"post": [2.67819, -40.39598, 8.17877],
							"lerp_mode": "catmullrom"
						},
						"1.5": {
							"post": [0, 0, 0],
							"lerp_mode": "catmullrom"
						}
					},
					"position": {
						"0.0": {
							"post": [0, 0, 0],
							"lerp_mode": "catmullrom"
						},
						"0.75": {
							"post": [-2, -1, 1],
							"lerp_mode": "catmullrom"
						},
						"1.5": {
							"post": [0, 0, 0],
							"lerp_mode": "catmullrom"
						}
					}
				},
				"hand_parte1": {
					"rotation": {
						"0.0": {
							"post": [0, 0, 0],
							"lerp_mode": "catmullrom"
						},
						"0.75": {
							"post": [1.6575, -12.39135, -30.17995],
							"lerp_mode": "catmullrom"
						},
						"1.0": {
							"post": [1.39824, -24.63365, -23.84033],
							"lerp_mode": "catmullrom"
						},
						"1.5": {
							"post": [0, 0, 0],
							"lerp_mode": "catmullrom"
						}
					},
					"position": {
						"0.0": {
							"post": [0, 0, 0],
							"lerp_mode": "catmullrom"
						},
						"0.75": {
							"post": [4, 3.4, 1],
							"lerp_mode": "catmullrom"
						},
						"1.0": {
							"post": [3.11, 2.64, 2.78],
							"lerp_mode": "catmullrom"
						},
						"1.5": {
							"post": [0, 0, 0],
							"lerp_mode": "catmullrom"
						}
					}
				},
				"nose": {
					"rotation": {
						"0.0": [0, 0, 0],
						"1.5": [0, 0, 0]
					},
					"position": {
						"0.0": [0, 0, 0],
						"1.5": [0, 0, 0]
					}
				},
				"hands": {
					"rotation": [0, 0, 0],
					"position": [0, 0, 0]
				}
			}
		},
		"animation.drilbur.faint": {
			"animation_length": 7,
			"bones": {
				"legs": {
					"rotation": {
						"0.0": [0, 7.5, 0],
						"1.0417": [65, 0, 0],
						"1.75": [90, 0, 0]
					},
					"position": [0, 0, -1]
				},
				"leg0": {
					"position": [0, 0, 0]
				},
				"torso": {
					"rotation": {
						"0.0": {
							"post": [5.07673, 9.96156, 0.88045],
							"lerp_mode": "catmullrom"
						},
						"0.5": {
							"post": [5.17544, -14.94159, -1.3378],
							"lerp_mode": "catmullrom"
						},
						"1.0417": {
							"post": [57.00877, -14.94159, -1.3378],
							"lerp_mode": "catmullrom"
						},
						"1.75": [90.17544, -14.94159, -1.3378]
					},
					"position": [0, 0, 0]
				},
				"head": {
					"rotation": {
						"0.0": {
							"post": [-10.15108, -9.84655, 1.75378],
							"lerp_mode": "catmullrom"
						},
						"0.5": {
							"post": [-27.8285, -9.35213, 3.21084],
							"lerp_mode": "catmullrom"
						},
						"1.0": {
							"post": [-55.3285, -9.35213, 3.21084],
							"lerp_mode": "catmullrom"
						},
						"1.75": [12.1715, -9.35213, 3.21084]
					},
					"position": [0, 0, 0]
				},
				"nose": {
					"rotation": [10, 0, 0],
					"position": [0, 1, 3]
				},
				"eye1": {
					"position": {
						"0.0": [1, 0, 0],
						"0.5": [1, 0, 0]
					}
				},
				"eyes2": {
					"position": {
						"0.0": [-1, 0, 0],
						"0.5": [-1, 0, 0]
					}
				},
				"hands": {
					"rotation": {
						"0.0": [0, 0, 0],
						"1.0417": [-16.79, 0, 0],
						"1.75": [-45, 0, 0]
					},
					"position": {
						"0.0": [0, 0, 0],
						"1.0417": [0, 1.79, -3.76],
						"1.75": [0, 3, -8]
					}
				},
				"hand0": {
					"rotation": {
						"0.0": {
							"post": [2.05852, 19.86556, 7.94699],
							"lerp_mode": "catmullrom"
						},
						"0.5": {
							"post": [2.00537, -15.11378, 6.72414],
							"lerp_mode": "catmullrom"
						},
						"1.75": [-0.03203, -15.24313, 14.49449]
					},
					"position": {
						"0.0": {
							"post": [-1, 0.4, 0],
							"lerp_mode": "catmullrom"
						},
						"0.5": {
							"post": [-1, 0.4, 1],
							"lerp_mode": "catmullrom"
						},
						"1.75": [-2, 0.4, 1]
					}
				},
				"hand_parte0": {
					"rotation": {
						"0.0": [1.3378, 14.94159, 5.17544],
						"1.75": [1.39847, 22.43946, 5.36435]
					},
					"position": [-1, 0, 3]
				},
				"hand1": {
					"rotation": {
						"0.0": [2.05852, -19.86556, -7.94699],
						"1.75": [3.85121, -19.60762, -13.2522]
					},
					"position": {
						"0.0": [1, 1, 2],
						"1.75": [1, 2, 2]
					}
				},
				"hand_parte1": {
					"rotation": {
						"0.0": [1.3378, -14.94159, -5.17544],
						"1.75": [1.39847, -22.43946, -5.36435]
					},
					"position": [1, 0, 2]
				},
				"allbody": {
					"rotation": [0, 25, 0]
				}
			}
		},
		"animation.drilbur.shoulder_left": {
			"loop": true,
			"bones": {
				"allbody": {
					"position": [5, -4, 3]
				},
				"legs": {
					"rotation": [10, 0, 10],
					"position": [0, 1, 0]
				},
				"leg0": {
					"position": [0, 1, 0]
				},
				"leg1": {
					"position": [0, 1, 0]
				},
				"torso": {
					"rotation": [0, 0, 10],
					"position": [0, 1, 0]
				},
				"head": {
					"rotation": [-2.34892, -9.84655, -1.75378]
				},
				"hand0": {
					"rotation": [11.89031, 33.16347, 21.05215],
					"position": [-2, 1, 0]
				},
				"hand_parte0": {
					"rotation": [0, 17.5, 0],
					"position": [0, 0, 3]
				},
				"hand1": {
					"rotation": [22.57934, 16.93307, 21.24513],
					"position": [-3, 0, 3]
				},
				"hand_parte1": {
					"rotation": [0, -45, 0],
					"position": [0, 0, 4]
				}
			}
		},
		"animation.drilbur.shoulder_right": {
			"loop": true,
			"bones": {
				"allbody": {
					"position": [-5, -4, 3]
				},
				"legs": {
					"rotation": [10, 0, -10],
					"position": [2, 1, 0]
				},
				"leg0": {
					"position": [0, 1, 0]
				},
				"leg1": {
					"position": [0, 1, 0]
				},
				"torso": {
					"rotation": [0, 0, 0],
					"position": [1, 1, 0]
				},
				"head": {
					"rotation": [-2.34892, -9.84655, -1.75378]
				},
				"hand0": {
					"rotation": [11.89031, 33.16347, 21.05215],
					"position": [-2, 1, 0]
				},
				"hand_parte0": {
					"rotation": [0, 17.5, 0],
					"position": [0, 0, 3]
				},
				"hand1": {
					"rotation": [22.57934, 16.93307, 21.24513],
					"position": [-3, 0, 3]
				},
				"hand_parte1": {
					"rotation": [0, -45, 0],
					"position": [0, 0, 4]
				}
			}
		}
	}
}