{
    "battle.pvn.default":{
      "sounds":[
        {
          "name":"cobblemon:battle/trainer/battletower",
          "stream":true,
          "volume":0.5
        }
      ]
    },
    "battle.pvp.default":{
      "sounds":[
        {
          "name":"cobblemon:battle/trainer/battletower",
          "stream":true,
          "volume":0.5
        }
      ]
    },
    "battle.pvw.default":{
      "sounds":[
        {
          "name":"cobblemon:battle/wild/areazero",
          "stream":true,
          "volume":0.5
        }
      ]
    }
  }