{
	"format_version": "1.8.0",
	"animations": {
		"animation.yamask_galarian.blink": {
			"animation_length": 0.0833,
			"bones": {
				"eye1": {
					"position": {
						"0.0": [0, 0, 0],
						"0.0833": [-1, 0, 0]
					}
				},
				"eye2": {
					"position": {
						"0.0": [0, 0, 0],
						"0.0833": [1, 0, 0]
					}
				}
			}
		},
		"animation.yamask_galarian.ground_walk": {
			"loop": true,
			"loop_delay": "true",
			"bones": {
				"torso_parte": {
					"rotation": [17.5, 0, 0],
					"position": [0, 0, 2]
				},
				"torso_mini": {
					"position": [0, 0, 0]
				},
				"torso_tail": {
					"position": [0, 0, 0]
				},
				"torso_trase": {
					"position": [0, 0, 0]
				},
				"head": {
					"rotation": ["2.5-math.cos(query.anim_time*90*2-60)*1", 0, 0],
					"position": [0, 0, 0]
				},
				"face": {
					"rotation": [0, 0, 0]
				},
				"hand_parte1": {
					"rotation": [0, -7.5, 25],
					"position": [-4, 0, 0]
				},
				"hand_mini1": {
					"rotation": [0, "-10-math.sin(q.anim_time*90*2-60)*1", -7.5],
					"position": [0, -1, -1]
				},
				"hand_parte2": {
					"rotation": [0, 7.5, -25],
					"position": [4, 0, 0]
				},
				"hand_mini2": {
					"rotation": [0, "10-math.sin(q.anim_time*90*2-60)*1", 7.5],
					"position": [0, -1, -1]
				},
				"hands": {
					"position": [0, 2, 0]
				},
				"torso": {
					"rotation": ["7.5-math.sin(q.anim_time*90*1-60)*5", 0, 0],
					"position": [0, 1, 0]
				},
				"tail1": {
					"rotation": ["17.5-math.sin(q.anim_time*90*2-60)*1", 0, 0],
					"position": [0, 1, 2.4]
				},
				"hand1": {
					"rotation": [0, "-5+math.sin(q.anim_time*90*1-65)*4", 0]
				},
				"hand2": {
					"rotation": [0, "5+math.sin(q.anim_time*90*1-65)*4", 0]
				}
			}
		},
		"animation.yamask_galarian.status": {
			"animation_length": 1.6667,
			"bones": {
				"torso": {
					"rotation": {
						"0.0": [0, 0, 0],
						"0.3333": [-5, 0, 0],
						"1.6667": [0, 0, 0]
					}
				},
				"torso_parte": {
					"rotation": {
						"0.0": [0, 0, 0],
						"0.875": [10, 0, 0],
						"1.6667": [0, 0, 0]
					}
				},
				"torso_mini": {
					"rotation": {
						"0.0": [0, 0, 0],
						"0.875": [12.5, 0, 0],
						"1.6667": [0, 0, 0]
					}
				},
				"tail1": {
					"rotation": {
						"0.0": [0, 0, 0],
						"0.3333": [2.5, 0, 0],
						"1.6667": [0, 0, 0]
					}
				},
				"tail2": {
					"rotation": {
						"0.0": [0, 0, 0],
						"0.3333": [2.5, 0, 0],
						"1.6667": [0, 0, 0]
					}
				},
				"head": {
					"rotation": {
						"0.0": [0, 0, 0],
						"0.3333": [15, 0, 0],
						"0.875": [-10, 0, 0],
						"1.6667": [0, 0, 0]
					}
				},
				"hand_parte1": {
					"rotation": {
						"0.0": [0, 0, 0],
						"0.3333": [0, 0, 15],
						"0.875": [0, 0, -27.5],
						"1.6667": [0, 0, 0]
					},
					"position": {
						"0.0": [0, 0, 0],
						"0.3333": [-2, 0, 0],
						"0.875": [3, 0, 0],
						"1.6667": [0, 0, 0]
					}
				},
				"hand_mini1": {
					"rotation": {
						"0.0": [0, 0, 0],
						"1.6667": [0, 0, 0]
					},
					"position": {
						"0.0": [0, 0, 0],
						"1.6667": [0, 0, 0]
					}
				},
				"hand_parte2": {
					"rotation": {
						"0.0": [0, 0, 0],
						"0.3333": [0, 0, -15],
						"0.875": [0, 0, 22.5],
						"1.6667": [0, 0, 0]
					},
					"position": {
						"0.0": [0, 0, 0],
						"0.3333": [2, 0, 0],
						"0.875": [-3, 0, 0],
						"1.6667": [0, 0, 0]
					}
				},
				"hand_mini2": {
					"rotation": {
						"0.0": [0, 0, 0],
						"1.6667": [0, 0, 0]
					},
					"position": {
						"0.0": [0, 0, 0],
						"1.6667": [0, 0, 0]
					}
				},
				"mounch_smile": {
					"position": {
						"0.0": [0, 0, 0],
						"0.875": [0, 0, -1],
						"1.6667": [0, 0, 0]
					}
				},
				"hand2": {
					"position": {
						"0.0": [0, 0, 0],
						"0.3333": [1, 0, 0],
						"1.6667": [0, 0, 0]
					}
				}
			}
		},
		"animation.yamask_galarian.special": {
			"animation_length": 1.6667,
			"bones": {
				"torso": {
					"rotation": {
						"0.0": [0, 0, 0],
						"0.3333": [-5, 0, 0],
						"1.6667": [0, 0, 0]
					}
				},
				"torso_parte": {
					"rotation": {
						"0.0": [0, 0, 0],
						"0.875": [10, 0, 0],
						"1.6667": [0, 0, 0]
					}
				},
				"torso_mini": {
					"rotation": {
						"0.0": [0, 0, 0],
						"0.875": [12.5, 0, 0],
						"1.6667": [0, 0, 0]
					}
				},
				"tail1": {
					"rotation": {
						"0.0": [0, 0, 0],
						"0.3333": [2.5, 0, 0],
						"1.6667": [0, 0, 0]
					}
				},
				"tail2": {
					"rotation": {
						"0.0": [0, 0, 0],
						"0.3333": [2.5, 0, 0],
						"1.6667": [0, 0, 0]
					}
				},
				"head": {
					"rotation": {
						"0.0": [0, 0, 0],
						"0.3333": [15, 0, 0],
						"0.875": [-10, 0, 0],
						"1.6667": [0, 0, 0]
					}
				},
				"hand_parte1": {
					"rotation": {
						"0.0": [0, 0, 0],
						"0.3333": [0, 0, 15],
						"0.875": [0, 0, -27.5],
						"1.6667": [0, 0, 0]
					},
					"position": {
						"0.0": [0, 0, 0],
						"0.3333": [-2, 0, 0],
						"0.875": [3, 0, 0],
						"1.6667": [0, 0, 0]
					}
				},
				"hand_mini1": {
					"rotation": {
						"0.0": [0, 0, 0],
						"1.6667": [0, 0, 0]
					},
					"position": {
						"0.0": [0, 0, 0],
						"1.6667": [0, 0, 0]
					}
				},
				"hand_parte2": {
					"rotation": {
						"0.0": [0, 0, 0],
						"0.3333": [0, 0, -15],
						"0.875": [0, 0, 22.5],
						"1.6667": [0, 0, 0]
					},
					"position": {
						"0.0": [0, 0, 0],
						"0.3333": [2, 0, 0],
						"0.875": [-3, 0, 0],
						"1.6667": [0, 0, 0]
					}
				},
				"hand_mini2": {
					"rotation": {
						"0.0": [0, 0, 0],
						"1.6667": [0, 0, 0]
					},
					"position": {
						"0.0": [0, 0, 0],
						"1.6667": [0, 0, 0]
					}
				},
				"mounch_smile": {
					"position": {
						"0.0": [0, 0, 0],
						"0.875": [0, 0, -1],
						"1.6667": [0, 0, 0]
					}
				},
				"hand2": {
					"position": {
						"0.0": [0, 0, 0],
						"0.3333": [1, 0, 0],
						"1.6667": [0, 0, 0]
					}
				}
			}
		},
		"animation.yamask_galarian.ground_idle": {
			"loop": true,
			"bones": {
				"torso": {
					"rotation": ["0.0017+math.cos((query.anim_time)*90*2.2-60)*-1", "5.0001+math.sin(q.anim_time*90*1-60)*2", 0.02184],
					"position": ["0+math.cos((query.anim_time) *90 *1 - 60)*-0.6", "2.5+math.cos((query.anim_time) *90 *2) *0.6", 0]
				},
				"torso_parte": {
					"rotation": [-20, 0, 0],
					"position": [0, 1, -2]
				},
				"tail1": {
					"rotation": ["-5+math.cos(query.anim_time*90*2-60)*-1", 0, 0],
					"position": [0, -1, -0.8]
				},
				"tail2": {
					"position": [0, -1, 0]
				},
				"hands": {
					"position": [0, 0, 0]
				},
				"hand_parte1": {
					"rotation": [0, 0, "30+math.cos((query.anim_time)*90*2-130)*-2"],
					"position": [-5, 3, 0]
				},
				"hand_mini1": {
					"rotation": [0, 0, -37.5],
					"position": [6, -1.6, 0]
				},
				"hand_parte2": {
					"rotation": [0, 0, "-30+math.cos((query.anim_time)*90*2-130)*-2"],
					"position": [5, 3, 0]
				},
				"hand_mini2": {
					"rotation": [0, 0, 37.5],
					"position": [-6, -1.6, 0]
				},
				"head": {
					"rotation": ["2.5-math.cos((query.anim_time)*90*2-60)*-1", 0, 0]
				}
			}
		},
		"animation.yamask_galarian.sleep": {
			"animation_length": 4,
			"bones": {
				"tail2": {
					"position": [0, -16, 0]
				},
				"tail1": {
					"position": [0, -4, 0]
				},
				"torso_parte": {
					"position": [0, 2, 0]
				},
				"torso_mini": {
					"position": [0, -10, 0]
				},
				"torso_trase": {
					"position": [0, -20, 0]
				},
				"hand_parte1": {
					"position": [0, -17, 0]
				},
				"hand_parte2": {
					"position": [0, -19, 0]
				},
				"head": {
					"position": [0, -30, 0]
				}
			}
		},
		"animation.yamask_galarian.cry": {
			"animation_length": 1.0833,
			"bones": {
				"face": {
					"rotation": {
						"0.0": [0, 0, 0],
						"0.3333": [-20, 0, 0],
						"1.0": [0, 0, 0]
					}
				},
				"smiles": {
					"position": {
						"0.0": [0, 0, 0],
						"0.3333": [0, 0, -1],
						"0.6667": [0, 0, -1.11],
						"1.0833": [0, 0, 0]
					}
				}
			},
			"sound_effects": {
				"0.3333": {
					"effect": "pokemon.yamask.cry"
				}
			}
		},
		"animation.yamask_galarian.recoil": {
			"animation_length": 1,
			"bones": {
				"hands": {
					"rotation": {
						"0.0": [0, 0, 0],
						"0.2917": [0, -7.5, 0],
						"1.0": [0, 0, 0]
					}
				},
				"head": {
					"rotation": {
						"0.0": [0, 0, 0],
						"0.2917": [0, -10, 0],
						"1.0": [0, 0, 0]
					}
				},
				"eye1": {
					"position": {
						"0.0": [0, 0, 0],
						"0.2917": [-1, 0, 0],
						"1.0": [0, 0, 0]
					}
				},
				"eye2": {
					"position": {
						"0.0": [0, 0, 0],
						"0.2917": [1, 0, 0],
						"1.0": [0, 0, 0]
					}
				}
			}
		},
		"animation.yamask_galarian.battle_idle": {
			"loop": true,
			"bones": {
				"torso": {
					"rotation": ["-5+math.sin(q.anim_time*90*1-60)*3", "0+math.sin(q.anim_time*90*2-60)*1.2", "0+math.sin(q.anim_time*90*1-60)*2"],
					"position": [0, 2, 0]
				},
				"torso_parte": {
					"rotation": ["-7.5+math.sin(q.anim_time*90*1-60)*3", 0, 0],
					"position": [0, 0, -1]
				},
				"hands": {
					"position": [0, 1, 0]
				},
				"hand_parte1": {
					"rotation": [0, -7.5, "20+math.cos(q.anim_time*90*1-60)*2"],
					"position": [-3, 1, 0]
				},
				"hand_mini1": {
					"rotation": [0, 0, -32.5],
					"position": [5, -1.4, 0]
				},
				"hand_parte2": {
					"rotation": [0, 7.5, "-20+math.cos(q.anim_time*90*1-60)*2"],
					"position": [3, 1, 0]
				},
				"hand_mini2": {
					"rotation": [0, 0, 32.5],
					"position": [-5, -1.4, 0]
				},
				"head": {
					"rotation": ["-2.5+math.sin(q.anim_time*90*1-60)*5", 0, 0]
				}
			}
		},
		"animation.yamask_galarian.faint": {
			"animation_length": 7,
			"bones": {
				"torso": {
					"rotation": {
						"0.0": [-15, -12.5, 0],
						"0.875": {
							"pre": [-142.06225, 65.73242, -147.91947],
							"post": [-142.06225, 65.73242, -147.91947],
							"lerp_mode": "catmullrom"
						},
						"1.125": {
							"post": [-156.82958, 32.6812, -168.53328],
							"lerp_mode": "catmullrom"
						},
						"1.4167": {
							"post": [-212.38285, -68.48321, -130.60841],
							"lerp_mode": "catmullrom"
						},
						"1.875": [-321.82958, 32.6812, -168.53328]
					},
					"position": {
						"0.0": [0, 3, 0],
						"0.875": {
							"pre": [0, 8, 0],
							"post": [0, 8, 0],
							"lerp_mode": "catmullrom"
						},
						"1.125": {
							"post": [0, 7, -1],
							"lerp_mode": "catmullrom"
						},
						"1.875": {
							"post": [0, 5, -1],
							"lerp_mode": "catmullrom"
						}
					}
				},
				"tail2": {
					"rotation": {
						"0.0": [-12.5, 0, 0],
						"1.875": [-27.5, 0, 0]
					},
					"position": {
						"0.0": [0, 0, -1.4],
						"1.875": [0, 0, -2.4]
					}
				},
				"torso_parte": {
					"rotation": {
						"0.0": [-27.5, 0, 0],
						"1.875": [52.5, 0, 0]
					},
					"position": {
						"0.0": [0, 1, -3],
						"1.875": [0, 2, 3]
					}
				},
				"torso_mini": {
					"position": {
						"0.0": [0, 0, 0],
						"1.875": [0, 3, 1]
					}
				},
				"hands": {
					"position": [0, 1, 0]
				},
				"hand_parte1": {
					"rotation": {
						"0.0": [0, -22.5, 20],
						"1.125": {
							"pre": [0, -10, 20],
							"post": [0, -10, 20],
							"lerp_mode": "catmullrom"
						}
					},
					"position": [-3, 1, 0]
				},
				"hand_mini1": {
					"rotation": [0, 0, -32.5],
					"position": [5, -1.4, 0]
				},
				"hand_parte2": {
					"rotation": {
						"0.0": [0, 22.5, -20],
						"1.125": {
							"pre": [0, 32.5, -20],
							"post": [0, 32.5, -20],
							"lerp_mode": "catmullrom"
						}
					},
					"position": [3, 1, 0]
				},
				"hand_mini2": {
					"rotation": [0, 0, 32.5],
					"position": [-5, -1.4, 0]
				},
				"head": {
					"rotation": {
						"0.0": [-17.5, 0, 0],
						"0.875": {
							"pre": [-18.84359, 21.40584, -7.09999],
							"post": [-18.84359, 21.40584, -7.09999],
							"lerp_mode": "catmullrom"
						},
						"1.125": {
							"post": [-36.34359, 21.40584, -7.09999],
							"lerp_mode": "catmullrom"
						},
						"1.875": [-63.84359, 21.40584, -7.09999]
					}
				},
				"eye1": {
					"position": {
						"0.0": [-1, 0, 0],
						"1.125": {
							"pre": [0, 0, 0],
							"post": [0, 0, 0],
							"lerp_mode": "catmullrom"
						},
						"1.875": [-1, 0, 0]
					}
				},
				"eye2": {
					"position": {
						"0.0": [1, 0, 0],
						"1.125": {
							"pre": [0, 0, 0],
							"post": [0, 0, 0],
							"lerp_mode": "catmullrom"
						},
						"1.875": [1, 0, 0]
					}
				},
				"mounch_smile": {
					"position": {
						"0.0": [0, 0, 0],
						"1.125": {
							"pre": [0, 0, 1],
							"post": [0, 0, 1],
							"lerp_mode": "catmullrom"
						}
					}
				}
			}
		}
	}
}