{
	"format_version": "1.8.0",
	"animations": {
		"animation.demon_tinkaton.ground_idle": {
			"loop": true,
			"bones": {
				"torso": {
					"rotation": ["-15+Math.cos((query.anim_time) * 90 * 2 - 90) * -1", 0, -5],
					"position": [-0.25, "0+Math.cos((query.anim_time) * 90 * 2) * 0.1", 0]
				},
				"skirt_front_right": {
					"rotation": [0, 0, 0]
				},
				"head": {
					"rotation": ["12.5+Math.cos((query.anim_time) * 90 * 2 - 45) * 1", 0, 7.5]
				},
				"hair_right": {
					"rotation": ["35+Math.cos((query.anim_time) * 90 * 2 - 90) * 2", 27.5, 30]
				},
				"hair_right2": {
					"rotation": ["-10+Math.cos((query.anim_time) * 90 * 2 - 90) * -3", 0, "-2.5+Math.cos((query.anim_time) * 90 * 2) * -1"]
				},
				"hair_left": {
					"rotation": ["20+Math.cos((query.anim_time) * 90 * 2 - 90) * 2", -17.5, -17.5]
				},
				"arm_left": {
					"rotation": [0, -20, "45+Math.cos((query.anim_time) * 90 * 2 - 120) * -2"]
				},
				"hand_left": {
					"rotation": [0, 27.5, 0]
				},
				"arm_right": {
					"rotation": [-88.4259, -17.43127, -5.24133]
				},
				"hand_right": {
					"rotation": [7.89416, -12.67172, -34.14474]
				},
				"finger_right": {
					"rotation": [0, 0, -52.5]
				},
				"finger_right2": {
					"rotation": [0, 0, -42.5]
				},
				"finger_right3": {
					"rotation": [0, 0, -37.5]
				},
				"finger_right4": {
					"rotation": [0, 0, -35]
				},
				"thumb_right": {
					"rotation": [0, 0, 17.5]
				},
				"skirt_front_left": {
					"rotation": [0, 0, 0]
				},
				"finger_left": {
					"rotation": [0, 0, 25]
				},
				"finger_left2": {
					"rotation": [0, 0, 15]
				},
				"finger_left3": {
					"rotation": [0, 0, 20]
				},
				"finger_left4": {
					"rotation": [0, 0, 25]
				},
				"leg_right": {
					"rotation": [1.10693, 12.45167, 17.62076]
				},
				"leg_right2": {
					"rotation": [0, 0, -15]
				},
				"ear_left": {
					"rotation": ["0+Math.cos((query.anim_time) * 90 * 2 - 160) * -2", 0, 10]
				},
				"ear_right": {
					"rotation": ["0+Math.cos((query.anim_time) * 90 * 2 - 160) * -2", 0, 2.5]
				},
				"hair_right3": {
					"rotation": [0, 7.5, 17.5]
				},
				"hair_left2": {
					"rotation": ["0+Math.cos((query.anim_time) * 90 * 2 - 90) * -3", 0, "-2.5+Math.cos((query.anim_time) * 90 * 2) * 1"]
				},
				"hair_left3": {
					"rotation": [0, -12.5, -37.5]
				},
				"hammer": {
					"rotation": [0, 0, 57.5]
				},
				"leg_left": {
					"rotation": [0, 0, -5]
				},
				"leg_left2": {
					"rotation": [0, 0, 2.5]
				},
				"hand_hammer_right": {
					"rotation": [7.89416, -12.67172, -34.14474]
				},
				"arm_hammer_right": {
					"rotation": [-88.4259, -17.43127, -5.24133]
				},
				"torso_hammer": {
					"rotation": ["-15+Math.cos((query.anim_time) * 90 * 2 - 90) * -1", 0, -5],
					"position": [-0.25, "0+Math.cos((query.anim_time) * 90 * 2) * 0.1", 0]
				},
				"Lsleeve": {
					"rotation": [80, 0, 0],
					"position": [0, 7, 6]
				}
			}
		},
		"animation.demon_tinkaton.ground_walk": {
			"loop": true,
			"animation_length": 1.5,
			"bones": {
				"body": {
					"position": [0, 0, "0+Math.cos((query.anim_time) * 90 * 8/3 * 2 - 70) * -0.9"]
				},
				"torso": {
					"rotation": ["-10+Math.cos((query.anim_time) * 90 * 8/3 * 2 - 120) * -2", 0, "0+Math.cos((query.anim_time) * 90 * 8/3 - 90) * -8"],
					"position": {
						"0.0": [0, 0.18, 0],
						"0.0833": [0, 0.645, 0],
						"0.2917": {
							"pre": [0, 0.875, 0],
							"post": [0, 0.875, 0],
							"lerp_mode": "catmullrom"
						},
						"0.5": {
							"post": [0, 0.645, 0],
							"lerp_mode": "catmullrom"
						},
						"0.6667": {
							"post": [0, -0.5, 0],
							"lerp_mode": "catmullrom"
						},
						"0.8333": {
							"post": [0, 0.645, 0],
							"lerp_mode": "catmullrom"
						},
						"1.0417": {
							"post": [0, 0.9, 0],
							"lerp_mode": "catmullrom"
						},
						"1.25": {
							"post": [0, 0.645, 0],
							"lerp_mode": "catmullrom"
						},
						"1.4167": [0, -0.5, 0],
						"1.5": [0, 0.18, 0]
					}
				},
				"skirt_front_right": {
					"rotation": {
						"0.0": [0, 0, 0],
						"0.625": {
							"pre": [0, 0, 0],
							"post": [0, 0, 0],
							"lerp_mode": "catmullrom"
						},
						"0.75": {
							"post": [0, 42.5, 0],
							"lerp_mode": "catmullrom"
						},
						"1.1667": {
							"post": [0, 60, 0],
							"lerp_mode": "catmullrom"
						},
						"1.5": [0, 0, 0]
					}
				},
				"skirt_front_left": {
					"rotation": {
						"0.0": [0, -42.5, 0],
						"0.4167": {
							"pre": [0, -60, 0],
							"post": [0, -60, 0],
							"lerp_mode": "catmullrom"
						},
						"0.75": {
							"post": [0, 0, 0],
							"lerp_mode": "catmullrom"
						},
						"1.375": {
							"post": [0, 0, 0],
							"lerp_mode": "catmullrom"
						},
						"1.5": [0, -42.5, 0]
					}
				},
				"head": {
					"rotation": ["10+Math.cos((query.anim_time) * 90 * 8/3 * 2 - 90) * 5", 0, "0+Math.cos((query.anim_time) * 90 * 8/3 - 50) * 6"]
				},
				"ear_left": {
					"rotation": ["-7.5+Math.cos((query.anim_time) * 90 * 8/3*2 - 180) * -3", 0, "0+Math.cos((query.anim_time) * 90 * 8/3 - 180) * -10"]
				},
				"ear_right": {
					"rotation": ["-7.5+Math.cos((query.anim_time) * 90 * 8/3*2 - 180) * -3", 0, "0+Math.cos((query.anim_time) * 90 * 8/3 - 180) * -10"]
				},
				"hair_right": {
					"rotation": [17.5, 32.5, "22.5+Math.cos((query.anim_time) * 90 * 8/3*2 - 180) * 3"]
				},
				"hair_right2": {
					"rotation": [7.5, 0, "12.5+Math.cos((query.anim_time) * 90 * 8/3*2 - 220) * 4"]
				},
				"hair_right3": {
					"rotation": [0, 17.5, 25]
				},
				"hair_left": {
					"rotation": [17.5, -32.5, "-22.5+Math.cos((query.anim_time) * 90 * 8/3*2 - 180) * -3"]
				},
				"hair_left2": {
					"rotation": [7.5, 0, "-12.5+Math.cos((query.anim_time) * 90 * 8/3*2 - 220) * -4"]
				},
				"hair_left3": {
					"rotation": [0, -17.5, -25]
				},
				"arm_left": {
					"rotation": [-12.5, "-5+Math.cos((query.anim_time) * 90 * 8/3 - 90) * -30", "27.5+Math.cos((query.anim_time) * 90 * 8/3*2 - 120) * -5"]
				},
				"hand_left": {
					"rotation": [0, "17.5+Math.cos((query.anim_time) * 90 * 8/3 - 180) * -15", 0]
				},
				"finger_left": {
					"rotation": [0, 0, 42.5]
				},
				"finger_left2": {
					"rotation": [0, 0, 42.5]
				},
				"finger_left3": {
					"rotation": [0, 0, 37.5]
				},
				"finger_left4": {
					"rotation": [0, 0, 35]
				},
				"arm_right": {
					"rotation": [-88.4259, -17.43127, -5.24133]
				},
				"hand_right": {
					"rotation": [2.89416, -12.67172, -34.14474]
				},
				"finger_right": {
					"rotation": [0, 0, -42.5]
				},
				"finger_right2": {
					"rotation": [0, 0, -42.5]
				},
				"finger_right3": {
					"rotation": [0, 0, -37.5]
				},
				"finger_right4": {
					"rotation": [0, 0, -35]
				},
				"thumb_right": {
					"rotation": [-7.5, 0, 10]
				},
				"hammer": {
					"rotation": [-7.61578, 12.45662, 54.33247]
				},
				"leg_right": {
					"rotation": {
						"0.0": [30, 0, 0],
						"0.5": {
							"pre": [35, 0, 0],
							"post": [35, 0, 0],
							"lerp_mode": "catmullrom"
						},
						"0.75": {
							"post": [-70.9, 0, 0],
							"lerp_mode": "catmullrom"
						},
						"0.9583": {
							"post": [-87.27, 0, 0],
							"lerp_mode": "catmullrom"
						},
						"1.2083": {
							"post": [-67.5, 0, 0],
							"lerp_mode": "catmullrom"
						},
						"1.5": [30, 0, 0]
					}
				},
				"leg_right2": {
					"rotation": {
						"0.0": [-12.5, 0, 0],
						"0.0833": [-12.33, 0, 0],
						"0.4583": [-8, 0, 0],
						"0.625": [28.25, 0, 0],
						"0.6667": [27.42, 0, 0],
						"0.75": [19.275, 0, 0],
						"0.8333": [7.81, 0, 0],
						"0.9167": [3.235, 0, 0],
						"1.2083": [-2.08, 0, 0],
						"1.4167": [-11.37, 0, 0],
						"1.5": [-12.5, 0, 0]
					}
				},
				"leg_left": {
					"rotation": {
						"0.0": [-64.9, 0, 0],
						"0.2083": [-74.77, 0, 0],
						"0.4583": {
							"pre": [-61.5, 0, 0],
							"post": [-61.5, 0, 0],
							"lerp_mode": "catmullrom"
						},
						"0.75": {
							"post": [30, 0, 0],
							"lerp_mode": "catmullrom"
						},
						"1.25": {
							"post": [35, 0, 0],
							"lerp_mode": "catmullrom"
						},
						"1.5": [-64.9, 0, 0]
					}
				},
				"leg_left2": {
					"rotation": {
						"0.0": [19.275, 0, 0],
						"0.0833": [7.81, 0, 0],
						"0.1667": [3.235, 0, 0],
						"0.4583": [-2.08, 0, 0],
						"0.6667": [-11.37, 0, 0],
						"0.75": [-12.5, 0, 0],
						"0.8333": [-12.33, 0, 0],
						"1.2083": [-8, 0, 0],
						"1.375": [28.25, 0, 0],
						"1.4167": [27.42, 0, 0],
						"1.5": [19.275, 0, 0]
					}
				},
				"arm_hammer_right": {
					"rotation": [-88.4259, -17.43127, -5.24133]
				},
				"hand_hammer_right": {
					"rotation": [7.89416, -12.67172, -34.14474]
				},
				"torso_hammer": {
					"rotation": ["-10+Math.cos((query.anim_time) * 90 * 8/3 * 2 - 120) * -2", 0, "0+Math.cos((query.anim_time) * 90 * 8/3 - 90) * -8"],
					"position": {
						"0.0": [0, 0.18, 0],
						"0.0833": [0, 0.645, 0],
						"0.2917": {
							"pre": [0, 0.875, 0],
							"post": [0, 0.875, 0],
							"lerp_mode": "catmullrom"
						},
						"0.5": {
							"post": [0, 0.645, 0],
							"lerp_mode": "catmullrom"
						},
						"0.6667": {
							"post": [0, -0.5, 0],
							"lerp_mode": "catmullrom"
						},
						"0.8333": {
							"post": [0, 0.645, 0],
							"lerp_mode": "catmullrom"
						},
						"1.0417": {
							"post": [0, 0.9, 0],
							"lerp_mode": "catmullrom"
						},
						"1.25": {
							"post": [0, 0.645, 0],
							"lerp_mode": "catmullrom"
						},
						"1.4167": [0, -0.5, 0],
						"1.5": [0, 0.18, 0]
					}
				},
				"body_hammer": {
					"position": [0, 0, "0+Math.cos((query.anim_time) * 90 * 8/3 * 2 - 70) * -0.9"]
				},
				"Lsleeve": {
					"rotation": [55, 0, 0],
					"position": [0, 3, 5]
				}
			}
		},
		"animation.demon_tinkaton.ground_run": {
			"loop": true,
			"animation_length": 0.5,
			"bones": {
				"body": {
					"position": {
						"0.0": [0, 1.85, 0],
						"0.0417": [0, 1.67, 0],
						"0.125": [0, 0, 0],
						"0.2083": {
							"pre": [0, 1.67, 0],
							"post": [0, 1.67, 0],
							"lerp_mode": "catmullrom"
						},
						"0.25": {
							"post": [0, 1.85, 0],
							"lerp_mode": "catmullrom"
						},
						"0.2917": {
							"post": [0, 1.67, 0],
							"lerp_mode": "catmullrom"
						},
						"0.375": [0, 0, 0],
						"0.4583": [0, 1.67, 0],
						"0.5": [0, 1.85, 0]
					}
				},
				"torso": {
					"rotation": ["-22.5+Math.cos((query.anim_time) * 90 * 8*2 - 90) * 2", 0, "0+Math.cos((query.anim_time) * 90 * 8 - 90) * 2"],
					"position": [0, "Math.cos((query.anim_time) * 90 * 8*2 - 10) * 0.2", 0]
				},
				"skirt_front_right": {
					"rotation": ["0+Math.cos((query.anim_time) * 90 * 8*2 - 90) * -20", 0, 0]
				},
				"skirt_front_left": {
					"rotation": ["0+Math.cos((query.anim_time) * 90 * 8*2 - 90) * -20", 0, 0]
				},
				"skirt_back_left": {
					"rotation": ["0+Math.cos((query.anim_time) * 90 * 8*2 - 90) * 20", 0, 0]
				},
				"skirt_back_right": {
					"rotation": ["0+Math.cos((query.anim_time) * 90 * 8*2 - 90) * 20", 0, 0]
				},
				"head": {
					"rotation": ["10+Math.cos((query.anim_time) * 90 * 8*2 - 40) * -2", 0, "0+Math.cos((query.anim_time) * 90 * 8 - 40) * -2"]
				},
				"ear_left": {
					"rotation": ["-20+Math.cos((query.anim_time) * 90 * 8*2 - 120) * 6", 0, 0]
				},
				"ear_right": {
					"rotation": ["-20+Math.cos((query.anim_time) * 90 * 8*2 - 120) * 6", 0, 0]
				},
				"mouth_open": {
					"position": [0, 0, -0.1]
				},
				"mouth_closed": {
					"position": [0, 0, 0.05]
				},
				"hair_right": {
					"rotation": ["27.5+Math.cos((query.anim_time) * 90 * 8*2 - 40) * 6", 40, 30]
				},
				"hair_right2": {
					"rotation": [17.5, 0, "20+Math.cos((query.anim_time) * 90 * 8*2 - 130) * 5"],
					"position": [0, 0.75, 0]
				},
				"hair_right3": {
					"rotation": [0, 0, "0+Math.cos((query.anim_time) * 90 * 8*2 - 220) * 10"]
				},
				"hair_left": {
					"rotation": ["27.5+Math.cos((query.anim_time) * 90 * 8*2 - 40) * 6", -40, -30]
				},
				"hair_left2": {
					"rotation": [17.5, 0, "-20+Math.cos((query.anim_time) * 90 * 8*2 - 130) * -5"],
					"position": [0, 0.75, 0]
				},
				"hair_left3": {
					"rotation": [0, 0, "0+Math.cos((query.anim_time) * 90 * 8*2 - 220) * -10"]
				},
				"arm_left": {
					"rotation": [0, "-10+Math.cos((query.anim_time) * 90 * 8) * -30", "10+Math.cos((query.anim_time) * 90 * 8*2 - 90) * -5"]
				},
				"hand_left": {
					"rotation": [0, "30+Math.cos((query.anim_time) * 90 * 8 - 90) * -10", 10]
				},
				"finger_left": {
					"rotation": [0, 0, 25]
				},
				"finger_left2": {
					"rotation": [0, 0, 25]
				},
				"finger_left3": {
					"rotation": [0, 0, 25]
				},
				"finger_left4": {
					"rotation": [0, 0, 25]
				},
				"arm_right": {
					"rotation": [-88.4259, -17.43127, -5.24133]
				},
				"hand_right": {
					"rotation": [7.89416, -12.67172, -34.14474]
				},
				"finger_right": {
					"rotation": [0, 0, -32.5]
				},
				"finger_right2": {
					"rotation": [0, 0, -32.5]
				},
				"finger_right3": {
					"rotation": [0, 0, -45]
				},
				"finger_right4": {
					"rotation": [0, 0, -45]
				},
				"hammer": {
					"rotation": [-15, 7.5, 45]
				},
				"leg_right": {
					"rotation": {
						"0.0": [55, 0, 0],
						"0.0833": [36.67, 0, 0],
						"0.1667": [-32.08, 0, 0],
						"0.25": [-55, 0, 0],
						"0.3333": [-32.08, 0, 0],
						"0.4167": [36.67, 0, 0],
						"0.5": [55, 0, 0]
					}
				},
				"leg_right2": {
					"rotation": {
						"0.0": [17.5, 0, 0],
						"0.125": {
							"pre": [43.75, 0, 0],
							"post": [43.75, 0, 0],
							"lerp_mode": "catmullrom"
						},
						"0.25": {
							"post": [10, 0, 0],
							"lerp_mode": "catmullrom"
						},
						"0.4167": {
							"post": [-20, 0, 0],
							"lerp_mode": "catmullrom"
						},
						"0.5": [17.5, 0, 0]
					}
				},
				"leg_left": {
					"rotation": {
						"0.0": [-55, 0, 0],
						"0.0833": [-32.08, 0, 0],
						"0.1667": [36.67, 0, 0],
						"0.25": [55, 0, 0],
						"0.3333": [36.67, 0, 0],
						"0.4167": [-32.08, 0, 0],
						"0.5": [-55, 0, 0]
					}
				},
				"leg_left2": {
					"rotation": {
						"0.0": [10, 0, 0],
						"0.1667": {
							"pre": [-20, 0, 0],
							"post": [-20, 0, 0],
							"lerp_mode": "catmullrom"
						},
						"0.25": {
							"post": [17.5, 0, 0],
							"lerp_mode": "catmullrom"
						},
						"0.375": {
							"post": [43.75, 0, 0],
							"lerp_mode": "catmullrom"
						},
						"0.5": [10, 0, 0]
					}
				},
				"arm_hammer_right": {
					"rotation": [-88.4259, -17.43127, -5.24133]
				},
				"hand_hammer_right": {
					"rotation": [7.89416, -12.67172, -34.14474]
				},
				"torso_hammer": {
					"rotation": ["-22.5+Math.cos((query.anim_time) * 90 * 8*2 - 90) * 2", 0, "0+Math.cos((query.anim_time) * 90 * 8 - 90) * 2"],
					"position": [0, "Math.cos((query.anim_time) * 90 * 8*2 - 10) * 0.2", 0]
				},
				"body_hammer": {
					"position": {
						"0.0": [0, 1.85, 0],
						"0.0417": [0, 1.67, 0],
						"0.125": [0, 0, 0],
						"0.2083": {
							"pre": [0, 1.67, 0],
							"post": [0, 1.67, 0],
							"lerp_mode": "catmullrom"
						},
						"0.25": {
							"post": [0, 1.85, 0],
							"lerp_mode": "catmullrom"
						},
						"0.2917": {
							"post": [0, 1.67, 0],
							"lerp_mode": "catmullrom"
						},
						"0.375": [0, 0, 0],
						"0.4583": [0, 1.67, 0],
						"0.5": [0, 1.85, 0]
					}
				},
				"Lsleeve": {
					"rotation": [87.15656, 2.24944, -17.35932],
					"position": [0, 9, 5]
				},
				"muzzle": {
					"rotation": [5, 0, 0],
					"position": [0, 1, 0]
				}
			}
		},
		"animation.demon_tinkaton.battle_idle": {
			"loop": true,
			"bones": {
				"torso": {
					"rotation": ["-5+Math.cos((query.anim_time) * 90 * 2 - 90) * -1", -10, -5],
					"position": [-0.25, "0.25+Math.cos((query.anim_time) * 90 * 2) * 0.2", 0]
				},
				"skirt_front_right": {
					"rotation": [0, 0, 0]
				},
				"head": {
					"rotation": ["5+Math.cos((query.anim_time) * 90 * 2 - 45) * 2", 0, 5]
				},
				"hair_right": {
					"rotation": [20, 17.5, "17.5+Math.cos((query.anim_time) * 90 * 2 - 60) * 2"]
				},
				"hair_right2": {
					"rotation": [0, 0, "15+Math.cos((query.anim_time) * 90 * 2 - 140) * 3"]
				},
				"hair_left": {
					"rotation": [20, -17.5, "-17.5+Math.cos((query.anim_time) * 90 * 2 - 60) * -2"]
				},
				"arm_left": {
					"rotation": [-115, 27.5, 45]
				},
				"hand_left": {
					"rotation": [0, -10, 47.5]
				},
				"arm_right": {
					"rotation": [0, -32.5, -12.5]
				},
				"hand_right": {
					"rotation": [0, -55, 0]
				},
				"finger_right": {
					"rotation": [0, 0, -40]
				},
				"finger_right2": {
					"rotation": [0, 0, -50]
				},
				"finger_right3": {
					"rotation": [0, 0, -50]
				},
				"finger_right4": {
					"rotation": [0, 0, -45]
				},
				"thumb_right": {
					"rotation": [0, 0, 17.5]
				},
				"skirt_front_left": {
					"rotation": [0, 0, 0]
				},
				"finger_left": {
					"rotation": [0, 0, 25]
				},
				"finger_left2": {
					"rotation": [0, 0, 40]
				},
				"finger_left3": {
					"rotation": [0, 0, 50]
				},
				"finger_left4": {
					"rotation": [0, 0, 50]
				},
				"leg_right": {
					"rotation": ["13.6069+Math.cos((query.anim_time) * 90 * 2) * 6", -7.54833, 25.12076],
					"position": [0, "0+Math.cos((query.anim_time) * 90 * 2) * -0.1", 0]
				},
				"leg_right2": {
					"rotation": ["-2.5+Math.cos((query.anim_time) * 90 * 2) * -6", 0, -15]
				},
				"ear_left": {
					"rotation": ["-5+Math.cos((query.anim_time) * 90 * 2 - 140) * 4", 0, 2.5]
				},
				"ear_right": {
					"rotation": ["-5+Math.cos((query.anim_time) * 90 * 2 - 140) * 4", 0, -2.5]
				},
				"hair_right3": {
					"rotation": [0, 7.5, 17.5]
				},
				"hair_left2": {
					"rotation": [0, 0, "-15+Math.cos((query.anim_time) * 90 * 2 - 140) * -3"]
				},
				"hair_left3": {
					"rotation": [0, -7.5, -17.5]
				},
				"hammer": {
					"rotation": [-5, 0, -95]
				},
				"leg_left": {
					"rotation": ["-20+Math.cos((query.anim_time) * 90 * 2) * 6", -10, -15]
				},
				"leg_left2": {
					"rotation": ["20+Math.cos((query.anim_time) * 90 * 2) * -6", 0, 2.5]
				},
				"hand_hammer_right": {
					"rotation": [0, -55, 0]
				},
				"arm_hammer_right": {
					"rotation": [0, -32.5, -12.5]
				},
				"body": {
					"rotation": [0, 10, 0],
					"position": [0, "-0.75+Math.cos((query.anim_time) * 90 * 2) * 0.15", "0+Math.cos((query.anim_time) * 90 * 2) * -0.15"]
				},
				"skirt_back_right": {
					"rotation": [32.5, 0, 0]
				},
				"torso_hammer": {
					"rotation": ["-5+Math.cos((query.anim_time) * 90 * 2 - 90) * -1", -10, -5],
					"position": [-0.25, "0.25+Math.cos((query.anim_time) * 90 * 2) * 0.2", 0]
				},
				"body_hammer": {
					"rotation": [0, 10, 0],
					"position": [0, "-0.75+Math.cos((query.anim_time) * 90 * 2) * 0.15", "0+Math.cos((query.anim_time) * 90 * 2) * -0.15"]
				},
				"Rsleeve": {
					"rotation": [77.5, 0, 0],
					"position": [0, 6, 6]
				}
			}
		},
		"animation.demon_tinkaton.sleep": {
			"loop": true,
			"animation_length": 4,
			"bones": {
				"body": {
					"rotation": [-62.5, 0, 0],
					"position": [0, -5, 0]
				},
				"torso": {
					"rotation": ["0+Math.cos((query.anim_time) * 90 * 1) * 2", 0, 0]
				},
				"skirt_front_left": {
					"rotation": [47.5, 0, 0]
				},
				"head": {
					"rotation": ["12.5+Math.cos((query.anim_time) * 90 * 1 - 45) * 4", 0, 0]
				},
				"ear_left": {
					"rotation": ["-22.5+Math.cos((query.anim_time) * 90 * 1 - 160) * 8", 0, 0]
				},
				"ear_right": {
					"rotation": ["-22.5+Math.cos((query.anim_time) * 90 * 1 - 160) * 8", 0, 0]
				},
				"eyelid_left": {
					"position": [0, 0, -0.1]
				},
				"eyelid_right": {
					"position": [0, 0, -0.1]
				},
				"mouth_open": {
					"position": {
						"0.8333": [0, 0, 0],
						"0.875": [0, 0, -0.125],
						"2.9583": [0, 0, -0.125],
						"3.0": [0, 0, 0]
					},
					"scale": {
						"0.875": [1.1, 0.6, 1],
						"0.9167": [1, 1, 1],
						"2.9167": [1, 1, 1],
						"2.9583": [1.1, 0.6, 1]
					}
				},
				"mouth_closed": {
					"position": {
						"0.875": [0, 0, 0],
						"0.9167": [0, 0, 0.1],
						"2.9167": [0, 0, 0.1],
						"2.9583": [0, 0, 0]
					}
				},
				"hair_right": {
					"rotation": ["40+Math.cos((query.anim_time) * 90 * 1 - 40) * -4", -42.5, 0]
				},
				"hair_right2": {
					"rotation": [15.27269, -8.64738, 36.33844]
				},
				"hair_right3": {
					"rotation": [0, 0, -30]
				},
				"hair_left": {
					"rotation": ["40+Math.cos((query.anim_time) * 90 * 1 - 40) * -4", 52.5, 0]
				},
				"hair_left2": {
					"rotation": [0, 0, -22.5]
				},
				"hair_left3": {
					"rotation": [0, 0, 20]
				},
				"arm_left": {
					"rotation": [-20, 57.5, 25],
					"position": [0.525, 0, 0.925]
				},
				"hand_left": {
					"rotation": [0, 0, 67.5],
					"position": [-0.75, 0.75, 0]
				},
				"finger_left": {
					"rotation": [0, 0, 37.5]
				},
				"finger_left2": {
					"rotation": [0, 0, 37.5]
				},
				"finger_left3": {
					"rotation": [0, 0, 37.5]
				},
				"finger_left4": {
					"rotation": [0, 0, 37.5]
				},
				"arm_right": {
					"rotation": [-55, "-37.5+Math.cos((query.anim_time) * 90 * 1 - 45) * -4", 2.5]
				},
				"hand_right": {
					"rotation": [0, 0, -15]
				},
				"finger_right": {
					"rotation": [0, 0, 7.5]
				},
				"finger_right3": {
					"rotation": [0, 0, -7.5]
				},
				"finger_right4": {
					"rotation": [0, 0, -17.5]
				},
				"thumb_right": {
					"rotation": [0, -22.5, 12.5],
					"position": [-0.5, 0, -0.5]
				},
				"hammer": {
					"rotation": [-87.5, -12.5, 79],
					"position": [-18.975, -3.375, -1.375]
				},
				"hammer_handle": {
					"rotation": [0, 0, 0],
					"position": [0, 0, 0]
				},
				"leg_right": {
					"rotation": [-30, 20, -15]
				},
				"leg_left": {
					"rotation": [-5, 0, 5]
				},
				"leg_left2": {
					"rotation": [5, 0, 0]
				},
				"torso_hammer": {
					"rotation": [0, 0, 0]
				},
				"body_hammer": {
					"rotation": [0, 0, 0],
					"position": [0, 0, 0]
				},
				"Lsleeve": {
					"rotation": [75, 0, 0],
					"position": [1, 5, 5]
				}
			}
		},
		"animation.demon_tinkaton.sleep_transition": {
			"animation_length": 2.9583,
			"bones": {
				"torso": {
					"rotation": {
						"0.0": [-15, 0, -5],
						"0.125": [7.5, 11.81, -5],
						"0.3333": {
							"pre": [0, 35.75, -5],
							"post": [0, 35.75, -5],
							"lerp_mode": "catmullrom"
						},
						"0.4583": {
							"post": [-15, 48.25, -5],
							"lerp_mode": "catmullrom"
						},
						"0.5833": {
							"post": [-1.25, -12, -5],
							"lerp_mode": "catmullrom"
						},
						"0.75": [5, -37.75, -5],
						"1.0": [0, -10, 0],
						"1.0833": [17.5, -4.575, 0],
						"1.1667": [21.75, -2.5, 0],
						"1.2083": [31.75, -2.9, 0],
						"1.4583": [-13.25, 0, 0],
						"1.5833": [-7.25, 0, 0],
						"1.6667": [9.25, 0, 0],
						"1.75": [19.855, 0, 0],
						"1.8333": {
							"pre": [23.25, -2.825, 0],
							"post": [23.25, -2.825, 0],
							"lerp_mode": "catmullrom"
						},
						"2.0": {
							"post": [17.5, -14, 0],
							"lerp_mode": "catmullrom"
						},
						"2.125": [5, -2, 0],
						"2.2083": [2, 0, 0]
					},
					"position": [-0.25, 0, 0]
				},
				"skirt_front_right": {
					"rotation": [0, 0, 0]
				},
				"head": {
					"rotation": {
						"0.0": [12.5, 0, 7.5],
						"0.0417": [0, 0, 7.5],
						"0.1667": [17.21, 0, 7.5],
						"0.3333": [-12.5, 0, 0],
						"0.4167": [15, 0, 0],
						"0.5417": [1.25, 29.5, 3.75],
						"0.6667": {
							"pre": [6.87, 26.25, 5.62],
							"post": [6.87, 26.25, 5.62],
							"lerp_mode": "catmullrom"
						},
						"0.8333": {
							"post": [0, -25, 7.5],
							"lerp_mode": "catmullrom"
						},
						"0.9583": [0, -23, 7.5],
						"1.0833": [3.13, -5.75, 1.88],
						"1.1667": [-17.5, 0, 0],
						"1.2917": [25, 0, 0],
						"1.5417": [-5, 0, 0],
						"1.7083": {
							"pre": [22.5, -2.5, 0],
							"post": [22.5, -2.5, 0],
							"lerp_mode": "catmullrom"
						},
						"1.875": {
							"post": [29.425, -9.7, 0],
							"lerp_mode": "catmullrom"
						},
						"2.0417": {
							"post": [21.5, -20.575, 0],
							"lerp_mode": "catmullrom"
						},
						"2.1667": {
							"post": [9.705, -1.31, 0],
							"lerp_mode": "catmullrom"
						},
						"2.3333": {
							"post": [16.1, 0.45, 0],
							"lerp_mode": "catmullrom"
						},
						"2.5417": {
							"post": [19.725, 0, 0],
							"lerp_mode": "catmullrom"
						},
						"2.7083": [14.35, 0, 0],
						"2.8333": [11.975, 0, 0],
						"2.9583": [11.45, 0, 0]
					}
				},
				"hair_right": {
					"rotation": {
						"0.0": [35, 27.5, 30],
						"0.125": [20, 17.5, 0],
						"0.25": [35, 17.5, 47.5],
						"0.375": [7.5, 17.5, 47.5],
						"0.5": [17.5, 17.5, 47.5],
						"0.7083": [37.5, -10, 47.5],
						"1.0": {
							"pre": [30, -10, 35],
							"post": [30, -10, 35],
							"lerp_mode": "catmullrom"
						},
						"1.125": {
							"post": [15, -10, 34.5],
							"lerp_mode": "catmullrom"
						},
						"1.2083": {
							"post": [15, -10, 55],
							"lerp_mode": "catmullrom"
						},
						"1.2917": {
							"post": [15, -10, 17.5],
							"lerp_mode": "catmullrom"
						},
						"1.5833": {
							"post": [15, -10, 62.5],
							"lerp_mode": "catmullrom"
						},
						"1.7083": [-25, -10, 25],
						"1.875": {
							"pre": [-52.65, -10, 25],
							"post": [-52.65, -10, 25],
							"lerp_mode": "catmullrom"
						},
						"2.0417": {
							"post": [-50.98, -21.875, 25],
							"lerp_mode": "catmullrom"
						},
						"2.2083": {
							"post": [-8.625, -36.2, 15.675],
							"lerp_mode": "catmullrom"
						},
						"2.5417": [34.775, -42.1, 2.025],
						"2.6667": [40, -42.5, 0]
					}
				},
				"hair_right2": {
					"rotation": {
						"0.0": [-10, 0, -2.5],
						"0.0833": [0, 0, 0],
						"0.2917": [0, 0, 22.5],
						"0.4583": [0, 0, -15],
						"0.6667": [22.5, 0, 0],
						"1.0": [0, 0, 0],
						"1.2083": [-0.29, 0, 0],
						"1.375": [24, 0, 0],
						"1.6667": [0, 0, 32.5],
						"1.875": [0, 0, 0],
						"2.0833": [17.5, 0, 0],
						"2.2083": [-22.5, 0, 0],
						"2.6667": [14.05, 0, 6.905],
						"2.7917": [17.5, 0, 7.5]
					}
				},
				"hair_left": {
					"rotation": {
						"0.0": [20, -17.5, -17.5],
						"0.125": [20, -17.5, 0],
						"0.25": [35, -17.5, -47.5],
						"0.375": [40, -17.5, -47.5],
						"0.5": [17.5, -17.5, -47.5],
						"0.7083": [-32.5, 10, -47.5],
						"1.0": {
							"pre": [15, 10, -35],
							"post": [15, 10, -35],
							"lerp_mode": "catmullrom"
						},
						"1.125": {
							"post": [15, 10, -34.5],
							"lerp_mode": "catmullrom"
						},
						"1.2083": {
							"post": [15, 10, -55],
							"lerp_mode": "catmullrom"
						},
						"1.2917": {
							"post": [15, 10, -17.5],
							"lerp_mode": "catmullrom"
						},
						"1.5833": {
							"post": [15, 10, -62.5],
							"lerp_mode": "catmullrom"
						},
						"1.7083": [-25, 10, -25],
						"1.875": {
							"pre": [-52.65, 10, -25],
							"post": [-52.65, 10, -25],
							"lerp_mode": "catmullrom"
						},
						"2.0417": {
							"post": [-50.98, 21.875, -25],
							"lerp_mode": "catmullrom"
						},
						"2.2083": {
							"post": [-8.625, 39.75, -15.675],
							"lerp_mode": "catmullrom"
						},
						"2.4583": [36.775, 52.275, -0.6],
						"2.5833": [44.35, 52.5, 0]
					}
				},
				"arm_left": {
					"rotation": {
						"0.0": [0, -20, 45],
						"0.0417": [0, -20, 15],
						"0.25": [0, -20, 52.24],
						"0.5": [0, 20, 49.14],
						"0.8333": [0, -55, 45],
						"1.0417": [0, -14.825, 30],
						"1.2083": [0, -3.825, -10],
						"1.3333": [0, 0, 40],
						"1.4167": {
							"pre": [-14, 0, 28],
							"post": [-14, 0, 28],
							"lerp_mode": "catmullrom"
						},
						"1.5417": {
							"post": [-35, 0, -15.5],
							"lerp_mode": "catmullrom"
						},
						"1.7083": [-5, 0, 22.5],
						"2.0": [-5, 0, 22.5],
						"2.1667": {
							"pre": [-17.5, 47.92, 24.58],
							"post": [-17.5, 47.92, 24.58],
							"lerp_mode": "catmullrom"
						},
						"2.25": {
							"post": [-20, 57.5, 28.675],
							"lerp_mode": "catmullrom"
						},
						"2.4167": [-20, 57.5, 25]
					},
					"position": {
						"2.0417": [0, 0, 0],
						"2.2083": [0.525, 0, 0.925]
					}
				},
				"hand_left": {
					"rotation": {
						"0.0": [0, 27.5, 0],
						"2.0": [0, 27.5, 0],
						"2.1667": {
							"pre": [0, 4.58, 56.25],
							"post": [0, 4.58, 56.25],
							"lerp_mode": "catmullrom"
						},
						"2.25": {
							"post": [0, 0, 71.7],
							"lerp_mode": "catmullrom"
						},
						"2.4167": [0, 0, 67.5]
					},
					"position": {
						"2.0417": [0, 0, 0],
						"2.2083": [-0.75, 0.75, 0]
					}
				},
				"arm_right": {
					"rotation": {
						"0.0": [-88.4259, -17.43127, -5.24133],
						"0.1667": [-88.61, -5.3, -25.2],
						"0.3333": {
							"pre": [-88.43, 32.57, -0.74],
							"post": [-88.43, 32.57, -0.74],
							"lerp_mode": "catmullrom"
						},
						"0.5": {
							"post": [-82.18, 33.32, -6.49],
							"lerp_mode": "catmullrom"
						},
						"0.625": {
							"post": [-75.93, -27.93, -7.74],
							"lerp_mode": "catmullrom"
						},
						"0.9167": [-75.93, -35.43, -7.74],
						"1.0417": [0, 0, -30],
						"1.2083": [0, 0, 10],
						"1.3333": [0, 0, -40],
						"1.4167": {
							"pre": [-14, 0, -28],
							"post": [-14, 0, -28],
							"lerp_mode": "catmullrom"
						},
						"1.5417": {
							"post": [-35, 0, 15.5],
							"lerp_mode": "catmullrom"
						},
						"1.7083": [-5, 0, -22.5],
						"1.875": [-5, -7.5, -22.5],
						"2.0": [-5, -52.5, -22.5],
						"2.1667": {
							"pre": [-55, -49.275, 2.5],
							"post": [-55, -49.275, 2.5],
							"lerp_mode": "catmullrom"
						},
						"2.3333": {
							"post": [-55, -38.25, 2.5],
							"lerp_mode": "catmullrom"
						},
						"2.4583": {
							"post": [-55, -35.525, 2.5],
							"lerp_mode": "catmullrom"
						},
						"2.5417": [-55, -36.48, 2.5],
						"2.625": [-55, -37.5, 2.5]
					}
				},
				"hand_right": {
					"rotation": {
						"0.0": [7.89416, -12.67172, -34.14474],
						"0.6667": [7.89416, -12.67172, -34.14474],
						"0.7917": [7.89, -12.67, -68.74],
						"0.875": [7.89, -12.67, -76.64],
						"1.0417": [0, 0, -15],
						"1.2083": [0, 0, -25],
						"1.2917": [0, 0, 22.5],
						"1.375": [0, 0, -10],
						"2.0": [0, 0, -10],
						"2.1667": [0, 0, -92.5],
						"2.375": {
							"pre": [0, 0, -5],
							"post": [0, 0, -5],
							"lerp_mode": "catmullrom"
						},
						"2.5": {
							"post": [0, 0, 1.225],
							"lerp_mode": "catmullrom"
						},
						"2.6667": [0, 0, 0.25],
						"2.7917": [0, 0, -2.65]
					}
				},
				"finger_right": {
					"rotation": {
						"0.0": [0, 0, -52.5],
						"2.0": [0, 0, -52.5],
						"2.2083": [0, 0, -7.5]
					}
				},
				"finger_right2": {
					"rotation": {
						"0.0": [0, 0, -42.5],
						"2.0": [0, 0, -42.5],
						"2.2083": [0, 0, -7.5]
					}
				},
				"finger_right3": {
					"rotation": {
						"0.0": [0, 0, -37.5],
						"2.0": [0, 0, -37.5],
						"2.2083": [0, 0, -7.5]
					}
				},
				"finger_right4": {
					"rotation": {
						"0.0": [0, 0, -35],
						"2.0": [0, 0, -35],
						"2.2083": [0, 0, -17.5]
					}
				},
				"thumb_right": {
					"rotation": {
						"0.0": [0, 0, 17.5],
						"2.0": [0, 0, 17.5],
						"2.25": [0, -22.5, 12.5]
					},
					"position": {
						"2.0": [0, 0, 0],
						"2.25": [-0.5, 0, -0.5]
					}
				},
				"skirt_front_left": {
					"rotation": {
						"0.0": [0, 0, 0],
						"1.9583": [0, 0, 0],
						"2.4583": [44.475, 0, 0],
						"2.5833": [47.5, 0, 0]
					}
				},
				"finger_left": {
					"rotation": [0, 0, 25]
				},
				"finger_left2": {
					"rotation": [0, 0, 15]
				},
				"finger_left3": {
					"rotation": [0, 0, 20]
				},
				"finger_left4": {
					"rotation": [0, 0, 25]
				},
				"leg_right": {
					"rotation": {
						"0.0": [1.10693, 12.45167, 17.62076],
						"0.0417": [-41.39, 12.45, 17.62],
						"0.125": [0, 0, 0],
						"0.25": [-32.5, 0, 25],
						"0.375": [0, 0, 0],
						"0.6667": [-47.5, 0, 17.5],
						"0.7917": [0, 0, 20],
						"1.125": [-7.5, 0, 20],
						"1.2083": [-25, 0, 20],
						"1.3333": [0, 0, 17.5],
						"1.5417": [-57.5, 0, 27.5],
						"1.6667": [-65, 12.5, 12.5],
						"1.875": [-57.5, 12.5, 0],
						"2.0": [-25, 0, -2.5],
						"2.2083": [-55.28, 11.11, 3.06],
						"2.2917": [-49.82, 14.97, -5.24],
						"2.375": [-33.35, 18.825, -13.55],
						"2.4583": [-30, 20, -15]
					}
				},
				"leg_right2": {
					"rotation": {
						"0.0": [0, 0, -15],
						"0.0417": [52.5, 0, -15],
						"0.125": [0, 0, 0],
						"0.25": [-10, 0, 0],
						"0.375": [2.5, 0, 0],
						"0.625": [-17.5, 0, -13.5],
						"0.7917": [2.5, 0, -22.5],
						"1.125": [2.5, 0, -22.5],
						"1.2083": [42.5, 0, -22.5],
						"1.3333": [0, 0, 0],
						"1.5417": [0, 0, 0],
						"1.6667": [50, 0, 0],
						"1.875": [42.5, 0, 0],
						"2.0": [-25, 0, 0],
						"2.2083": [0, 0, 0]
					}
				},
				"ear_left": {
					"rotation": {
						"0.0": ["0+Math.cos((query.anim_time) * 90 * 2 - 160) * -2", 0, 10],
						"0.1667": [-27.5, 0, 25],
						"0.4167": [30, 0, 0],
						"0.6667": [15, 0, -22.5],
						"0.8333": [2.5, 0, -3.75],
						"0.9167": [0, 0, 0],
						"1.0833": [-30, 0, 0],
						"1.2083": [20, 0, 0],
						"1.2917": [42.5, 0, 0],
						"1.5417": [32.5, 0, 0],
						"1.6667": [-37.5, 0, 0],
						"1.8333": [40, 0, 0],
						"2.0417": [35, 0, 0],
						"2.2917": [-16.11, 0, 0],
						"2.4167": [-22.5, 0, 0],
						"2.5417": [-20, 0, 0],
						"2.6667": [-7.75, 0, 0],
						"2.75": [-12.12, 0, 0],
						"2.8333": [-19.91, 0, 0],
						"2.9167": [-22.5, 0, 0]
					}
				},
				"ear_right": {
					"rotation": {
						"0.0": [0, 0, 2.5],
						"0.1667": [-27.5, 0, 25],
						"0.4167": [30, 0, 0],
						"0.6667": [15, 0, -22.5],
						"0.8333": [2.5, 0, -3.75],
						"0.9167": [0, 0, 0],
						"1.0833": [-30, 0, 0],
						"1.2083": [20, 0, 0],
						"1.2917": [42.5, 0, 0],
						"1.5417": [32.5, 0, 0],
						"1.6667": [-37.5, 0, 0],
						"1.8333": [40, 0, 0],
						"2.0417": [35, 0, 0],
						"2.2917": [-16.11, 0, 0],
						"2.4167": [-22.5, 0, 0],
						"2.5417": [-20, 0, 0],
						"2.6667": [-7.75, 0, 0],
						"2.75": [-12.12, 0, 0],
						"2.8333": [-19.91, 0, 0],
						"2.9167": [-22.5, 0, 0]
					}
				},
				"hair_right3": {
					"rotation": {
						"0.0": [0, 7.5, 17.5],
						"2.2083": [0, 7.5, 17.5],
						"2.7083": [0, 0, -29.45],
						"2.8333": [0, 0, -30]
					}
				},
				"hair_left2": {
					"rotation": {
						"0.0": [0, 0, -2.5],
						"0.0833": [0, 0, 0],
						"0.2917": [0, 0, -22.5],
						"0.4583": [0, 0, 15],
						"0.6667": [-25, 0, 0],
						"1.0": [0, 0, 0],
						"1.2083": [-0.29, 0, 0],
						"1.375": [24, 0, 0],
						"1.6667": [0, 0, -32.5],
						"1.875": [0, 0, 0],
						"2.0833": [17.5, 0, 0],
						"2.2083": [-22.5, 0, 0],
						"2.6667": [-2.5, 0, 2.22],
						"2.7917": [0, 0, 2.5]
					}
				},
				"hair_left3": {
					"rotation": {
						"0.0": [0, -12.5, -37.5],
						"2.25": [0, -12.5, -37.5],
						"2.4583": [-20, -6.62, -10.47],
						"2.75": [-2.3, -0.92, 15.05],
						"2.875": [0, 0, 20]
					}
				},
				"hammer": {
					"rotation": {
						"0.0": [0, 0, 57.5],
						"0.6667": {"pre": [0, 0, 57.5], "post": [-91.5, -116.42, 2.94]},
						"0.9167": [-91.5, -351.75, 26.5],
						"1.0417": [-91.5, -370, 79],
						"1.125": {
							"pre": [-88.55, -370, 84.1],
							"post": [-88.55, -370, 84.1],
							"lerp_mode": "catmullrom"
						},
						"1.25": {
							"post": [-87.675, -370, 82.025],
							"lerp_mode": "catmullrom"
						},
						"1.3333": [-87.5, -372.5, 79],
						"1.625": [-87.5, -372.5, 79],
						"1.7083": [-87.5, -372.5, 79.5],
						"1.7917": [-87.5, -372.5, 79],
						"2.0417": [-87.5, -372.5, 79],
						"2.125": [-87.5, -372.5, 79.5],
						"2.2083": [-87.5, -372.5, 79],
						"2.25": {"pre": [-87.5, -372.5, 79], "post": [-87.5, -12.5, 79]}
					},
					"position": {
						"0.0": [0, 0, 0],
						"0.6667": {"pre": [0, 0, 0], "post": [-31.695, 1.33, -6.375]},
						"0.875": [-21.9, 1, -1.375],
						"1.0417": [-18.975, -3.375, -1.375],
						"1.625": [-18.975, -3.375, -1.375],
						"1.7083": [-18.97, -3.52, -1.37],
						"1.7917": [-18.975, -3.375, -1.375],
						"2.0417": [-18.975, -3.375, -1.375],
						"2.125": [-18.97, -3.52, -1.37],
						"2.2083": [-18.975, -3.375, -1.375]
					}
				},
				"leg_left": {
					"rotation": {
						"0.0": [1.10693, -12.45167, -17.62076],
						"0.0417": [-41.39, -12.45, -17.62],
						"0.125": [0, 0, 0],
						"0.25": [-32.5, 0, -25],
						"0.375": [0, 0, 0],
						"0.6667": [-47.5, 0, -55],
						"0.7917": [0, 0, -42.5],
						"1.125": [-7.5, 0, -20],
						"1.2083": [-25, 0, -20],
						"1.3333": [0, 0, -17.5],
						"1.5417": [-57.5, 0, -27.5],
						"1.6667": [-65, -12.5, -12.5],
						"1.875": [-57.5, -12.5, 0],
						"2.0": [-25, 0, 2.5],
						"2.1667": [-5, 0, 5]
					}
				},
				"leg_left2": {
					"rotation": {
						"0.0": [0, 0, 15],
						"0.0417": [52.5, 0, 15],
						"0.125": [0, 0, 0],
						"0.25": [-10, 0, 0],
						"0.375": [2.5, 0, 0],
						"0.625": [-17.5, 0, 13.5],
						"0.7917": [2.5, 0, 22.5],
						"1.125": [2.5, 0, 22.5],
						"1.2083": [42.5, 0, 22.5],
						"1.3333": [0, 0, 0],
						"1.5417": [0, 0, 0],
						"1.6667": [50, 0, 0],
						"1.875": [42.5, 0, 0],
						"2.0": [-25, 0, 0],
						"2.1667": [5, 0, 0]
					}
				},
				"hand_hammer_right": {
					"rotation": {
						"0.0": [7.89416, -12.67172, -34.14474],
						"0.6667": {"pre": [7.89416, -12.67172, -34.14474], "post": [0, 0, 0]}
					}
				},
				"arm_hammer_right": {
					"rotation": {
						"0.0": [-88.4259, -17.43127, -5.24133],
						"0.1667": [-88.61, -5.3, -25.2],
						"0.3333": [-88.43, 32.57, -0.74],
						"0.5": [-82.18, 33.32, -6.49],
						"0.625": [-81.90463, -36.16006, -15.60175],
						"0.6667": {"pre": [-81.90463, -36.16006, -15.60175], "post": [0, 0, 0]}
					}
				},
				"body": {
					"rotation": {
						"0.0": [0, 0, 0],
						"0.3333": {
							"pre": [0, 23, 0],
							"post": [0, 23, 0],
							"lerp_mode": "catmullrom"
						},
						"0.4583": {
							"post": [0, -13.25, 0],
							"lerp_mode": "catmullrom"
						},
						"0.7083": {
							"post": [0, -45.32, 0],
							"lerp_mode": "catmullrom"
						},
						"0.9167": {
							"post": [0, -58.57, 0],
							"lerp_mode": "catmullrom"
						},
						"1.1667": {
							"post": [0, -88.57, 0],
							"lerp_mode": "catmullrom"
						},
						"1.625": {
							"post": [0, -88.57, 0],
							"lerp_mode": "catmullrom"
						},
						"1.75": [17.5, -56.07, 0],
						"1.8333": [14.41, -50.13, 0],
						"1.9167": [-0.95, -39.33, 0],
						"2.0417": [-61.5, 0, 0],
						"2.125": [-67.225, 0, 0],
						"2.2083": [-67.275, 0, 0],
						"2.375": [-61.5, 0, 0]
					},
					"position": {
						"0.0": [0, 0, 0],
						"0.0417": {
							"pre": [-1.24, -1.375, 0],
							"post": [-1.24, -1.375, 0],
							"lerp_mode": "catmullrom"
						},
						"0.0833": {
							"post": [-3.94, 0.915, 0],
							"lerp_mode": "catmullrom"
						},
						"0.1667": {
							"post": [-13.605, 3.89, 0],
							"lerp_mode": "catmullrom"
						},
						"0.25": {
							"post": [-21.71, 3.53, 0],
							"lerp_mode": "catmullrom"
						},
						"0.2917": {
							"post": [-24.475, 1.025, 0],
							"lerp_mode": "catmullrom"
						},
						"0.3333": {
							"post": [-26.78, -0.42, 0],
							"lerp_mode": "catmullrom"
						},
						"0.4167": {
							"post": [-28.48, 0.5, 0],
							"lerp_mode": "catmullrom"
						},
						"0.5417": {
							"post": [-30.075, 0.5, 0],
							"lerp_mode": "catmullrom"
						},
						"0.6667": [-41.61, -1.56, 0],
						"0.75": [-48.575, 0, 0],
						"0.9583": [-49.825, 0, 0],
						"1.1667": [-44.58, 0.1, 0],
						"1.2083": [-42.81, -2.19, 0],
						"1.25": {
							"pre": [-40.36, 0.51, -1],
							"post": [-40.36, 0.51, -1],
							"lerp_mode": "catmullrom"
						},
						"1.2917": {
							"post": [-27.86, 11.15, -2],
							"lerp_mode": "catmullrom"
						},
						"1.4167": {
							"post": [-14.49, 20.3, -2],
							"lerp_mode": "catmullrom"
						},
						"1.5417": {
							"post": [-4.74, 19.4, -2],
							"lerp_mode": "catmullrom"
						},
						"1.625": [-1, 13, -2],
						"1.6667": [0, 11.5, -2],
						"1.75": [0.75, 10.75, -2],
						"1.9167": [0.75, 11.25, -2],
						"2.0417": {
							"pre": [0, 9, 0],
							"post": [0, 9, 0],
							"lerp_mode": "catmullrom"
						},
						"2.125": {
							"post": [0, 8.025, -0.15],
							"lerp_mode": "catmullrom"
						},
						"2.2083": {
							"post": [0, -3.3, 0],
							"lerp_mode": "catmullrom"
						},
						"2.2917": [0, -2, 0]
					},
					"scale": {
						"0.0": [1, 1, 1],
						"0.0417": [1.1, 0.9, 1.2],
						"0.125": [0.9, 1.1, 1],
						"0.2083": [1, 1, 1],
						"0.3333": [1, 1, 1],
						"0.375": [1.1, 0.9, 1.1],
						"0.4583": [1, 1, 1],
						"0.625": [1, 1, 1],
						"0.7083": [1.2, 0.9, 1],
						"0.75": [1, 1, 1],
						"1.1667": [1, 1, 1],
						"1.2083": [1, 0.8, 1.2],
						"1.2917": [0.8, 1.4, 0.8],
						"1.4167": [1, 1, 1],
						"1.625": [1, 1, 1],
						"1.7083": [0.9, 0.8, 1.2],
						"1.8333": [1, 1, 1]
					}
				},
				"eyelid_left": {
					"position": {
						"0.0": [0, 0, -0.1],
						"0.0417": [0, 0, -0.1],
						"0.0833": [0, 0, 0],
						"0.625": [0, 0, 0],
						"0.6667": [0, 0, -0.1],
						"0.75": [0, 0, -0.1],
						"0.7917": [0, 0, 0],
						"1.2083": [0, 0, 0],
						"1.25": [0, 0, -0.1],
						"1.3333": [0, 0, -0.1],
						"1.375": [0, 0, 0],
						"1.6667": [0, 0, 0],
						"1.7083": [0, 0, -0.1]
					}
				},
				"eyelid_right": {
					"position": {
						"0.0": [0, 0, -0.1],
						"0.0417": [0, 0, -0.1],
						"0.0833": [0, 0, 0],
						"0.625": [0, 0, 0],
						"0.6667": [0, 0, -0.1],
						"0.75": [0, 0, -0.1],
						"0.7917": [0, 0, 0],
						"1.2083": [0, 0, 0],
						"1.25": [0, 0, -0.1],
						"1.3333": [0, 0, -0.1],
						"1.375": [0, 0, 0],
						"1.6667": [0, 0, 0],
						"1.7083": [0, 0, -0.1]
					}
				},
				"mouth_open": {
					"position": {
						"0.0": [0, 0, -0.125],
						"0.375": [0, 0, -0.125],
						"0.4167": [0, 0, 0],
						"0.625": [0, 0, 0],
						"0.6667": [0, 0, -0.125],
						"1.0833": [0, 0, -0.125],
						"1.125": [0, 0, 0],
						"2.3333": [0, 0, 0],
						"2.375": [0, 0, -0.125],
						"2.75": [0, 0, -0.125],
						"2.7917": [0, 0, 0]
					}
				},
				"mouth_closed": {
					"position": {
						"0.0": [0, 0, 0.1],
						"0.375": [0, 0, 0.1],
						"0.4167": [0, 0, 0],
						"0.625": [0, 0, 0],
						"0.6667": [0, 0, 0.1],
						"1.0833": [0, 0, 0.1],
						"1.125": [0, 0, 0],
						"2.3333": [0, 0, 0],
						"2.375": [0, 0, 0.1],
						"2.75": [0, 0, 0.1],
						"2.7917": [0, 0, 0]
					}
				},
				"hammer_handle": {
					"rotation": {
						"0.625": [0, 0, 0],
						"0.6667": [0, 0, -47.5],
						"1.0": [0, 0, 0]
					},
					"position": {
						"0.625": [0, 0.75, -3],
						"0.6667": [-1, -3, 0],
						"0.8333": [0, 0, 0]
					}
				},
				"body_hammer": {
					"rotation": {
						"0.0": [0, 0, 0],
						"0.3333": {
							"pre": [0, 23, 0],
							"post": [0, 23, 0],
							"lerp_mode": "catmullrom"
						},
						"0.4583": {
							"post": [0, -13.25, 0],
							"lerp_mode": "catmullrom"
						},
						"0.625": [0, -46.32, 0],
						"0.6667": {"pre": [0, -46.32, 0], "post": [0, -1, 0]}
					},
					"position": {
						"0.0": [0, 0, 0],
						"0.0417": {
							"pre": [-1.24, -1.375, 0],
							"post": [-1.24, -1.375, 0],
							"lerp_mode": "catmullrom"
						},
						"0.0833": {
							"post": [-3.94, 0.915, 0],
							"lerp_mode": "catmullrom"
						},
						"0.1667": {
							"post": [-13.605, 3.89, 0],
							"lerp_mode": "catmullrom"
						},
						"0.25": {
							"post": [-21.71, 3.53, 0],
							"lerp_mode": "catmullrom"
						},
						"0.2917": {
							"post": [-24.475, 1.025, 0],
							"lerp_mode": "catmullrom"
						},
						"0.3333": {
							"post": [-26.78, -0.42, 0],
							"lerp_mode": "catmullrom"
						},
						"0.4167": {
							"post": [-28.48, 0.5, 0],
							"lerp_mode": "catmullrom"
						},
						"0.5417": {
							"post": [-30.075, 0.5, 0],
							"lerp_mode": "catmullrom"
						},
						"0.625": [-41.61, -1.56, 0],
						"0.6667": {"pre": [-41.61, -1.56, 0], "post": [4, 0, 0]},
						"0.9167": [0, 0, 0]
					}
				},
				"torso_hammer": {
					"rotation": {
						"0.0": [-15, 0, -5],
						"0.125": [7.5, 11.81, -5],
						"0.3333": {
							"pre": [0, 35.75, -5],
							"post": [0, 35.75, -5],
							"lerp_mode": "catmullrom"
						},
						"0.4583": {
							"post": [-15, 48.25, -5],
							"lerp_mode": "catmullrom"
						},
						"0.5833": {
							"post": [-1.25, -12, -5],
							"lerp_mode": "catmullrom"
						},
						"0.625": [5, -37.75, -5],
						"0.6667": {"pre": [5, -37.75, -5], "post": [0, 0, 0]}
					},
					"position": [-0.25, 0, 0]
				}
			}
		},
		"animation.demon_tinkaton.faint": {
			"loop": true,
			"animation_length": 3,
			"bones": {
				"tinkaton": {
					"rotation": {
						"0.0": [0, 0, 0],
						"0.25": [0, 67.5, 0]
					}
				},
				"body": {
					"rotation": {
						"0.0": [0, 0, 0],
						"0.0833": [0, 6.22, 0],
						"0.25": {
							"pre": [0, 54.17, 0],
							"post": [0, 54.17, 0],
							"lerp_mode": "catmullrom"
						},
						"0.5417": {
							"post": [0, 79.8, 0],
							"lerp_mode": "catmullrom"
						},
						"0.7083": {
							"post": [0, 96.85, 0],
							"lerp_mode": "catmullrom"
						},
						"0.9583": {
							"post": [10, 153.75, 0],
							"lerp_mode": "catmullrom"
						},
						"1.125": [31.25, 272.825, 0],
						"1.375": [84.15, 307.45, 0],
						"1.5833": [87.5, 319.95, 0],
						"1.7917": [87.5, 320.475, 0]
					},
					"position": {
						"0.0": [0, 0, 0],
						"0.0833": [-0.35, 0, 0.7],
						"0.25": {
							"pre": [-1.7, 0, 2.475],
							"post": [-1.7, 0, 2.475],
							"lerp_mode": "catmullrom"
						},
						"0.5833": {
							"post": [-2.5, 0, 5.5],
							"lerp_mode": "catmullrom"
						},
						"0.7083": {
							"post": [-2.5, 0, 6.9],
							"lerp_mode": "catmullrom"
						},
						"0.875": {
							"post": [1.47, 0, 9.1],
							"lerp_mode": "catmullrom"
						},
						"0.9583": {
							"post": [1.87, -0.06, 9.32],
							"lerp_mode": "catmullrom"
						},
						"1.0417": {
							"post": [5.83, -0.12, 9.25],
							"lerp_mode": "catmullrom"
						},
						"1.1667": [12.25, -0.5, 8],
						"1.25": {
							"pre": [14.75, -2.75, 4.5],
							"post": [14.75, -2.75, 4.5],
							"lerp_mode": "catmullrom"
						},
						"1.375": {
							"post": [16.025, -5, 2.775],
							"lerp_mode": "catmullrom"
						},
						"1.5": {
							"post": [16.025, -5.75, 1.85],
							"lerp_mode": "catmullrom"
						},
						"1.6667": [16.025, -5, 1.55],
						"2.0833": [16.025, -5, 1.55],
						"2.1667": {
							"pre": [16.025, 1.75, 1.55],
							"post": [16.025, 1.75, 1.55],
							"lerp_mode": "catmullrom"
						},
						"2.4583": {
							"post": [16.025, 3, 1.55],
							"lerp_mode": "catmullrom"
						},
						"2.5417": [16.025, -5, 1.55],
						"2.625": [16.025, -5.5, 1.55],
						"2.7083": [16.025, -5, 1.55]
					},
					"scale": {
						"1.4167": [1, 1, 1],
						"1.5": [1.2, 1.25, 0.85],
						"1.5833": [1, 1, 1],
						"2.5417": [1, 1, 1],
						"2.625": [1.1, 1.1, 0.9],
						"2.7083": [1, 1, 1]
					}
				},
				"torso": {
					"rotation": {
						"0.0": [0, 0, 0],
						"0.25": {
							"pre": [0, -20, -15],
							"post": [0, -20, -15],
							"lerp_mode": "catmullrom"
						},
						"0.5833": {
							"post": [0, 12.5, -2.5],
							"lerp_mode": "catmullrom"
						},
						"0.9583": {
							"post": [-15, -40.1, 7.5],
							"lerp_mode": "catmullrom"
						},
						"1.1667": [-17.5, 42.5, 0],
						"1.3333": [-17.5, 39, 0],
						"1.4583": [0, 6.25, 0],
						"1.6667": [2.5, 1, 0]
					},
					"position": {
						"0.0": [0, 0, 0],
						"0.2083": [0, 0.5, 0],
						"0.4583": [0, 0, 0],
						"0.7083": [0, 0, 0],
						"0.875": [0, 0.75, 0],
						"1.0": [0, 0, 0]
					}
				},
				"skirt_front_right": {
					"rotation": {
						"1.3333": [0, 0, 0],
						"1.4167": [55, 0, 0]
					}
				},
				"skirt_front_left": {
					"rotation": {
						"1.3333": [0, 0, 0],
						"1.4167": [55, 0, 0]
					}
				},
				"skirt_back_left": {
					"rotation": {
						"1.4167": [0, 0, 0],
						"1.5417": [-32.5, 0, 0]
					}
				},
				"skirt_back_right": {
					"rotation": {
						"1.4167": [0, 0, 0],
						"1.5417": [-32.5, 0, 0]
					}
				},
				"head": {
					"rotation": {
						"0.0": [0, 0, 0],
						"0.1667": [0, 7.5, 10],
						"0.375": [0, 15, -3.425],
						"0.5417": {
							"pre": [-1.82, 12.73, -19.01],
							"post": [-1.82, 12.73, -19.01],
							"lerp_mode": "catmullrom"
						},
						"0.8333": {
							"post": [22.5, -10, -11.25],
							"lerp_mode": "catmullrom"
						},
						"1.0417": {
							"post": [2.5, -62.5, 5],
							"lerp_mode": "catmullrom"
						},
						"1.3333": [-37.5, 12.5, -11.5],
						"1.4583": [-85, 3.25, -11.5],
						"1.5833": {
							"pre": [-90, 0, -11.5],
							"post": [-90, 0, -11.5],
							"lerp_mode": "catmullrom"
						},
						"1.7083": {
							"post": [-85.9, 0, -11.5],
							"lerp_mode": "catmullrom"
						},
						"1.7917": [-85.5, 0, -11.5],
						"2.0833": [-85.5, 0, -11.5],
						"2.25": {
							"pre": [-70.5, 0, -11.5],
							"post": [-70.5, 0, -11.5],
							"lerp_mode": "catmullrom"
						},
						"2.4167": {
							"post": [-74.87, 0, -11.5],
							"lerp_mode": "catmullrom"
						},
						"2.5833": {
							"post": [-94, 0, -11.5],
							"lerp_mode": "catmullrom"
						},
						"2.6667": [-83.5, 0, -11.5]
					},
					"position": {
						"1.3333": [0, 0, 0],
						"1.4583": [-1, 4, -2]
					}
				},
				"ear_left": {
					"rotation": {
						"0.0": [0, 0, 0],
						"0.2917": [-22.5, 0, 17.5],
						"0.7917": [12.5, 0, 17.5],
						"1.0833": [12.5, 0, 22.5],
						"1.375": [-35, 0, 0],
						"1.5417": [-60, 0, 0],
						"1.6667": [-46.575, 0, 0],
						"1.8333": [-42, 0, 0],
						"2.125": [-42, 0, 0],
						"2.2083": [-74.5, 0, 0],
						"2.4167": [-64.5, 0, 0],
						"2.5": [-22, 0, 0],
						"2.625": [-47, 0, 0],
						"2.7917": [-56.15, 0, 0]
					}
				},
				"ear_right": {
					"rotation": {
						"0.0": [0, 0, 0],
						"0.25": [-27.5, 0, 7.5],
						"0.7083": [0, 0, 0],
						"0.9167": [27.5, 0, 0],
						"1.0833": [27.5, 0, 5],
						"1.375": [-35, 0, 0],
						"1.5417": [-60, 0, 0],
						"1.6667": [-46.575, 0, 0],
						"1.8333": [-42, 0, 0],
						"2.125": [-42, 0, 0],
						"2.2083": [-74.5, 0, 0],
						"2.4167": [-64.5, 0, 0],
						"2.5": [-22, 0, 0],
						"2.625": [-47, 0, 0],
						"2.7917": [-56.15, 0, 0]
					}
				},
				"eyelid_left": {
					"position": [0, 0, -0.125]
				},
				"eyelid_right": {
					"position": [0, 0, -0.125]
				},
				"hair_right": {
					"rotation": {
						"0.0": [20, 17.5, 17.5],
						"0.25": [-35, 17.5, 37.5],
						"0.5833": [-32.5, 17.5, 37.5],
						"0.9167": [17.5, 17.5, 17.5],
						"1.2083": [-30, 17.5, 17.5],
						"1.4583": {
							"pre": [49.6, -17.5, 50],
							"post": [49.6, -17.5, 50],
							"lerp_mode": "catmullrom"
						},
						"1.625": {
							"post": [66.85, 32.075, 77.5],
							"lerp_mode": "catmullrom"
						},
						"1.75": {
							"post": [66.85, 37.725, 77.5],
							"lerp_mode": "catmullrom"
						},
						"2.0833": {
							"post": [66.85, 38.475, 77.5],
							"lerp_mode": "catmullrom"
						},
						"2.125": {
							"post": [66.85, 38.475, 77.5],
							"lerp_mode": "catmullrom"
						},
						"2.2083": [58.625, 67.5, 77.5],
						"2.375": [48.625, 61, 77.5],
						"2.5417": [43.925, -15, 77.5],
						"2.6667": [42.15, 40, 77.5],
						"2.7917": [42.15, 45, 77.5]
					}
				},
				"hair_right2": {
					"rotation": {
						"0.0": [0, 0, 10],
						"0.2083": [-32.5, 0, -25],
						"0.4167": [-22.5, 0, 12.5],
						"0.6667": [0, 0, 27.5],
						"0.9167": [8, 0, 10],
						"1.0833": [-32, 0, 10],
						"1.5": [0, 0, 10]
					}
				},
				"hair_right3": {
					"rotation": [0, 0, 17.5]
				},
				"hair_left": {
					"rotation": {
						"0.0": [20, -17.5, -17.5],
						"0.25": [62.5, -17.5, -40],
						"0.625": [-27.5, -17.5, -30],
						"0.875": [-35, -17.5, -40],
						"1.0833": [45, -17.5, -40],
						"1.3333": [70, -2.5, -77.5],
						"1.5": [70, -7.5, -77.5],
						"1.625": [47.5, -32.075, -77.5],
						"1.75": [47.5, -37.725, -77.5],
						"2.0417": [47.5, -38.475, -77.5],
						"2.0833": [47.5, -38.475, -77.5],
						"2.2083": [47.5, -67.5, -77.5],
						"2.375": [47.5, -61, -77.5],
						"2.5417": [47.5, 15, -77.5],
						"2.6667": [47.5, -40, -77.5],
						"2.7917": [47.5, -45, -77.5]
					}
				},
				"hair_left2": {
					"rotation": {
						"0.0": [0, 0, -10],
						"0.25": [25, 0, -10],
						"0.7083": [-22.5, 0, -10],
						"0.9583": [4.17, 0, -10],
						"1.0833": [32.5, 0, -10],
						"1.4583": [0, 0, -10]
					}
				},
				"hair_left3": {
					"rotation": [0, 0, -17.5]
				},
				"arm_left": {
					"rotation": {
						"0.0": [0, 0, 40],
						"0.2917": [-12.5, 0, 15],
						"0.5833": [-12.5, 30, 15],
						"0.7917": [-12.5, 37.5, 27.5],
						"1.0417": [-12.5, 5, 15],
						"1.1667": [-50, -65, 2.5],
						"1.375": [-93.43, -45.07, -23.76],
						"1.5417": [-93.43, 4.93, -23.76],
						"1.6667": [-93.43, 10.255, -23.76],
						"1.7917": [-93.43, 4.63, -23.76],
						"1.9583": [-93.43, 2.43, -23.76],
						"2.125": [-93.43, 2.43, -23.76],
						"2.2083": [-93.43, 39.93, -23.76],
						"2.4167": {
							"pre": [-93.43, 28.79, -23.76],
							"post": [-93.43, 28.79, -23.76],
							"lerp_mode": "catmullrom"
						},
						"2.625": {
							"post": [-93.43, -35.07, -23.76],
							"lerp_mode": "catmullrom"
						},
						"2.7083": [-93.43, -5.07, -23.76],
						"2.7917": [-93.43, -0.07, -23.76]
					}
				},
				"hand_left": {
					"rotation": {
						"0.0": [0, 10, 0],
						"0.1667": [1.13, 42.88, 1.66],
						"0.4583": [3.1, 6.57, 4.57],
						"0.8333": [5.64, 32.3, 8.31],
						"1.1667": [7.89, 12.67, 11.64],
						"1.375": [7.89, 12.67, -18.36],
						"1.5833": [7.89, 12.67, 4.14],
						"1.8333": [7.89, 12.67, 9.14],
						"2.0417": [7.89, 12.67, 9.14],
						"2.1667": [7.89, 12.67, 21.64],
						"2.375": [7.89, 12.67, 15.64],
						"2.5": [7.89, 12.67, -9.36],
						"2.5833": [0, 0, 5.125],
						"2.7083": [0, 0, 10.375],
						"2.8333": [0, 0, 11.65]
					}
				},
				"finger_left": {
					"rotation": [0, 0, 17.5]
				},
				"finger_left2": {
					"rotation": [0, 0, 17.5]
				},
				"finger_left3": {
					"rotation": [0, 0, 17.5]
				},
				"finger_left4": {
					"rotation": [0, 0, 17.5]
				},
				"arm_right": {
					"rotation": {
						"0.0": [-88.4259, -17.43127, -5.24133],
						"0.1667": {
							"pre": [-88.43, -32.43, -5.24],
							"post": [-88.43, -32.43, -5.24],
							"lerp_mode": "catmullrom"
						},
						"0.4583": {
							"post": [-88.43, 20.07, -5.24],
							"lerp_mode": "catmullrom"
						},
						"0.625": {
							"post": [-84.86, 8.64, -5.24],
							"lerp_mode": "catmullrom"
						},
						"0.7917": {
							"post": [-63.43, -59.93, -5.24],
							"lerp_mode": "catmullrom"
						},
						"0.9167": {
							"post": [-63.43, -49.555, -5.24],
							"lerp_mode": "catmullrom"
						},
						"1.0417": [-35.93, 29.57, -5.24],
						"1.375": [-93.43, 45.07, -5.24],
						"1.5417": [-93.43, -4.93, -5.24],
						"1.6667": [-93.43, -10.255, -5.24],
						"1.7917": [-93.43, -4.63, -5.24],
						"1.9167": [-93.43, -2.43, -5.24],
						"2.0833": [-93.43, -2.43, -5.24],
						"2.1667": [-93.43, -39.93, -5.24],
						"2.375": {
							"pre": [-93.43, -28.79, -5.24],
							"post": [-93.43, -28.79, -5.24],
							"lerp_mode": "catmullrom"
						},
						"2.5833": {
							"post": [-93.43, 35.07, -5.24],
							"lerp_mode": "catmullrom"
						},
						"2.6667": [-93.43, 5.07, -5.24],
						"2.75": [-93.43, 0.07, -5.24]
					}
				},
				"hand_right": {
					"rotation": {
						"0.0": [7.89416, -12.67172, -34.14474],
						"0.1667": {
							"pre": [7.89, -12.67, -46.64],
							"post": [7.89, -12.67, -46.64],
							"lerp_mode": "catmullrom"
						},
						"0.4583": {
							"post": [7.89, -12.67, 0.86],
							"lerp_mode": "catmullrom"
						},
						"0.6667": {
							"post": [7.89, -12.67, 25.86],
							"lerp_mode": "catmullrom"
						},
						"0.9167": {
							"post": [7.89, -12.67, -26.64],
							"lerp_mode": "catmullrom"
						},
						"1.1667": [7.89, -12.67, -11.64],
						"1.375": [7.89, -12.67, 18.36],
						"1.5833": [7.89, -12.67, -4.14],
						"1.8333": [7.89, -12.67, -9.14],
						"2.0417": [7.89, -12.67, -9.14],
						"2.1667": [7.89, -12.67, -21.64],
						"2.375": [7.89, -12.67, -15.64],
						"2.5": [7.89, -12.67, 9.36],
						"2.5833": [0, 0, -5.125],
						"2.7083": [0, 0, -10.375],
						"2.8333": [0, 0, -11.65]
					}
				},
				"finger_right": {
					"rotation": [0, 0, -37.5]
				},
				"finger_right2": {
					"rotation": [0, 0, -37.5]
				},
				"finger_right3": {
					"rotation": [0, 0, -42.5]
				},
				"finger_right4": {
					"rotation": [0, 0, -37.5]
				},
				"hammer": {
					"rotation": {
						"0.0": [25, -10, -135],
						"0.2083": [2.5, 7.5, -135],
						"0.4583": [25, -35, -135],
						"0.6667": [-30, -26.67, -135],
						"0.7917": [-66.92035, -43.061, -117.92159],
						"0.9583": [-28.5, -5.5, -135],
						"1.0": [25.02728, 41.44297, -158.28269],
						"1.125": [-15, 0, -135]
					},
					"position": {
						"1.0833": [0, 0, 0],
						"2.0833": [0, 0, 0],
						"2.125": ["0+Math.cos((query.anim_time) * 90 * 36) * 5", 0, 0],
						"2.5": [0, 0, 0]
					}
				},
				"hammer_handle": {
					"rotation": {
						"1.0417": [0, 0, 0],
						"1.1667": [-18.24, 1.54, 0],
						"1.5833": [-302.08, 20, 0],
						"1.75": [-345.66, 25, 0],
						"1.9167": [-358, 27.5, 0],
						"2.0833": [-350.5, 27.5, 0],
						"2.1667": [-348, 30, 0]
					},
					"position": {
						"1.0": [0, 0, 0],
						"1.0417": [3.51945, -2.99614, -1.56746],
						"1.0833": [2.53577, -12.85527, -7.77371],
						"1.125": [14.73961, -30.70784, -8.54759],
						"1.1667": [35.16952, -34.9281, -15.95744],
						"1.2083": [51.48175, -33.2138, -13.47612],
						"1.2917": [77.1703, -21.46617, 0.53277],
						"1.3333": [85.67782, -12.01988, 11.95247],
						"1.375": [86.95424, -5.52434, 42.398],
						"1.4167": [82.40967, -7.70123, 62.03643],
						"1.4583": [75.3756, -7.217, 87.62687],
						"1.5": [78.19699, -5.89983, 98.77183],
						"1.5833": [71.75428, -11.44616, 85.22181],
						"1.6667": [69.32456, -12.6388, 86.55576],
						"1.9167": [66.88549, -12.96961, 81.77104],
						"2.0417": [56.76035, -13.49956, 63.91762],
						"2.125": [29.95482, -14.49153, 15.64551],
						"2.1667": [25.99347, -14.71901, 8.6963],
						"2.2083": [26.02406, -14.68976, 8.67889],
						"2.375": [26.80782, -14.79482, 10.03574],
						"2.4583": [27.1626, -14.85676, 10.65223],
						"2.5417": [30.84184, -14.97055, 17.44416],
						"2.5833": [30.26771, -14.63946, 19.03136],
						"2.625": [29.57614, -14.10618, 20.85877],
						"2.7083": [31.04909, -15.12851, 17.50429]
					},
					"scale": {
						"2.0417": [1, 1, 1],
						"2.0833": [0.4, 0.6, 1.6],
						"2.1667": [1, 1, 1],
						"2.5417": [1, 1, 1],
						"2.625": [0.9, 0.9, 1.1],
						"2.7083": [1, 1, 1]
					}
				},
				"hammer_middle": {
					"scale": {
						"2.125": [1, 1, 1],
						"2.1667": [1.4, 1.3, 0.5],
						"2.2083": [1, 1, 1]
					}
				},
				"leg_right": {
					"rotation": {
						"0.0": [-30, 0, 17.5],
						"0.2083": [7.5, 0, 17.5],
						"0.375": [7.5, 0, -12.5],
						"0.6667": [7.5, 0, -12.5],
						"0.8333": [-52.5, -7.5, -15],
						"1.25": [-52.5, -7.5, -15],
						"1.4583": [0, 0, 0],
						"1.625": [-22.3, 0, 0],
						"1.7917": [-26.5, 0, 0],
						"2.0833": [-26.5, 0, 0],
						"2.2083": [-66.5, 0, 0],
						"2.5": [18.5, 0, 0],
						"2.625": [-19, 0, 0],
						"2.7917": [-26.5, 0, 0]
					}
				},
				"leg_right2": {
					"rotation": {
						"0.0": [32.5, 0, 0],
						"0.2083": [10, 0, 0],
						"0.375": [-7.5, 0, 0],
						"0.875": [-7.5, 0, 0],
						"1.0": [25, 0, 0]
					}
				},
				"leg_left": {
					"rotation": {
						"0.0": [0, -10, -10],
						"0.25": [0, -10, -22.5],
						"0.375": [-32.5, -10, -22.5],
						"0.625": [-35, -10, -22.5],
						"0.7917": [-2.5, -10, -22.5],
						"1.4583": [0, -10, -22],
						"1.625": [-22.3, -10, -22],
						"1.7917": [-26.5, -10, -22],
						"2.125": [-26.5, -10, -22],
						"2.25": [-66.5, -10, -22],
						"2.5417": [18.5, -10, -22],
						"2.6667": [-19, -10, -22],
						"2.8333": [-26.5, -10, -22]
					},
					"position": {
						"0.0": [0, 0, 0],
						"0.1667": [0, -0.75, 0],
						"0.2917": [0, 0, 0],
						"0.6667": [0, 0, 0],
						"0.7917": [0, -0.5, 0]
					}
				},
				"leg_left2": {
					"rotation": {
						"0.0": [0, 0, 7.5],
						"0.25": [0, 0, 7.5],
						"0.375": [45, 0, 7.5],
						"0.625": [12.5, 0, 7.5],
						"0.7917": [12.5, 0, 12.5],
						"1.375": [25, 0, 0]
					}
				},
				"arm_hammer_right": {
					"rotation": {
						"0.0": [-88.4259, -17.43127, -5.24133],
						"0.1667": {
							"pre": [-88.43, -32.43, -5.24],
							"post": [-88.43, -32.43, -5.24],
							"lerp_mode": "catmullrom"
						},
						"0.4583": {
							"post": [-88.43, 20.07, -5.24],
							"lerp_mode": "catmullrom"
						},
						"0.625": {
							"post": [-84.86, 8.64, -5.24],
							"lerp_mode": "catmullrom"
						},
						"0.7917": {
							"post": [-63.43, -59.93, -5.24],
							"lerp_mode": "catmullrom"
						},
						"0.9167": {
							"post": [-63.43, -49.555, -5.24],
							"lerp_mode": "catmullrom"
						},
						"1.0": [-35.93, 28.57, -5.24]
					}
				},
				"hand_hammer_right": {
					"rotation": {
						"0.0": [7.89416, -12.67172, -34.14474],
						"0.1667": {
							"pre": [7.89, -12.67, -46.64],
							"post": [7.89, -12.67, -46.64],
							"lerp_mode": "catmullrom"
						},
						"0.4583": {
							"post": [7.89, -12.67, 0.86],
							"lerp_mode": "catmullrom"
						},
						"0.6667": {
							"post": [7.89, -12.67, 25.86],
							"lerp_mode": "catmullrom"
						},
						"0.9167": {
							"post": [7.89, -12.67, -26.64],
							"lerp_mode": "catmullrom"
						},
						"1.125": [7.89, -12.67, -11.64]
					}
				},
				"torso_hammer": {
					"rotation": {
						"0.0": [0, 0, 0],
						"0.25": {
							"pre": [0, -20, -15],
							"post": [0, -20, -15],
							"lerp_mode": "catmullrom"
						},
						"0.5833": {
							"post": [0, 12.5, -2.5],
							"lerp_mode": "catmullrom"
						},
						"0.9583": {
							"post": [-15, -40.1, 7.5],
							"lerp_mode": "catmullrom"
						},
						"1.1667": [-17.5, 42.5, 0],
						"1.3333": [-17.5, 39, 0],
						"1.4583": [0, 6.25, 0],
						"1.6667": [2.5, 1, 0]
					},
					"position": {
						"0.0": [0, 0, 0],
						"0.2083": [0, 0.5, 0],
						"0.4583": [0, 0, 0],
						"0.7083": [0, 0, 0],
						"0.875": [0, 0.75, 0],
						"1.0": [0, 0, 0]
					}
				},
				"body_hammer": {
					"rotation": {
						"0.0": [0, 0, 0],
						"0.0833": [0, 6.22, 0],
						"0.25": {
							"pre": [0, 54.17, 0],
							"post": [0, 54.17, 0],
							"lerp_mode": "catmullrom"
						},
						"0.5417": {
							"post": [0, 79.8, 0],
							"lerp_mode": "catmullrom"
						},
						"0.7083": {
							"post": [0, 96.85, 0],
							"lerp_mode": "catmullrom"
						},
						"0.9583": {
							"post": [10, 153.75, 0],
							"lerp_mode": "catmullrom"
						},
						"1.125": [31.25, 272.825, 0],
						"1.375": [84.15, 307.45, 0],
						"1.5833": [87.5, 319.95, 0],
						"1.7917": [87.5, 320.475, 0]
					},
					"position": {
						"0.0": [0, 0, 0],
						"0.0833": [-0.35, 0, 0.7],
						"0.25": {
							"pre": [-1.7, 0, 2.475],
							"post": [-1.7, 0, 2.475],
							"lerp_mode": "catmullrom"
						},
						"0.5833": {
							"post": [-2.5, 0, 5.5],
							"lerp_mode": "catmullrom"
						},
						"0.7083": {
							"post": [-2.5, 0, 6.9],
							"lerp_mode": "catmullrom"
						},
						"0.875": {
							"post": [1.47, 0, 9.1],
							"lerp_mode": "catmullrom"
						},
						"0.9583": {
							"post": [1.87, -0.06, 9.32],
							"lerp_mode": "catmullrom"
						},
						"1.0417": {
							"post": [5.83, -0.12, 9.25],
							"lerp_mode": "catmullrom"
						},
						"1.1667": [12.25, -0.5, 8],
						"1.25": {
							"pre": [14.75, -2.75, 4.5],
							"post": [14.75, -2.75, 4.5],
							"lerp_mode": "catmullrom"
						},
						"1.375": {
							"post": [16.025, -5, 2.775],
							"lerp_mode": "catmullrom"
						},
						"1.5": {
							"post": [16.025, -5.75, 1.85],
							"lerp_mode": "catmullrom"
						},
						"1.6667": [16.025, -5, 1.55],
						"2.0833": [16.025, -5, 1.55],
						"2.1667": {
							"pre": [16.025, 1.75, 1.55],
							"post": [16.025, 1.75, 1.55],
							"lerp_mode": "catmullrom"
						},
						"2.4583": {
							"post": [16.025, 3, 1.55],
							"lerp_mode": "catmullrom"
						},
						"2.5417": [16.025, -5, 1.55],
						"2.625": [16.025, -5.5, 1.55],
						"2.7083": [16.025, -5, 1.55]
					},
					"scale": {
						"1.4167": [1, 1, 1],
						"1.5": [1.2, 1.25, 0.85],
						"1.5833": [1, 1, 1],
						"2.5417": [1, 1, 1],
						"2.625": [1.1, 1.1, 0.9],
						"2.7083": [1, 1, 1]
					}
				}
			}
		},
		"animation.demon_tinkaton.blink": {
			"animation_length": 0.1667,
			"bones": {
				"eyelid_right": {
					"position": {
						"0.0": [0, 0, -0.1],
						"0.125": [0, 0, -0.1],
						"0.1667": [0, 0, 0]
					}
				},
				"eyelid_left": {
					"position": {
						"0.0": [0, 0, -0.1],
						"0.125": [0, 0, -0.1],
						"0.1667": [0, 0, 0]
					}
				}
			}
		},
		"animation.demon_tinkaton.cry": {
			"animation_length": 1.25,
			"bones": {
				"head": {
					"rotation": {
						"0.0": {
							"post": [0, 0, 0],
							"lerp_mode": "catmullrom"
						},
						"0.1667": {
							"post": [-15, 0, 0],
							"lerp_mode": "catmullrom"
						},
						"1.0": {
							"post": [-15, 0, 0],
							"lerp_mode": "catmullrom"
						},
						"1.25": {
							"post": [0, 0, 0],
							"lerp_mode": "catmullrom"
						}
					}
				},
				"mouth_closed": {
					"position": {
						"0.1667": [0, 0, 0],
						"0.25": [0, 0, 0.1],
						"0.9167": [0, 0, 0.1],
						"1.0": [0, 0, 0]
					}
				},
				"mouth_open": {
					"position": {
						"0.0": {
							"post": [0, 0, 0],
							"lerp_mode": "catmullrom"
						},
						"0.1667": {
							"post": [0, 0, -0.1],
							"lerp_mode": "catmullrom"
						},
						"1.0": {
							"post": [0, 0, -0.1],
							"lerp_mode": "catmullrom"
						},
						"1.25": {
							"post": [0, 0, 0],
							"lerp_mode": "catmullrom"
						}
					}
				}
			},
			"sound_effects": {
				"0.0833": {
					"effect": "pokemon.tinkaton.cry"
				}
			}
		},
		"animation.demon_tinkaton.attack_signature": {
			"loop": true,
			"animation_length": 4.5,
			"bones": {
				"body": {
					"rotation": {
						"0.0": [0, 0, 0],
						"0.3333": [0, -32.5, 0],
						"0.5": [0, -38.5, 0],
						"0.6667": [0, -39.5, 0],
						"0.75": [0, -52, 0],
						"0.8333": [0, -34.175, 0],
						"0.9167": [0, 20.87, 0],
						"1.2083": [-12.75, 273.99, 0],
						"1.3333": [-16, 345.745, 0],
						"1.5": [-18.5, 385.775, 0],
						"1.5833": [-19, 393.945, 0],
						"1.6667": [-19.5, 381.455, 0],
						"1.75": [-24.1, 365.265, 0],
						"1.875": [-49.75, 364.83, 0],
						"2.125": [-55.75, 362.48, 0],
						"2.3333": [-52, 362.48, 0],
						"2.4583": [-31, 364.78, 0],
						"2.5833": [36.75, 361.68, 0],
						"2.625": [65.25, 361.68, 0],
						"2.9583": [65.32, 361.68, 0],
						"3.0833": [62.4, 361.68, 0],
						"3.3333": [54.15, 361.68, 0],
						"3.5": [35.09, 361.68, 0],
						"3.625": [0, 360, 0]
					},
					"position": {
						"0.0": [0, 0, 0],
						"0.375": [0, -0.5, 0],
						"0.5833": [0, -0.625, 0],
						"0.7083": [0, -0.625, 0],
						"0.75": [0, -2.37, 0],
						"0.8333": [0, 0.76, 0],
						"0.9583": [0, 23.88, 0],
						"1.0833": [0, 28.88, 0],
						"1.25": [0, 32.13, 0],
						"1.4583": [0, 32.88, 0],
						"1.75": [0, 31.78, 0],
						"1.9167": [0, 23.13, 0],
						"2.375": [0, 20.93, 0],
						"2.5417": [0, 30.63, 0],
						"2.5833": [0, "20.63+Math.cos((query.anim_time) * 90 * 32) * 8", 0],
						"2.75": [0, "20.63+Math.cos((query.anim_time) * 90 * 32) * 8", 0],
						"3.0417": [0, "20.63+Math.cos((query.anim_time) * 90 * 32) * 2", 0],
						"3.25": [0, 19.38, 0],
						"3.4167": [0, 16.03, 0],
						"3.5417": [0, 10.08, 0],
						"3.5833": [0, -3.87, 0],
						"3.6667": [0, -0.945, 0],
						"3.75": [0, 0.665, 0],
						"3.8333": [0, -0.245, 0],
						"3.9583": [0, -0.4, 0],
						"4.1667": [0, 0, 0]
					},
					"scale": {
						"0.7083": [1, 1, 1],
						"0.7917": [1.2, 0.8, 1.1],
						"0.8333": [0.9934, 1.6066, 0.8967],
						"0.9583": [1, 1, 1],
						"3.3333": [1, 1, 1],
						"3.5": [0.9, 1.2, 0.9],
						"3.5833": [1.1, 0.8, 1.1],
						"3.6667": [1, 1, 1]
					}
				},
				"torso": {
					"rotation": {
						"0.0": [0, 0, 0],
						"0.625": [0, -1.87, 0],
						"1.0": [0, 25, 0],
						"1.625": [0, 0, 0],
						"4.5": [0, 0, 0]
					}
				},
				"head": {
					"rotation": {
						"0.0": [0, 0, 0],
						"0.4583": [10, 30, 0],
						"0.6667": [12.5, 32.5, 0],
						"0.9167": [-15, 0, 0],
						"1.5417": [0, 22.5, 0],
						"1.7917": [0, 0, 0],
						"2.0": [-25, 0, 0],
						"2.25": [-17.5, 0, 0],
						"2.5": [35, 0, 0],
						"2.625": [-37.5, 0, 0],
						"2.7083": [5.31, 0, 0],
						"2.9167": [6.89, 0, 0],
						"3.1667": [-4, 0, 0],
						"3.2917": [-18.05, 0, 0],
						"3.5": [-23.25, 0, 0],
						"3.5833": [15, 0, 0],
						"3.7083": [-6.75, 0, 0],
						"3.8333": [-1, 0, 0],
						"3.9583": [0, 0, 0]
					}
				},
				"ear_left": {
					"rotation": {
						"0.0": [0, 0, 0],
						"0.5417": [0, 0, 15],
						"0.7083": [0, 0, 20],
						"0.875": [0, 0, 40],
						"1.5": [0, 0, 0],
						"1.7083": [0, 0, 0],
						"1.8333": [42.5, 0, 0],
						"2.25": [30, 0, 0],
						"2.5": [-52.5, 0, 0],
						"2.7917": [-25.25, 0, 0],
						"3.0": ["0+Math.cos((query.anim_time) * 90 * 24 - 90) * 20", 0, 0],
						"3.5417": [0, 0, 0],
						"3.6667": [0, 0, 23.5],
						"3.8333": [0, 0, 5],
						"3.9167": [0, 0, 0]
					}
				},
				"ear_right": {
					"rotation": {
						"0.0": [0, 0, 0],
						"0.5417": [0, 0, -15],
						"0.7083": [0, 0, -20],
						"0.875": [0, 0, 20],
						"1.5": [0, 0, 0],
						"1.7083": [0, 0, 0],
						"1.8333": [42.5, 0, 0],
						"2.25": [30, 0, 0],
						"2.5": [-52.5, 0, 0],
						"2.7917": [-25.25, 0, 0],
						"3.0": ["0+Math.cos((query.anim_time) * 90 * 24 - 90) * 20", 0, 0],
						"3.5417": [0, 0, 0],
						"3.6667": [0, 0, -23.5],
						"3.8333": [0, 0, -5],
						"3.9167": [0, 0, 0]
					}
				},
				"eyelid_left": {
					"position": {
						"0.0": [0, 0, 0],
						"0.3333": [0, 0, 0],
						"0.7917": [0, 0, 0],
						"0.8333": [0, 0, -0.1],
						"1.6667": [0, 0, -0.1],
						"1.7083": [0, 0, 0],
						"2.5833": [0, 0, 0],
						"2.625": [0, 0, -0.1],
						"3.3333": [0, 0, -0.1],
						"3.375": [0, 0, 0],
						"3.5417": [0, 0, 0],
						"3.5833": [0, 0, -0.1],
						"3.6667": [0, 0, -0.1],
						"3.7083": [0, 0, 0]
					}
				},
				"eyelid_right": {
					"position": {
						"0.0": [0, 0, 0],
						"0.3333": [0, 0, 0],
						"0.7917": [0, 0, 0],
						"0.8333": [0, 0, -0.1],
						"1.6667": [0, 0, -0.1],
						"1.7083": [0, 0, 0],
						"2.5833": [0, 0, 0],
						"2.625": [0, 0, -0.1],
						"3.3333": [0, 0, -0.1],
						"3.375": [0, 0, 0],
						"3.5417": [0, 0, 0],
						"3.5833": [0, 0, -0.1],
						"3.6667": [0, 0, -0.1],
						"3.7083": [0, 0, 0]
					}
				},
				"mouth_open": {
					"position": {
						"0.75": [0, 0, 0],
						"0.7917": [0, 0, -0.1],
						"1.6667": [0, 0, -0.1],
						"1.7083": [0, 0, 0],
						"2.5": [0, 0, 0],
						"2.5417": [0, 0, -0.1],
						"3.2917": [0, 0, -0.1],
						"3.3333": [0, 0, 0]
					}
				},
				"hair_right": {
					"rotation": {
						"0.0": [20, 20, 20],
						"0.5": [20, 20, 30.55],
						"0.7083": [20, 20, 32.5],
						"0.9167": [20, 20, 20],
						"1.0833": [-27.5, 20, 20],
						"1.5833": [20, 20, 20],
						"1.7083": [52.5, 20, 20],
						"1.9167": [20, 20, 20],
						"2.125": [-7.5, 20, 20],
						"2.3333": [-23.755, 20, 20],
						"2.5": [-27.5, 20, 20],
						"2.5833": [55, -7, 20],
						"2.7083": [86.5, -14.5, 20],
						"2.875": [96.5, -15.5, 20],
						"3.5": [104, -14.5, 20],
						"3.6667": [11.5, -12.25, 20],
						"3.7917": [26.5, 20, 20],
						"3.9583": [20, 20, 20]
					}
				},
				"hair_right2": {
					"rotation": {
						"0.0": [0, 0, 2.5],
						"0.5417": [0, 0, 14.03],
						"0.75": [0, 0, 15],
						"0.9167": [0, 0, 2.5],
						"1.2083": [-20, 0, -2.5],
						"1.6667": [0, 0, 2.5],
						"1.7917": [22.5, 0, 2.5],
						"2.0": [0, 0, 2.5],
						"2.1667": [-30, 0, 2.5],
						"2.5417": [-47.5, 0, 2.5],
						"2.75": [22.5, 0, 2.5],
						"3.0": ["Math.cos((query.anim_time) * 90 * 24 - 90) * 20", 0, 2.5],
						"3.4167": [35, 0, 2.5],
						"3.625": [35, 0, 2.5],
						"3.7083": [0, 0, 2.5],
						"3.9583": [0, 0, 2.5]
					}
				},
				"hair_right3": {
					"rotation": [0, 0, 17.5]
				},
				"hair_left": {
					"rotation": {
						"0.0": [20, -20, -20],
						"0.5": [32.5, -32.5, -20],
						"0.75": [42.5, -42.5, -20],
						"0.9167": [20, -20, -20],
						"1.0833": [52.5, 0, -20],
						"1.5833": [31.45, -20, -20],
						"1.7083": [32.5, -20, -20],
						"1.9167": [20, -20, -20],
						"2.125": [-7.5, -20, -20],
						"2.3333": [-23.755, -20, -20],
						"2.5": [-27.5, -20, -20],
						"2.5833": [55, 12.5, -20],
						"2.7083": [86.5, 20, -20],
						"2.875": ["96.5+Math.cos((query.anim_time) * 90 * 24) * 10", 21, -20],
						"3.5": [104, 20, -20],
						"3.6667": [11.5, 17.75, -20],
						"3.7917": [26.5, -20, -20],
						"3.9583": [20, -20, -20]
					}
				},
				"hair_left2": {
					"rotation": {
						"0.0": [0, 0, -2.5],
						"0.4167": [22.92, -18.75, -2.5],
						"0.75": [27.5, -22.5, -2.5],
						"0.9167": [40, 0, -2.5],
						"1.2083": [27.5, 0, 2.5],
						"1.6667": [0, 0, -2.5],
						"1.7917": [22.5, 0, -2.5],
						"2.0": [0, 0, -2.5],
						"2.1667": [-30, 0, -2.5],
						"2.5417": [-47.5, 0, -2.5],
						"2.75": [22.5, 0, -2.5],
						"3.0": ["Math.cos((query.anim_time) * 90 * 24 - 90) * 20", 0, -2.5],
						"3.4167": [16.5, 0, -2.5],
						"3.625": [35, 0, -2.5],
						"3.7083": [0, 0, -2.5],
						"3.9583": [0, 0, -2.5]
					}
				},
				"hair_left3": {
					"rotation": [0, 0, -17.5]
				},
				"arm_left": {
					"rotation": {
						"0.0": [-122.5, 55, 20],
						"0.25": [-122.5, 5, 5],
						"0.5417": [-122.5, -12.5, 5],
						"0.6667": [-122.5, -12.5, 5],
						"0.75": [-122.5, -67.5, 5],
						"0.875": [-85, 35, 60],
						"1.0417": [-70.28, 125, -34.44],
						"1.25": [-149.65, 147.5, -67.725],
						"1.4167": [-184.075, 137.5, -123.75],
						"1.5833": [-215, 127.5, -152.5],
						"1.7083": [-202.6, 109.85, -133],
						"1.7917": [-165, 82.5, -82.5],
						"1.9167": [-165, -25, -82.5],
						"2.5417": [-165, -25, -82.5],
						"2.5833": [-165, 95, -82.5],
						"3.5": [-165, 95, -82.5],
						"3.5833": [-122.5, 55, 20],
						"3.6667": [-122.5, 55, 20],
						"3.75": [-122.5, 48, 45],
						"3.8333": [-122.5, 45, 45],
						"3.9583": [-122.5, 51.5, 45],
						"4.25": [-122.5, 55, 20]
					},
					"position": {
						"0.875": [0, 0, 0],
						"1.25": [-1, 0, -2],
						"1.4167": [1.25, 0, -1.425],
						"1.5417": [1.5, 0, -1.25],
						"2.5417": [1.5, 0, -1.25],
						"2.5833": [1.5, 0, "-1.25+Math.cos((query.anim_time) * 90 * 32-90) * 1"],
						"2.875": [1.5, 0, "-1.25+Math.cos((query.anim_time) * 90 * 32-90) * 1"],
						"3.0": [1.5, 0, -1.25],
						"3.5": [0, 0, 0]
					}
				},
				"hand_left": {
					"rotation": [-15, 0, 30]
				},
				"finger_left": {
					"rotation": [0, 0, -7.5]
				},
				"finger_left2": {
					"rotation": [0, 0, 7.5]
				},
				"finger_left3": {
					"rotation": [0, 0, 30]
				},
				"finger_left4": {
					"rotation": [0, 0, 52.5]
				},
				"arm_right": {
					"rotation": {
						"0.0": [-10, -32.5, -12.5],
						"0.25": [-10, -78, -12.5],
						"0.5417": [-10, -85.5, -12.5],
						"0.625": [-10, -85.5, -12.5],
						"0.75": [-27.5, -116, -12.5],
						"0.875": [-10, 1.5, -12.5],
						"1.25": [-10, 31.25, 0],
						"1.5417": [-10, 45.25, 0],
						"1.6667": [-10.62, 21.55, -12.24],
						"1.9167": [-12.5, -171, -112.5],
						"2.125": [-12.5, -173.5, -112.5],
						"2.5417": [-12.5, -156, -112.5],
						"2.5833": [127.5, -124.5, -215],
						"2.6667": [127.5, -124.5, -215],
						"3.4167": [127.5, -124.5, -215],
						"3.5417": [24, -74.3, -87],
						"3.7083": [-10, -32.5, -12.5],
						"3.7917": [-5, -32.5, -12.5],
						"3.9167": [-15, -32.5, -12.5],
						"4.0417": [-14.15, -32.5, -12.5],
						"4.1667": [-10.825, -32.5, -12.5],
						"4.2917": [-10, -32.5, -12.5]
					},
					"position": {
						"1.5": [0, 0, 0],
						"1.9167": [-1.1, 0, 0],
						"2.5417": [-1.1, 0, 0],
						"2.5833": [-1.1, 0, "0+Math.cos((query.anim_time) * 90 * 32-90) * 1"],
						"2.875": [-1.1, 0, "0+Math.cos((query.anim_time) * 90 * 32-90) * 1"],
						"3.0": [-1.1, 0, 0],
						"3.4583": [0, 0, 0]
					}
				},
				"hand_right": {
					"rotation": {
						"0.0": [0, -42.5, 0],
						"0.25": [6.92, -36.56, -8.65],
						"0.5417": [10, -35, -12.5],
						"0.7083": [10, -35, -12.5],
						"0.8333": [10, -72.5, -12.5],
						"1.25": [10, -17.5, -12.5],
						"1.5": [10, -9, -12.5],
						"1.6667": [10, 5, -12.5],
						"1.75": [10, 21.5, -12.5],
						"1.8333": [5, 25.13, -6.25],
						"1.9167": [19.25, 12.25, -26.75],
						"2.0833": [25, -23.925, -42.5],
						"2.2083": [26.325, -30.3, -45.25],
						"3.4583": [26.325, -30.3, -45.25],
						"3.6667": [0, -42.5, 0]
					}
				},
				"finger_right": {
					"rotation": [0, 0, -30]
				},
				"finger_right2": {
					"rotation": [0, 0, -30]
				},
				"finger_right3": {
					"rotation": [0, 0, -30]
				},
				"finger_right4": {
					"rotation": [0, 0, -30]
				},
				"hammer": {
					"rotation": {
						"0.0": [0, 0, -90],
						"0.6667": [0, 0, -90],
						"0.7917": [0, 8.5, -90],
						"0.9167": [0, 26.13, -90],
						"1.0": [0, 35.13, -90],
						"1.125": [0, 46.98, -90],
						"1.5417": [0, -0.25, -90],
						"1.7083": [-30, -0.2, -90],
						"1.875": [-39.58, -0.16, -90],
						"2.0417": [-3.27, -0.11, -90],
						"2.4583": [0, 0, -90],
						"2.6667": [-40, -12.5, -75],
						"3.25": [-55, -12.5, -75],
						"3.5": [-40, -12.5, -75],
						"3.625": [0, 0, -90],
						"3.7083": [12.5, 10, -90],
						"3.8333": [14.175, 13.06, -90],
						"3.9583": [12.125, 10.78, -90],
						"4.0833": [2.35, 1.785, -90],
						"4.1667": [0, 0, -90]
					},
					"position": {
						"1.875": [0, 0, 0],
						"1.9583": [-3.35, -0.4, 2.2],
						"2.1667": [-4, -1, 3],
						"2.375": [-3.75, 0, 3],
						"2.5417": [0, 0, 0],
						"2.625": ["-5.5+Math.cos((query.anim_time) * 90 * 32 - 45) * -4", -1, "0+Math.cos((query.anim_time) * 90 * 32 - 45) * 4"],
						"2.7917": ["-7.75+Math.cos((query.anim_time) * 90 * 32 - 45) * -4", -1, "0+Math.cos((query.anim_time) * 90 * 32 - 45) * 4"],
						"2.9583": ["-6.5+Math.cos((query.anim_time) * 90 * 32 - 45) * -4", -1, "0+Math.cos((query.anim_time) * 90 * 32 - 45) * 4"],
						"3.0833": ["-2+Math.cos((query.anim_time) * 90 * 32) * -4", -1, 0],
						"3.25": [-2, -1, 0],
						"3.5417": [0, 0, 0]
					}
				},
				"hammer_handle": {
					"rotation": {
						"0.0": [0, 0, 0],
						"3.0417": [-32.5, 0, 0]
					},
					"position": {
						"2.0": [0, 0, 0],
						"2.125": [0, 0, 7],
						"2.2917": [0, 0, 7],
						"2.4583": [0, 0, 0],
						"3.0417": [0, 7, 0]
					}
				},
				"hammer_middle": {
					"position": {
						"0.8333": [0, 0, 0],
						"1.125": [0, -7, 0],
						"1.375": [0, 0, 0],
						"2.4583": [0, 0, 0],
						"2.5417": [0, -23, 0],
						"2.5833": [0, 0, 0],
						"2.6667": [0, 6, 0],
						"2.7917": [0, 0, 0]
					},
					"scale": {
						"0.0": [1, 1, 1],
						"0.75": [1, 1, 1],
						"1.125": [1, 1.7, 1],
						"1.2917": [1, 1.7, 1],
						"1.5417": [1, 1, 1],
						"1.7083": [1, 1, 1],
						"1.8333": [0.9, 1.6, 0.9],
						"2.0": [1, 1, 1],
						"2.375": [1, 1, 1],
						"2.5833": [1, 2.5, 1],
						"2.6667": [2.2, 0.6, 2.2],
						"2.7917": [1, 1, 1]
					}
				},
				"leg_right": {
					"rotation": {
						"0.0": [0, 22.5, 5],
						"0.5": [-22.5, 35, 5],
						"0.6667": [-25, 35, 5],
						"0.875": [-2.5, 35, 5],
						"1.3333": [-9.37, 35, 8.75],
						"1.5": [-30, 35, 20],
						"1.8333": [-30, 35, 20],
						"1.9583": [23.5, -7.5, 20],
						"2.0833": [40.75, -7.5, 20],
						"2.375": [44.5, -7.5, 20],
						"2.5417": [-60, 17.5, 20],
						"3.375": [-60, 17.5, 20],
						"3.5833": [-30, 0, 25],
						"3.7083": [0, 0, 0],
						"3.875": [-12.5, 0, 0],
						"4.0833": [0, 22.5, 5]
					}
				},
				"leg_right2": {
					"rotation": {
						"0.0": [0, 0, 0],
						"0.5": [22.5, 0, 0],
						"0.6667": [25, 0, 0],
						"0.875": [0, 0, 0],
						"1.3333": [8.13, 0, 0],
						"1.5": [32.5, 0, 0],
						"1.875": [0, 0, 0],
						"2.1667": [35, 0, 0],
						"2.4583": [35, 0, 0],
						"2.5833": [0, 0, 0],
						"3.375": [0, 0, 0],
						"3.5833": [27.5, 0, 0],
						"3.7083": [0, 0, 0],
						"3.875": [10, 0, 0],
						"4.0833": [0, 0, 0]
					}
				},
				"leg_left": {
					"rotation": {
						"0.0": [0, -22.5, -5],
						"0.5": [-22.5, -35, -5],
						"0.6667": [-25, -35, -5],
						"0.875": [-2.5, -35, -5],
						"1.3333": [-9.37, -35, -8.75],
						"1.5": [-30, -35, -20],
						"1.8333": [-30, -35, -20],
						"1.9583": [23.5, 7.5, -20],
						"2.0833": [40.75, 7.5, -20],
						"2.375": [44.5, 7.5, -20],
						"2.5417": [-60, -17.5, -20],
						"3.375": [-60, -17.5, -20],
						"3.5833": [-30, 0, -25],
						"3.7083": [0, 0, 0],
						"3.875": [-12.5, 0, 0],
						"4.0833": [0, -22.5, -5]
					}
				},
				"leg_left2": {
					"rotation": {
						"0.0": [0, 0, 0],
						"0.5": [22.5, 0, 0],
						"0.6667": [25, 0, 0],
						"0.875": [0, 0, 0],
						"1.3333": [8.13, 0, 0],
						"1.5": [32.5, 0, 0],
						"1.875": [0, 0, 0],
						"2.1667": [35, 0, 0],
						"2.4583": [35, 0, 0],
						"2.5833": [0, 0, 0],
						"3.375": [0, 0, 0],
						"3.5833": [27.5, 0, 0],
						"3.7083": [0, 0, 0],
						"3.875": [10, 0, 0],
						"4.0833": [0, 0, 0]
					}
				},
				"arm_hammer_right": {
					"rotation": {
						"0.0": [-10, -32.5, -12.5],
						"0.25": [-10, -78, -12.5],
						"0.5417": [-10, -85.5, -12.5],
						"0.625": [-10, -85.5, -12.5],
						"0.75": [-27.5, -116, -12.5],
						"0.875": [-10, 1.5, -12.5],
						"1.25": [-10, 31.25, 0],
						"1.5417": [-10, 45.25, 0],
						"1.6667": [-10.62, 21.55, -12.24],
						"1.9167": [-12.5, -171, -112.5],
						"2.125": [-12.5, -173.5, -112.5],
						"2.5417": [-12.5, -156, -112.5],
						"2.5833": [127.5, -124.5, -215],
						"2.6667": [127.5, -124.5, -215],
						"3.4167": [127.5, -124.5, -215],
						"3.5417": [24, -74.3, -87],
						"3.7083": [-10, -32.5, -12.5],
						"3.7917": [-5, -32.5, -12.5],
						"3.9167": [-15, -32.5, -12.5],
						"4.0417": [-14.15, -32.5, -12.5],
						"4.1667": [-10.825, -32.5, -12.5],
						"4.2917": [-10, -32.5, -12.5]
					},
					"position": {
						"1.5": [0, 0, 0],
						"1.9167": [-1.1, 0, 0],
						"2.5417": [-1.1, 0, 0],
						"2.5833": [-1.1, 0, "0+Math.cos((query.anim_time) * 90 * 32-90) * 1"],
						"2.875": [-1.1, 0, "0+Math.cos((query.anim_time) * 90 * 32-90) * 1"],
						"3.0": [-1.1, 0, 0],
						"3.4583": [0, 0, 0]
					}
				},
				"hand_hammer_right": {
					"rotation": {
						"0.0": [0, -42.5, 0],
						"0.25": [6.92, -36.56, -8.65],
						"0.5417": [10, -35, -12.5],
						"0.7083": [10, -35, -12.5],
						"0.8333": [10, -72.5, -12.5],
						"1.25": [10, -17.5, -12.5],
						"1.5": [10, -9, -12.5],
						"1.6667": [10, 5, -12.5],
						"1.75": [10, 21.5, -12.5],
						"1.8333": [5, 25.13, -6.25],
						"1.9167": [19.25, 12.25, -26.75],
						"2.0833": [25, -23.925, -42.5],
						"2.2083": [26.325, -30.3, -45.25],
						"3.4583": [26.325, -30.3, -45.25],
						"3.6667": [0, -42.5, 0]
					}
				},
				"torso_hammer": {
					"rotation": {
						"0.0": [0, 0, 0],
						"0.625": [0, -1.87, 0],
						"1.0": [0, 25, 0],
						"1.625": [0, 0, 0],
						"4.5": [0, 0, 0]
					}
				},
				"body_hammer": {
					"rotation": {
						"0.0": [0, 0, 0],
						"0.3333": [0, -32.5, 0],
						"0.5": [0, -38.5, 0],
						"0.6667": [0, -39.5, 0],
						"0.75": [0, -52, 0],
						"0.8333": [0, -34.175, 0],
						"0.9167": [0, 20.87, 0],
						"1.2083": [-12.75, 273.99, 0],
						"1.3333": [-16, 345.745, 0],
						"1.5": [-18.5, 385.775, 0],
						"1.5833": [-19, 393.945, 0],
						"1.6667": [-19.5, 381.455, 0],
						"1.75": [-24.1, 365.265, 0],
						"1.875": [-49.75, 364.83, 0],
						"2.125": [-55.75, 362.48, 0],
						"2.3333": [-52, 362.48, 0],
						"2.4583": [-31, 364.78, 0],
						"2.5833": [36.75, 361.68, 0],
						"2.625": [65.25, 361.68, 0],
						"2.9583": [65.32, 361.68, 0],
						"3.0833": [62.4, 361.68, 0],
						"3.3333": [54.15, 361.68, 0],
						"3.5": [35.09, 361.68, 0],
						"3.625": [0, 360, 0]
					},
					"position": {
						"0.0": [0, 0, 0],
						"0.375": [0, -0.5, 0],
						"0.5833": [0, -0.625, 0],
						"0.7083": [0, -0.625, 0],
						"0.75": [0, -2.37, 0],
						"0.8333": [0, 0.76, 0],
						"0.9583": [0, 23.88, 0],
						"1.0833": [0, 28.88, 0],
						"1.25": [0, 32.13, 0],
						"1.4583": [0, 32.88, 0],
						"1.75": [0, 31.78, 0],
						"1.9167": [0, 23.13, 0],
						"2.375": [0, 20.93, 0],
						"2.5417": [0, 30.63, 0],
						"2.5833": [0, "20.63+Math.cos((query.anim_time) * 90 * 32) * 8", 0],
						"2.75": [0, "20.63+Math.cos((query.anim_time) * 90 * 32) * 8", 0],
						"3.0417": [0, "20.63+Math.cos((query.anim_time) * 90 * 32) * 2", 0],
						"3.25": [0, 19.38, 0],
						"3.4167": [0, 16.03, 0],
						"3.5417": [0, 10.08, 0],
						"3.5833": [0, -3.87, 0],
						"3.6667": [0, -0.945, 0],
						"3.75": [0, 0.665, 0],
						"3.8333": [0, -0.245, 0],
						"3.9583": [0, -0.4, 0],
						"4.1667": [0, 0, 0]
					},
					"scale": {
						"0.7083": [1, 1, 1],
						"0.7917": [1.2, 0.8, 1.1],
						"0.8333": [0.9934, 1.6066, 0.8967],
						"0.9583": [1, 1, 1],
						"3.3333": [1, 1, 1],
						"3.5": [0.9, 1.2, 0.9],
						"3.5833": [1.1, 0.8, 1.1],
						"3.6667": [1, 1, 1]
					}
				}
			}
		}
	}
}