{
	"format_version": "1.8.0",
	"animations": {
		"animation.pangoro.blink": {
			"animation_length": 0.1667,
			"bones": {
				"eyes": {
					"position": {
						"0.0": [0, 0, 0],
						"0.1667": [0, 0, 1]
					}
				}
			}
		},
		"animation.pangoro.recoil": {
			"animation_length": 1.25,
			"bones": {
				"torso": {
					"rotation": {
						"0.0": [0, 0, 0],
						"0.4583": [0, -10, 0],
						"1.25": [0, 0, 0]
					}
				},
				"head": {
					"rotation": {
						"0.0": [0, 0, 0],
						"0.4583": [7.5, -15, 0],
						"1.25": [0, 0, 0]
					},
					"position": {
						"0.0": [0, 0, 0],
						"0.4583": [0, 0, 2],
						"1.25": [0, 0, 0]
					}
				}
			}
		},
		"animation.pangoro.ground_walk": {
			"loop": true,
			"animation_length": 4,
			"bones": {
				"leg_parte1": {
					"rotation": {
						"0.0": {
							"post": [12.5, 15, 0],
							"lerp_mode": "catmullrom"
						},
						"1.0": {
							"post": [0, 15, 0],
							"lerp_mode": "catmullrom"
						},
						"2.0": {
							"post": [12.46074, 14.32199, 6.41281],
							"lerp_mode": "catmullrom"
						},
						"2.75": {
							"post": [0, 15, 0],
							"lerp_mode": "catmullrom"
						},
						"4.0": {
							"post": [12.5, 15, 0],
							"lerp_mode": "catmullrom"
						}
					},
					"position": {
						"0.0": [0, 0, 5],
						"0.5": {
							"pre": [0, 2.5, -2],
							"post": [0, 2.5, -2],
							"lerp_mode": "catmullrom"
						},
						"1.0": [0, 3, -9],
						"1.5": {
							"pre": [0, 0.34, -1.55],
							"post": [0, 0.34, -1.55],
							"lerp_mode": "catmullrom"
						},
						"2.0": [0, 0, 5],
						"2.75": [0, 3, -9],
						"3.25": {
							"pre": [0, 0.53, -2.44],
							"post": [0, 0.53, -2.44],
							"lerp_mode": "catmullrom"
						},
						"4.0": [0, 0, 5]
					}
				},
				"leg_parte2": {
					"rotation": {
						"0.0": {
							"post": [0, -15, 0],
							"lerp_mode": "catmullrom"
						},
						"1.0": {
							"post": [12.46074, -14.32199, -6.41281],
							"lerp_mode": "catmullrom"
						},
						"2.0": {
							"post": [0, -15, 0],
							"lerp_mode": "catmullrom"
						},
						"2.75": {
							"post": [12.5, -15, 0],
							"lerp_mode": "catmullrom"
						},
						"4.0": {
							"post": [0, -15, 0],
							"lerp_mode": "catmullrom"
						}
					},
					"position": {
						"0.0": {
							"post": [0, 3, -9],
							"lerp_mode": "catmullrom"
						},
						"0.5": {
							"post": [0, 1.11, -4.85],
							"lerp_mode": "catmullrom"
						},
						"1.0": {
							"post": [0, 0, 5],
							"lerp_mode": "catmullrom"
						},
						"2.0": {
							"post": [0, 3, -9],
							"lerp_mode": "catmullrom"
						},
						"2.75": {
							"post": [0, 0, 5],
							"lerp_mode": "catmullrom"
						},
						"3.25": {
							"post": [0, 0.43, -1.38],
							"lerp_mode": "catmullrom"
						},
						"4.0": {
							"post": [0, 3, -9],
							"lerp_mode": "catmullrom"
						}
					}
				},
				"torso": {
					"rotation": [
						"10.0915+math.sin(query.anim_time*90*2-60)*1",
						"7.36478+math.cos((query.anim_time)*90*8/4-0)*1",
						"1.42169+math.sin(query.anim_time*90*16/8-60)*1"
					],
					"position": [0, "0-math.sin(q.anim_time*90*8/4-90)*1", 3]
				},
				"hands": {
					"position": [0, 2, 1]
				},
				"hand1": {
					"rotation": [0, 17.5, 30]
				},
				"hand_parte1": {
					"rotation": {
						"0.0": {
							"post": [-0.23292, -19.9903, 15.0749],
							"lerp_mode": "catmullrom"
						},
						"1.0": {
							"post": [1.22481, 7.5496, 10.3864],
							"lerp_mode": "catmullrom"
						},
						"2.0": {
							"post": [-0.23292, -19.9903, 15.0749],
							"lerp_mode": "catmullrom"
						},
						"3.0": {
							"post": [1.22481, 7.5496, 10.3864],
							"lerp_mode": "catmullrom"
						},
						"4.0": {
							"post": [-0.23292, -19.9903, 15.0749],
							"lerp_mode": "catmullrom"
						}
					},
					"position": {
						"0.0": {
							"post": [-26, 1, 0],
							"lerp_mode": "catmullrom"
						},
						"1.0": {
							"post": [-20, 0, -1],
							"lerp_mode": "catmullrom"
						},
						"2.0": {
							"post": [-26, 1, 0],
							"lerp_mode": "catmullrom"
						},
						"3.0": {
							"post": [-20, 0, -1],
							"lerp_mode": "catmullrom"
						},
						"4.0": {
							"post": [-26, 1, 0],
							"lerp_mode": "catmullrom"
						}
					}
				},
				"hand_mini1": {
					"rotation": {
						"0.0": {
							"post": [0, 55, 0],
							"lerp_mode": "catmullrom"
						},
						"1.0": {
							"post": [0, 62.5, 0],
							"lerp_mode": "catmullrom"
						},
						"4.0": {
							"post": [0, 55, 0],
							"lerp_mode": "catmullrom"
						}
					},
					"position": {
						"0.0": {
							"post": [-1, 0, 8],
							"lerp_mode": "catmullrom"
						},
						"1.0": {
							"post": [-1, 0, 10],
							"lerp_mode": "catmullrom"
						},
						"4.0": {
							"post": [-1, 0, 8],
							"lerp_mode": "catmullrom"
						}
					}
				},
				"fists1": {
					"rotation": {
						"0.0": [0, 12.5, 0],
						"4.0": {
							"pre": [0, 12.5, 0],
							"post": [0, 12.5, 0],
							"lerp_mode": "catmullrom"
						}
					},
					"position": {
						"0.0": [-1, 0, 6],
						"4.0": {
							"pre": [-1, 0, 6],
							"post": [-1, 0, 6],
							"lerp_mode": "catmullrom"
						}
					}
				},
				"hand2": {
					"rotation": [0, -17.5, -30]
				},
				"hand_parte2": {
					"rotation": {
						"0.0": {
							"post": [1.22481, -7.5496, -10.3864],
							"lerp_mode": "catmullrom"
						},
						"1.0417": {
							"post": [-0.23292, 19.9903, -15.0749],
							"lerp_mode": "catmullrom"
						},
						"2.0": {
							"post": [1.22481, -7.5496, -10.3864],
							"lerp_mode": "catmullrom"
						},
						"3.0": {
							"post": [-0.23292, 19.9903, -15.0749],
							"lerp_mode": "catmullrom"
						},
						"4.0": {
							"post": [1.22481, -7.5496, -10.3864],
							"lerp_mode": "catmullrom"
						}
					},
					"position": {
						"0.0": {
							"post": [20, 0, -1],
							"lerp_mode": "catmullrom"
						},
						"1.0417": {
							"post": [26, 1, 0],
							"lerp_mode": "catmullrom"
						},
						"2.0": {
							"post": [20, 0, -1],
							"lerp_mode": "catmullrom"
						},
						"3.0": {
							"post": [26, 1, 0],
							"lerp_mode": "catmullrom"
						},
						"4.0": {
							"post": [20, 0, -1],
							"lerp_mode": "catmullrom"
						}
					}
				},
				"hand_mini2": {
					"rotation": {
						"0.0": {
							"post": [0, -62.5, 0],
							"lerp_mode": "catmullrom"
						},
						"1.0": {
							"post": [0, -55, 0],
							"lerp_mode": "catmullrom"
						},
						"4.0": {
							"post": [0, -62.5, 0],
							"lerp_mode": "catmullrom"
						}
					},
					"position": {
						"0.0": {
							"post": [1, 0, 10],
							"lerp_mode": "catmullrom"
						},
						"1.0": {
							"post": [1, 0, 8],
							"lerp_mode": "catmullrom"
						},
						"4.0": {
							"post": [1, 0, 10],
							"lerp_mode": "catmullrom"
						}
					}
				},
				"fists2": {
					"rotation": [0, -27.5, 0],
					"position": [1, 0, 12]
				},
				"head": {
					"rotation": ["-7.5+math.sin(q.anim_time*90*4-0)*1", 0, 0],
					"position": [0, -1, 1]
				},
				"face": {
					"rotation": {
						"0.0": [22.5, 0, 0],
						"4.0": {
							"pre": [22.5, 0, 0],
							"post": [22.5, 0, 0],
							"lerp_mode": "catmullrom"
						}
					}
				},
				"cape1": {
					"rotation": [0, 0, -2.5]
				},
				"cape2": {
					"rotation": {
						"0.0": [0, 0, 2.5],
						"4.0": {
							"pre": [0, 0, 2.5],
							"post": [0, 0, 2.5],
							"lerp_mode": "catmullrom"
						}
					}
				},
				"capes": {
					"rotation": ["0+math.sin(query.anim_time*90*8/4-60)*1", 0, "0+math.sin(query.anim_time*90*2-60)*1"]
				}
			}
		},
		"animation.pangoro.battle_idle": {
			"loop": true,
			"bones": {
				"leg_parte1": {
					"rotation": [0, 37.5, 0]
				},
				"leg_parte2": {
					"rotation": [0, -15, 0]
				},
				"torso": {
					"rotation": ["17.915-math.sin(q.anim_time*90*1.2-60)*1", 11.85378, 3.99579],
					"position": [0, "0-math.sin(q.anim_time*90*1-5)*0.5", 5]
				},
				"hands": {
					"position": [0, 3, 1]
				},
				"hand1": {
					"rotation": [0, 17.5, 30]
				},
				"hand_parte1": {
					"rotation": [3.29014, "-6.827+math.sin(q.anim_time*90*1-60)*1", "-12.726+math.sin(q.anim_time*90*1+150)*1"],
					"position": [-10, -4, 0]
				},
				"hand_mini1": {
					"rotation": [0, "82.5-math.sin(q.anim_time*90*1-60)*2", 0],
					"position": [4, 0, 12]
				},
				"fists1": {
					"rotation": [0, 12.5, 0],
					"position": [-1, 0, 6]
				},
				"hand2": {
					"rotation": [0, -17.5, -30]
				},
				"hand_parte2": {
					"rotation": [0.07616, "7.4967+math.sin(q.anim_time*90*1-60)*1", "-9.9896+math.sin(q.anim_time*90*0.5+90)*1"],
					"position": [24, -1, 0]
				},
				"hand_mini2": {
					"rotation": [0, "-47.5-math.sin(q.anim_time*90*1-60)*2", 0],
					"position": [1, 0, 7]
				},
				"fists2": {
					"rotation": [0, -27.5, 0],
					"position": [1, 0, 12]
				},
				"head": {
					"rotation": [-17.5, 0, 0],
					"position": [0, -1, 0]
				},
				"face": {
					"rotation": [15, 0, 0]
				},
				"torso_mini": {
					"rotation": [0, 5, 0]
				},
				"cape1": {
					"rotation": ["0+math.sin(q.anim_time*90*1-60)*2", 0, "-5-math.sin(q.anim_time*90*1+60)*1"]
				},
				"cape2": {
					"rotation": ["-0.0117+math.sin(q.anim_time*90*1-60)*2", -0.13333, "14.9993-math.sin(q.anim_time*90*1+60)*1"],
					"position": [-7, 0, 0]
				}
			}
		},
		"animation.pangoro.ground_idle": {
			"loop": true,
			"bones": {
				"leg_parte1": {
					"rotation": [0, 15, 0]
				},
				"leg_parte2": {
					"rotation": [0, -15, 0]
				},
				"torso": {
					"rotation": ["-2.5-math.sin(q.anim_time*90*1.2-60)*1", 0, 0],
					"position": [0, "0-math.sin(q.anim_time*90*1-5)*0.5", 2]
				},
				"hands": {
					"position": [0, 3, 1]
				},
				"hand1": {
					"rotation": [0, 17.5, 30]
				},
				"hand_parte1": {
					"rotation": [0.07636, "-7.4967+math.sin(q.anim_time*90*1-60)*1", "9.9896+math.sin(q.anim_time*90*0.5+90)*1"],
					"position": [-24, -1, 0]
				},
				"hand_mini1": {
					"rotation": [0, "40-math.sin(q.anim_time*90*1-60)*2", 0],
					"position": [-1, 0, 5]
				},
				"fists1": {
					"rotation": [0, 12.5, 0],
					"position": [-1, 0, 6]
				},
				"hand2": {
					"rotation": [0, -17.5, -30]
				},
				"hand_parte2": {
					"rotation": [0.07616, "7.4967+math.sin(q.anim_time*90*1-60)*1", "-9.9896+math.sin(q.anim_time*90*0.5+90)*1"],
					"position": [24, -1, 0]
				},
				"hand_mini2": {
					"rotation": [0, "-40-math.sin(q.anim_time*90*1-60)*2", 0],
					"position": [1, 0, 5]
				},
				"fists2": {
					"rotation": [0, -27.5, 0],
					"position": [1, 0, 12]
				},
				"head": {
					"rotation": [-7.5, 0, 0],
					"position": [0, -1, 0]
				},
				"face": {
					"rotation": [15, 0, 0]
				},
				"cape1": {
					"rotation": ["0+math.sin(q.anim_time*90*1-60)*2", 0, "-5-math.sin(q.anim_time*90*1+60)*1"]
				},
				"cape2": {
					"rotation": ["0+math.sin(q.anim_time*90*1-60)*2", 0, "5-math.sin(q.anim_time*90*1+60)*1"]
				}
			}
		},
		"animation.pangoro.cry": {
			"animation_length": 1,
			"bones": {
				"face": {
					"rotation": {
						"0.0": {
							"post": [0, 0, 0],
							"lerp_mode": "catmullrom"
						},
						"0.25": {
							"post": [-20, 0, 0],
							"lerp_mode": "catmullrom"
						},
						"1.0": {
							"post": [0, 0, 0],
							"lerp_mode": "catmullrom"
						}
					}
				},
				"mounch1": {
					"rotation": {
						"0.0": {
							"post": [0, 0, 0],
							"lerp_mode": "catmullrom"
						},
						"0.25": {
							"post": [10, 0, 0],
							"lerp_mode": "catmullrom"
						},
						"1.0": {
							"post": [0, 0, 0],
							"lerp_mode": "catmullrom"
						}
					},
					"position": {
						"0.0": {
							"post": [0, 0, 0],
							"lerp_mode": "catmullrom"
						},
						"0.25": {
							"post": [0, 1, 7],
							"lerp_mode": "catmullrom"
						},
						"1.0": {
							"post": [0, 0, 0],
							"lerp_mode": "catmullrom"
						}
					}
				},
				"mounch2": {
					"rotation": {
						"0.0": {
							"post": [0, 0, 0],
							"lerp_mode": "catmullrom"
						},
						"0.25": {
							"post": [-5, 0, 0],
							"lerp_mode": "catmullrom"
						},
						"1.0": {
							"post": [0, 0, 0],
							"lerp_mode": "catmullrom"
						}
					},
					"position": {
						"0.0": {
							"post": [0, 0, 0],
							"lerp_mode": "catmullrom"
						},
						"0.25": {
							"post": [0, 1, -3],
							"lerp_mode": "catmullrom"
						},
						"1.0": {
							"post": [0, 0, 0],
							"lerp_mode": "catmullrom"
						}
					}
				}
			},
			"sound_effects": {
				"0.25": {
					"effect": "pokemon.pangoro.cry"
				}
			}
		}
	}
}