{
	"format_version": "1.8.0",
	"animations": {
		"animation.beta.battle_idle": {
			"loop": true,
			"bones": {
				"Beta": {
					"rotation": ["math.sin((query.anim_time) * 90 * 0.3)*2", 0, 0]
				},
				"Fleftleg": {
					"rotation": [-27.48072, -0.95645, -2.30991],
					"position": [0, 3, 1]
				},
				"flp": {
					"rotation": [22.5, 0, 0]
				},
				"Brightleg": {
					"rotation": [12.5, 0, 0],
					"position": [0, 2, 1]
				},
				"rbp": {
					"rotation": [12.5, 0, 0],
					"position": [0, 0, -2]
				},
				"Frightleg": {
					"rotation": ["-7.5+math.sin((query.anim_time) * 90 * 1)*2", 0, 0],
					"position": [0, 2, 1]
				},
				"frp": {
					"rotation": [20, 0, 0]
				},
				"Bleftleg": {
					"rotation": [17.5, 0, 0],
					"position": [0, 2, 0]
				},
				"torso": {
					"rotation": ["-32.5+math.sin((query.anim_time) * 90 * 0.5)*2", 0, 0],
					"position": [0, 7, -5]
				},
				"tail": {
					"rotation": ["-10+math.sin((query.anim_time) * 90 * 0.6)*6", 0, 0]
				},
				"midtail": {
					"rotation": ["55+math.sin((query.anim_time) * 90 * 0.4)*6", 0, 0],
					"position": [0, -1, -1]
				},
				"tailtip": {
					"rotation": ["60+math.sin((query.anim_time) * 90 * 0.4)*9", 0, 0]
				},
				"neck": {
					"rotation": [32.5, 0, 0]
				},
				"head": {
					"rotation": [15, 0, 0],
					"position": [0, -1, 0]
				},
				"apron": {
					"rotation": [-15, 0, 0],
					"scale": 0
				},
				"hat": {
					"scale": 0
				}
			}
		},
		"animation.beta.ground_walk": {
			"loop": true,
			"bones": {
				"Beta": {
					"rotation": ["math.sin((query.anim_time) * 90 * 0.3)*2", 0, 0]
				},
				"Fleftleg": {
					"rotation": ["-34.8975+math.sin((query.anim_time) * 90 * 1)*5", -2.86544, -4.09918]
				},
				"flp": {
					"rotation": ["34.8975+math.sin((query.anim_time) * 90 * 1)*5", 0, 0]
				},
				"Brightleg": {
					"rotation": ["42.6025+math.sin((query.anim_time) * 90 * 1)*5", 0, 0]
				},
				"rbp": {
					"rotation": ["-7.3975+math.sin((query.anim_time) * 90 * 1)*5", 0, 0]
				},
				"Frightleg": {
					"rotation": ["-34.8975+math.sin((query.anim_time) * 90 * 0.5)*5", 2.86544, 4.09918]
				},
				"frp": {
					"rotation": ["22.3975+math.sin((query.anim_time) * 90 * 0.5)*5", 0, 0]
				},
				"Bleftleg": {
					"rotation": ["30+math.sin((query.anim_time) * 90 * 1)*4", 0, 0]
				},
				"blp": {
					"rotation": ["-7.3975+math.sin((query.anim_time) * 90 * 0.5)*5", 0, 0]
				},
				"torso": {
					"rotation": ["-2.5+math.sin((query.anim_time) * 90 * 0.5)*2", 0, 0]
				},
				"head": {
					"rotation": ["7.5+math.sin((query.anim_time) * 90 * 1)*3", 0, 0]
				},
				"hat": {
					"scale": 0
				},
				"apron": {
					"scale": 0
				}
			}
		},
		"animation.beta.ground_idle": {
			"loop": true,
			"bones": {
				"tail": {
					"rotation": ["-25-math.sin((query.anim_time) * 90 * 1-60)*3", "math.sin((query.anim_time) * 90 * 0.5)*3", 0],
					"position": [0, 0, 2]
				},
				"midtail": {
					"rotation": [0, "math.sin((query.anim_time) * 90 * 0.5)*3", 0]
				},
				"torso": {
					"rotation": ["-2.5+math.sin((query.anim_time) * 90 * 0.5)*2", 0, 0]
				},
				"Fleftleg": {
					"rotation": ["-2.5+math.sin((query.anim_time) * 90 * 1)*2", 0, 0]
				},
				"flp": {
					"rotation": ["-2.5+math.sin((query.anim_time) * 90 * 1)*2", 0, 0]
				},
				"Frightleg": {
					"rotation": ["-2.5+math.sin((query.anim_time) * 90 * 1)*2", 0, 0]
				},
				"frp": {
					"rotation": ["2.5+math.sin((query.anim_time) * 90 * 1)*2", 0, 0]
				},
				"head": {
					"rotation": ["10+math.sin((query.anim_time) * 90 * 1)*2", 0, 0],
					"position": [0, -1, 0]
				},
				"hat": {
					"scale": 0
				},
				"apron": {
					"scale": 0
				}
			}
		}
	}
}