{
	"format_version": "1.8.0",
	"animations": {
		"animation.ironhands.ground_idle": {
			"loop": true,
			"animation_length": 2,
			"bones": {
				"rightfoot": {
					"rotation": [0, -20, 0]
				},
				"leftfoot": {
					"rotation": [0, 20, 0]
				},
				"upperbody": {
					"position": [0, "math.cos(q.anim_time*45*4-15)*0.1", 0]
				},
				"rightHand": {
					"rotation": [0, 0, "-35+math.cos(q.anim_time*45*4-15)*1.5"],
					"position": [0, "-4-math.sin(q.anim_time*45*4-15)*0.25", 0]
				},
				"leftHand": {
					"rotation": [0, 0, "35-math.cos(q.anim_time*45*4-15)*1.5"],
					"position": [0, "-4-math.sin(q.anim_time*45*4-15)*0.25", 0]
				}
			}
		},
		"animation.ironhands.ground_walk": {
			"loop": true,
			"animation_length": 1,
			"bones": {
				"body": {
					"rotation": {
						"0.0": {
							"post": [0, 2, 0],
							"lerp_mode": "catmullrom"
						},
						"0.5": {
							"post": [0, -2, 0],
							"lerp_mode": "catmullrom"
						},
						"1.0": {
							"post": [0, 2, 0],
							"lerp_mode": "catmullrom"
						}
					},
					"position": {
						"0.0": {
							"post": [0, 0, 0],
							"lerp_mode": "catmullrom"
						},
						"0.25": {
							"post": [0, 0.5, 0],
							"lerp_mode": "catmullrom"
						},
						"0.5": {
							"post": [0, 0, 0],
							"lerp_mode": "catmullrom"
						},
						"0.75": {
							"post": [0, 0.5, 0],
							"lerp_mode": "catmullrom"
						},
						"1.0": {
							"post": [0, 0, 0],
							"lerp_mode": "catmullrom"
						}
					}
				},
				"rightfoot": {
					"position": {
						"0.0": {
							"post": [0, 0.25, -3],
							"lerp_mode": "catmullrom"
						},
						"0.25": {
							"post": [0, -0.5, -1],
							"lerp_mode": "catmullrom"
						},
						"0.5": {
							"post": [0, 0, 3],
							"lerp_mode": "catmullrom"
						},
						"0.75": {
							"post": [0, 0, 1],
							"lerp_mode": "catmullrom"
						},
						"1.0": {
							"post": [0, 0.25, -3],
							"lerp_mode": "catmullrom"
						}
					}
				},
				"leftfoot": {
					"position": {
						"0.0": {
							"post": [0, 0, 3],
							"lerp_mode": "catmullrom"
						},
						"0.25": {
							"post": [0, 0, 1],
							"lerp_mode": "catmullrom"
						},
						"0.5": {
							"post": [0, 0.25, -3],
							"lerp_mode": "catmullrom"
						},
						"0.75": {
							"post": [0, -0.5, -1],
							"lerp_mode": "catmullrom"
						},
						"1.0": {
							"post": [0, 0, 3],
							"lerp_mode": "catmullrom"
						}
					}
				},
				"rightHand": {
					"rotation": {
						"0.0": {
							"post": [10, -30, -35],
							"lerp_mode": "catmullrom"
						},
						"0.5": {
							"post": [10, -5, -35],
							"lerp_mode": "catmullrom"
						},
						"1.0": {
							"post": [10, -30, -35],
							"lerp_mode": "catmullrom"
						}
					},
					"position": [0, "-4-math.sin(q.anim_time*90*4-15)*0.25", "math.sin(q.anim_time*90*4-15)*2"]
				},
				"leftHand": {
					"rotation": {
						"0.0": {
							"post": [10, 5, 35],
							"lerp_mode": "catmullrom"
						},
						"0.5": {
							"post": [10, 30, 35],
							"lerp_mode": "catmullrom"
						},
						"1.0": {
							"post": [10, 5, 35],
							"lerp_mode": "catmullrom"
						}
					},
					"position": [0, "-4-math.sin(q.anim_time*90*4-15)*0.25", "-math.sin(q.anim_time*90*4-15)*2"]
				},
				"head": {
					"rotation": {
						"0.0": {
							"post": [0, -2, 0],
							"lerp_mode": "catmullrom"
						},
						"0.5": {
							"post": [0, 2, 0],
							"lerp_mode": "catmullrom"
						},
						"1.0": {
							"post": [0, -2, 0],
							"lerp_mode": "catmullrom"
						}
					}
				},
				"upperbody": {
					"position": [0, "math.cos(q.anim_time*180*4-15)*0.15", 0]
				}
			}
		},
		"animation.ironhands.battle_idle": {
			"loop": true,
			"animation_length": 2,
			"bones": {
				"rightfoot": {
					"rotation": [0, -35, 0]
				},
				"leftfoot": {
					"rotation": [0, 30, 0]
				},
				"upperbody": {
					"position": [0, "math.cos(q.anim_time*45*4-15)*0.1", 0]
				},
				"rightHand": {
					"rotation": [0, 0, "65+math.cos(q.anim_time*45*4-15)*1.5"],
					"position": [0, "1-math.sin(q.anim_time*45*4-15)*0.25", 0]
				},
				"leftHand": {
					"rotation": [0, 0, "-55-math.cos(q.anim_time*45*4-15)*1.5"],
					"position": [0, "-math.sin(q.anim_time*45*4-15)*0.25", 0]
				},
				"body": {
					"rotation": [0, 20, 0]
				},
				"head": {
					"rotation": [0, -20, 0]
				}
			}
		},
		"animation.iron_hands.speed": {
			"loop": true,
			"bones": {
				"iron_hands": {
					"position": [0, 0, "00+((query.anim_time) * 90 * 1) * -0.2"]
				}
			}
		}
	}
}