{
	"format_version": "1.8.0",
	"animations": {
		"animation.runerigus.blink": {
			"animation_length": 0.0833,
			"bones": {
				"eyes": {
					"position": {
						"0.0": [0, 0, 0],
						"0.0833": [0, 0, 1]
					}
				}
			}
		},
		"animation.runerigus.ground_idle": {
			"loop": true,
			"bones": {
				"torso": {
					"rotation": [0, "-15+math.sin(query.anim_time*90*4/2-60)*1", 0]
				},
				"head": {
					"rotation": [-9.91615, -1.29875, "-7.3873-math.sin(q.anim_time*90*1.6+90)*2.8"],
					"position": [0, "4+math.sin(q.anim_time*90*2-60)*1", 5]
				},
				"face": {
					"position": [0, 5, 0]
				},
				"necks": {
					"position": [0, 2, 0]
				},
				"neck1": {
					"rotation": ["-22.5+math.cos(q.anim_time*90*1.4-60)*1.5", "0-math.sin(q.anim_time*90*2+60)*1", "0+math.sin(q.anim_time*90*1.7+60)*1"],
					"position": [0, 0, -11]
				},
				"neck2": {
					"rotation": [-60, 0, 0],
					"position": [0, 15, -27]
				},
				"hands": {
					"rotation": [20, 0, 0],
					"position": [0, 29, -39]
				},
				"hand1": {
					"rotation": [-90, 0, 0]
				},
				"bone": {
					"rotation": ["-17.5+math.sin(q.anim_time*90*2-60)*2.5", "0+math.sin(q.anim_time*90*1-60)*1", -12],
					"position": [4, 5, "-11-math.sin(q.anim_time*90*1-60)*1"]
				},
				"nail_right": {
					"rotation": ["20-math.cos((query.anim_time)*90*1-2-60)*1.5", 0, 0],
					"position": [0, 0, 7]
				},
				"bone9": {
					"rotation": ["0+math.sin(q.anim_time*90*1*1-60)*1", "0-math.sin(q.anim_time*90*1-60)*1.5", "-10-math.sin(q.anim_time*90*2-60)*1"],
					"position": [7, 0, "0+math.sin(q.anim_time*90*1-60)*1"]
				},
				"bone7": {
					"rotation": [0, 17.5, 0],
					"position": [0, 0, 5.8]
				},
				"bone8": {
					"rotation": [0, -25, 0],
					"position": [3, 0, -11]
				},
				"hand2": {
					"rotation": [-90, 0, 0]
				},
				"bone2": {
					"rotation": ["-17.5+math.sin(q.anim_time*90*2-60)*2.5", "0+math.sin(q.anim_time*90*1-60)*1", 12],
					"position": [-3.91611, 5.32621, "-11.9416-math.sin(q.anim_time*90*1-60)*1"]
				},
				"nail_left": {
					"rotation": ["20-math.cos((query.anim_time)*90*1-2-60)*1.5", 0, 0],
					"position": [0, 0, 7]
				},
				"bone10": {
					"rotation": ["0+math.sin(q.anim_time*90*1*1-60)*1", "0-math.sin(q.anim_time*90*1-60)*1.5", "10-math.sin(q.anim_time*90*2-60)*1"],
					"position": [-7, 0, "0+math.sin(q.anim_time*90*1-60)*1"]
				},
				"bone11": {
					"rotation": [0, -17.5, 0],
					"position": [0, 0, 5.8]
				},
				"bone12": {
					"rotation": [0, 25, 0],
					"position": [-3, 0, -11]
				},
				"line_shadow": {
					"rotation": [0, 0, 25],
					"position": [-3, 0, 0]
				},
				"bone23": {
					"rotation": ["0-math.sin(q.anim_time*90*2-90)*1", "0+math.sin(q.anim_time*90*1-60)*1.5", "-7.5+math.sin(q.anim_time*90*1-5)*1"],
					"position": [-6, "-11+math.sin(q.anim_time*90*2-60)*1", 4.1]
				},
				"bone25": {
					"rotation": ["0+math.cos((query.anim_time)*90*1-60*1-60)*1.5", 0, -32.5],
					"position": [7, 2, 0]
				},
				"bone26": {
					"rotation": [0, -40, 0],
					"position": [2, 0, 1]
				},
				"bone28": {
					"rotation": [0, -55, 0],
					"position": [4, 0, 0]
				},
				"bone29": {
					"rotation": [0, -70, 0],
					"position": [4, 0, 0]
				},
				"bone30": {
					"rotation": [0, 0, "-25+math.sin(q.anim_time*90*1-200)*1"],
					"position": [7, 0.4, 0]
				},
				"bone31": {
					"rotation": [0, 0, "22.5+math.sin(q.anim_time*90*2+160)*0.6"],
					"position": [0, 1, 0]
				},
				"bone33": {
					"rotation": [0, 0, "-15+math.sin(q.anim_time*90*1-60)*1.4"],
					"position": [5, 0, 0]
				},
				"bone34": {
					"rotation": ["0-math.cos(q.anim_time*90*1-1-60)*2", 0, 22.5],
					"position": [0, 1, 0]
				},
				"bone35": {
					"rotation": ["0.1989+math.sin(q.anim_time*90*4-60)*1.4", "-0.1947+math.sin(q.anim_time*90*2-60)*1.2", "-10.0001+math.sin((q.anim_time)*90*1-80)*1"],
					"position": [5, 0, 0]
				},
				"bone37": {
					"rotation": ["0+math.sin(query.anim_time*90*2-170)*2", "0+math.sin(q.anim_time*90*1-60)*1.2", "-40+math.sin(q.anim_time*90*1-100)*1.5"],
					"position": [10, 2, 0]
				},
				"bone38": {
					"rotation": [0, 0, 40],
					"position": [0, 3, 0]
				},
				"bone39": {
					"rotation": [0, 0, -60],
					"position": [14, 5, 0]
				},
				"bone41": {
					"rotation": [0, 0, "60+math.sin(q.anim_time*90*1-90)*1.4"],
					"position": [-8, 6, 0]
				},
				"bone43": {
					"rotation": [0, 0, "-5+math.sin(q.anim_time*90*2+100)*1"],
					"position": [6, 0, 0]
				},
				"bone44": {
					"rotation": [0, 0, 45],
					"position": [-4, 4, 0]
				},
				"line_rock": {
					"rotation": [-186.33586, 4.02155, "-237.7227+math.sin(q.anim_time*90*2+390)*5"],
					"position": [5, 3, 4]
				},
				"neck3": {
					"rotation": [37.5, 0, 0],
					"position": [0, 7.8, 19]
				},
				"bone14": {
					"rotation": ["2.5+math.sin(q.anim_time*90*2-60)*1", 0, 0],
					"position": [0, 0, 2]
				},
				"bone19": {
					"rotation": ["2.5+math.sin(q.anim_time*90*2-60)*1", 0, 0],
					"position": [0, 0, 1]
				},
				"bone20": {
					"rotation": ["2.5+math.sin(q.anim_time*90*2-60)*1", 0, 0],
					"position": [0, 0, 1]
				},
				"bone21": {
					"rotation": ["2.5+math.sin(q.anim_time*90*2-60)*1", 0, 0],
					"position": [0, 0, 3]
				},
				"bone22": {
					"rotation": ["2.5+math.sin(q.anim_time*90*2-60)*1", "0+math.sin(q.anim_time*90*2*2-90)*1.2", 0],
					"position": [0, 0, 1]
				},
				"bone13": {
					"rotation": ["2.5+math.sin(q.anim_time*90*2-60)*1", 0, 0],
					"position": [0, 0, 2]
				},
				"bone15": {
					"rotation": ["2.5+math.sin(q.anim_time*90*2-60)*1", 0, 0],
					"position": [0, 0, 1]
				},
				"bone16": {
					"rotation": ["2.5+math.sin(q.anim_time*90*2-60)*1", 0, 0],
					"position": [0, 0, 1]
				},
				"bone17": {
					"rotation": ["2.5+math.sin(q.anim_time*90*2-60)*1", 0, 0],
					"position": [0, 0, 3]
				},
				"bone18": {
					"rotation": ["2.5+math.sin(q.anim_time*90*2-60)*1", "0+math.sin(q.anim_time*90*2*2-90)*1.2", 0],
					"position": [0, 0, 1]
				},
				"bone36": {
					"rotation": [0, 0, "-7.5+math.sin(q.anim_time*90*1-60)*1"],
					"position": [2, 0, 0]
				},
				"bone40": {
					"rotation": [0, 0, 22.5]
				}
			}
		},
		"animation.runerigus.battle_idle": {
			"loop": true,
			"bones": {
				"torso": {
					"rotation": [0, -15, 0]
				},
				"head": {
					"rotation": [-9.91615, -1.29875, "-7.3873-math.sin(q.anim_time*90*1.6+90)*2.8"],
					"position": [0, "4+math.sin(q.anim_time*90*2-60)*1", 5]
				},
				"face": {
					"position": [0, 5, 0]
				},
				"necks": {
					"position": [0, 2, 0]
				},
				"neck1": {
					"rotation": ["-22.5+math.cos(q.anim_time*90*1.4-60)*1.5", "0-math.sin(q.anim_time*90*2+60)*1", "0+math.sin(q.anim_time*90*1.7+60)*1"],
					"position": [0, 0, -11]
				},
				"neck2": {
					"rotation": [-60, 0, 0],
					"position": [0, 15, -27]
				},
				"hands": {
					"rotation": [20, 0, 0],
					"position": [0, 29, -39]
				},
				"hand1": {
					"rotation": [-90, 0, 0]
				},
				"bone": {
					"rotation": ["-17.5+math.sin(q.anim_time*90*2-60)*2.5", "0+math.sin(q.anim_time*90*1-60)*1", -12],
					"position": [4, 5, "-11-math.sin(q.anim_time*90*1+60)*1"]
				},
				"nail_right": {
					"rotation": ["20-math.cos((query.anim_time)*90*1-2-60)*1.5", 0, 0],
					"position": [0, 0, 7]
				},
				"bone9": {
					"rotation": ["0+math.sin(q.anim_time*90*1*1-60)*1", "0-math.sin(q.anim_time*90*1-60)*1.5", "-10-math.sin(q.anim_time*90*2-60)*1"],
					"position": [7, 0, "0+math.sin(q.anim_time*90*1-60)*1"]
				},
				"bone7": {
					"rotation": [0, 17.5, 0],
					"position": [0, 0, 5.8]
				},
				"bone8": {
					"rotation": [0, -25, 0],
					"position": [3, 0, -11]
				},
				"hand2": {
					"rotation": [-90, 0, 0]
				},
				"bone2": {
					"rotation": ["-17.5+math.sin(q.anim_time*90*2-60)*2.5", "0+math.sin(q.anim_time*90*1-60)*1", 12],
					"position": [-4, 9, -12]
				},
				"nail_left": {
					"rotation": ["20-math.cos((query.anim_time)*90*1-2-60)*1.5", 0, 0],
					"position": [0, 0, 7]
				},
				"bone10": {
					"rotation": ["0+math.sin(q.anim_time*90*1*1-60)*1", "0-math.sin(q.anim_time*90*1-60)*1.5", "10-math.sin(q.anim_time*90*2-60)*1"],
					"position": [-7, 0, "0+math.sin(q.anim_time*90*1-60)*1"]
				},
				"bone11": {
					"rotation": [0, -17.5, 0],
					"position": [0, 0, 5.8]
				},
				"bone12": {
					"rotation": [0, 25, 0],
					"position": [-3, 0, -11]
				},
				"line_shadow": {
					"rotation": [0, 0, 25],
					"position": [-3, 0, 0]
				},
				"bone23": {
					"rotation": ["0-math.sin(q.anim_time*90*2-90)*1", "0+math.sin(q.anim_time*90*1-60)*1.5", "-7.5+math.sin(q.anim_time*90*1-5)*1"],
					"position": [-6, "-11+math.sin(q.anim_time*90*2-60)*1", 4.1]
				},
				"bone25": {
					"rotation": ["0+math.cos((query.anim_time)*90*1-60*1-60)*1.5", 0, -32.5],
					"position": [7, 2, 0]
				},
				"bone26": {
					"rotation": [0, -40, 0],
					"position": [2, 0, 1]
				},
				"bone28": {
					"rotation": [0, -55, 0],
					"position": [4, 0, 0]
				},
				"bone29": {
					"rotation": [0, -70, 0],
					"position": [4, 0, 0]
				},
				"bone30": {
					"rotation": [0, 0, "-25+math.sin(q.anim_time*90*1-200)*1"],
					"position": [7, 0.4, 0]
				},
				"bone31": {
					"rotation": [0, 0, "22.5+math.sin(q.anim_time*90*2+160)*0.6"],
					"position": [0, 1, 0]
				},
				"bone33": {
					"rotation": [0, 0, "-15+math.sin(q.anim_time*90*1-60)*1.4"],
					"position": [5, 0, 0]
				},
				"bone34": {
					"rotation": ["0-math.cos(q.anim_time*90*1-1-60)*2", 0, 22.5],
					"position": [0, 1, 0]
				},
				"bone35": {
					"rotation": ["0.1989+math.sin(q.anim_time*90*4-60)*1.4", "-0.1947+math.sin(q.anim_time*90*2-60)*1.2", "-10.0001+math.sin((q.anim_time)*90*1-80)*1"],
					"position": [5, 0, 0]
				},
				"bone37": {
					"rotation": ["0+math.sin(query.anim_time*90*2-170)*2", "0+math.sin(q.anim_time*90*1-60)*1.2", "-40+math.sin(q.anim_time*90*1-100)*1.5"],
					"position": [10, 2, 0]
				},
				"bone38": {
					"rotation": [0, 0, 40],
					"position": [0, 3, 0]
				},
				"bone39": {
					"rotation": [0, 0, -60],
					"position": [14, 5, 0]
				},
				"bone41": {
					"rotation": [0, 0, "60+math.sin(q.anim_time*90*1-90)*1.4"],
					"position": [-8, 6, 0]
				},
				"bone43": {
					"rotation": [0, 0, "-5+math.sin(q.anim_time*90*2+100)*1"],
					"position": [6, 0, 0]
				},
				"bone44": {
					"rotation": [0, 0, 45],
					"position": [-4, 4, 0]
				},
				"line_rock": {
					"rotation": [-186.33586, 4.02155, "-237.7227+math.sin(q.anim_time*90*2+390)*5"],
					"position": [5, 3, 4]
				},
				"neck3": {
					"rotation": [37.5, 0, 0],
					"position": [0, 7.8, 19]
				},
				"bone14": {
					"rotation": ["2.5+math.sin(q.anim_time*90*2-60)*1", 0, 0],
					"position": [0, 0, 2]
				},
				"bone19": {
					"rotation": ["2.5+math.sin(q.anim_time*90*2-60)*1", 0, 0],
					"position": [0, 0, 1]
				},
				"bone20": {
					"rotation": ["2.5+math.sin(q.anim_time*90*2-60)*1", 0, 0],
					"position": [0, 0, 1]
				},
				"bone21": {
					"rotation": ["2.5+math.sin(q.anim_time*90*2-60)*1", 0, 0],
					"position": [0, 0, 3]
				},
				"bone22": {
					"rotation": ["2.5+math.sin(q.anim_time*90*2-60)*1", "0+math.sin(q.anim_time*90*2*2-90)*1.2", 0],
					"position": [0, 0, 1]
				},
				"bone13": {
					"rotation": ["2.5+math.sin(q.anim_time*90*2-60)*1", 0, 0],
					"position": [0, 0, 2]
				},
				"bone15": {
					"rotation": ["2.5+math.sin(q.anim_time*90*2-60)*1", 0, 0],
					"position": [0, 0, 1]
				},
				"bone16": {
					"rotation": ["2.5+math.sin(q.anim_time*90*2-60)*1", 0, 0],
					"position": [0, 0, 1]
				},
				"bone17": {
					"rotation": ["2.5+math.sin(q.anim_time*90*2-60)*1", 0, 0],
					"position": [0, 0, 3]
				},
				"bone18": {
					"rotation": ["2.5+math.sin(q.anim_time*90*2-60)*1", "0+math.sin(q.anim_time*90*2*2-90)*1.2", 0],
					"position": [0, 0, 1]
				},
				"bone36": {
					"rotation": [0, 0, "-7.5+math.sin(q.anim_time*90*1-60)*1"],
					"position": [2, 0, 0]
				},
				"bone40": {
					"rotation": [0, 0, 22.5]
				}
			}
		},
		"animation.runerigus.ground_walk": {
			"loop": true,
			"animation_length": 1.5,
			"bones": {
				"torso": {
					"rotation": ["0+math.sin(q.anim_time*90*2.5-0)*1", "2.5+math.sin(query.anim_time*90*5+0)*1", 0]
				},
				"head": {
					"rotation": [-9.91615, -1.29875, -7.3873],
					"position": [0, "4+math.sin(q.anim_time*90*2-60)*1", 5]
				},
				"face": {
					"position": [0, 5, 0]
				},
				"necks": {
					"position": [0, 2, 0]
				},
				"neck1": {
					"rotation": ["-22.5+math.cos(q.anim_time*90*1.4-60)*1.5", "0-math.sin(q.anim_time*90*2+60)*1", "0+math.sin(q.anim_time*90*1.7+60)*1"],
					"position": [0, 0, -11]
				},
				"neck2": {
					"rotation": [-60, 0, 0],
					"position": [0, 15, -27]
				},
				"hands": {
					"rotation": [20, 0, 0],
					"position": [0, 29, -39]
				},
				"hand1": {
					"rotation": [-90, 0, 0]
				},
				"bone": {
					"rotation": ["-17.5+math.sin(q.anim_time*90*2-60)*2.5", "0+math.sin(q.anim_time*90*1-60)*1", -12],
					"position": [4, 5, "-11-math.sin(q.anim_time*90*1+60)*1"]
				},
				"nail_right": {
					"rotation": ["20-math.cos((query.anim_time)*90*1-2-60)*1.5", 0, 0],
					"position": [0, 0, 7]
				},
				"bone9": {
					"rotation": {
						"0.0": ["21.2946+math.sin(q.anim_time*90*1*1-60)*1", "18.8428-math.sin(q.anim_time*90*1-60)*1.5", "-3.142-math.sin(q.anim_time*90*2-60)*1"],
						"0.75": ["21.2947+math.sin(q.anim_time*90*1*1-60)*1", "-18.8428+NaN-math.sin(q.anim_time*90*1-60)*1.5", "-16.858-math.sin(q.anim_time*90*2-60)*1"],
						"1.5": ["21.2946+math.sin(q.anim_time*90*1*1-60)*1", "18.8428-math.sin(q.anim_time*90*1-60)*1.5", "-3.142-math.sin(q.anim_time*90*2-60)*1"]
					},
					"position": {
						"0.0": [7, 2, "17+math.sin(q.anim_time*90*1-60)*1"],
						"0.75": [7, 1, "10+math.sin(q.anim_time*90*1-60)*1"],
						"1.5": [7, 2, "17+math.sin(q.anim_time*90*1-60)*1"]
					}
				},
				"bone7": {
					"rotation": [0, 17.5, 0],
					"position": [0, 0, 5.8]
				},
				"bone8": {
					"rotation": [0, -25, 0],
					"position": [3, 0, -11]
				},
				"hand2": {
					"rotation": [-90, 0, 0]
				},
				"bone2": {
					"rotation": ["-17.5+math.sin(q.anim_time*90*2-60)*2.5", "0+math.sin(q.anim_time*90*1-60)*1", 12],
					"position": [-4, 9, -12]
				},
				"nail_left": {
					"rotation": ["20-math.cos((query.anim_time)*90*1-2-60)*1.5", 0, 0],
					"position": [0, 0, 7]
				},
				"bone10": {
					"rotation": {
						"0.0": ["21.2947+math.sin(q.anim_time*90*1*1-60)*1", "18.8428+NaN-math.sin(q.anim_time*90*1-60)*1.5", "16.858-math.sin(q.anim_time*90*2-60)*1"],
						"0.75": ["21.2946+math.sin(q.anim_time*90*1*1-60)*1", "-18.8428-math.sin(q.anim_time*90*1-60)*1.5", "3.142-math.sin(q.anim_time*90*2-60)*1"],
						"1.5": ["21.2947+math.sin(q.anim_time*90*1*1-60)*1", "18.8428+NaN-math.sin(q.anim_time*90*1-60)*1.5", "16.858-math.sin(q.anim_time*90*2-60)*1"]
					},
					"position": {
						"0.0": [-7, 1, "10+math.sin(q.anim_time*90*1-60)*1"],
						"0.75": [-7, 2, "17+math.sin(q.anim_time*90*1-60)*1"],
						"1.5": [-7, 1, "10+math.sin(q.anim_time*90*1-60)*1"]
					}
				},
				"bone11": {
					"rotation": [0, -17.5, 0],
					"position": [0, 0, 5.8]
				},
				"bone12": {
					"rotation": [0, 25, 0],
					"position": [-3, 0, -11]
				},
				"line_shadow": {
					"rotation": [0, 0, 25],
					"position": [-3, 0, 0]
				},
				"bone23": {
					"rotation": ["0-math.sin(q.anim_time*90*2-90)*1", "0+math.sin(q.anim_time*90*1-60)*1.5", "-7.5+math.sin(q.anim_time*90*1-5)*1"],
					"position": [-6, "-11+math.sin(q.anim_time*90*2-60)*1", 4.1]
				},
				"bone25": {
					"rotation": ["0+math.cos((query.anim_time)*90*1-60*1-60)*1.5", 0, -32.5],
					"position": [7, 2, 0]
				},
				"bone26": {
					"rotation": [0, -40, 0],
					"position": [2, 0, 1]
				},
				"bone28": {
					"rotation": [0, -55, 0],
					"position": [4, 0, 0]
				},
				"bone29": {
					"rotation": [0, -70, 0],
					"position": [4, 0, 0]
				},
				"bone30": {
					"rotation": [0, 0, "-25+math.sin(q.anim_time*90*1-200)*1"],
					"position": [7, 0.4, 0]
				},
				"bone31": {
					"rotation": [0, 0, "22.5+math.sin(q.anim_time*90*2+160)*0.6"],
					"position": [0, 1, 0]
				},
				"bone33": {
					"rotation": [0, 0, "-15+math.sin(q.anim_time*90*1-60)*1.4"],
					"position": [5, 0, 0]
				},
				"bone34": {
					"rotation": ["0-math.cos(q.anim_time*90*1-1-60)*2", 0, 22.5],
					"position": [0, 1, 0]
				},
				"bone35": {
					"rotation": ["0.1989+math.sin(q.anim_time*90*4-60)*1.4", "-0.1947+math.sin(q.anim_time*90*2-60)*1.2", "-10.0001+math.sin((q.anim_time)*90*1-80)*1"],
					"position": [5, 0, 0]
				},
				"bone37": {
					"rotation": ["0+math.sin(query.anim_time*90*2-170)*2", "0+math.sin(q.anim_time*90*1-60)*1.2", "-40+math.sin(q.anim_time*90*1-100)*1.5"],
					"position": [10, 2, 0]
				},
				"bone38": {
					"rotation": [0, 0, 40],
					"position": [0, 3, 0]
				},
				"bone39": {
					"rotation": [0, 0, -60],
					"position": [14, 5, 0]
				},
				"bone41": {
					"rotation": [0, 0, "60+math.sin(q.anim_time*90*1-90)*1.4"],
					"position": [-8, 6, 0]
				},
				"bone43": {
					"rotation": [0, 0, "-5+math.sin(q.anim_time*90*2+100)*1"],
					"position": [6, 0, 0]
				},
				"bone44": {
					"rotation": [0, 0, 45],
					"position": [-4, 4, 0]
				},
				"line_rock": {
					"rotation": [-186.33586, 4.02155, "-237.7227+math.sin(q.anim_time*90*2+390)*5"],
					"position": [5, 3, 4]
				},
				"neck3": {
					"rotation": [37.5, 0, 0],
					"position": [0, 7.8, 19]
				},
				"bone14": {
					"rotation": ["2.5+math.sin(q.anim_time*90*2-60)*1", 0, 0],
					"position": [0, 0, 2]
				},
				"bone19": {
					"rotation": ["2.5+math.sin(q.anim_time*90*2-60)*1", 0, 0],
					"position": [0, 0, 1]
				},
				"bone20": {
					"rotation": ["2.5+math.sin(q.anim_time*90*2-60)*1", 0, 0],
					"position": [0, 0, 1]
				},
				"bone21": {
					"rotation": ["2.5+math.sin(q.anim_time*90*2-60)*1", 0, 0],
					"position": [0, 0, 3]
				},
				"bone22": {
					"rotation": ["2.5+math.sin(q.anim_time*90*2-60)*1", "0+math.sin(q.anim_time*90*2*2-90)*1.2", 0],
					"position": [0, 0, 1]
				},
				"bone13": {
					"rotation": ["2.5+math.sin(q.anim_time*90*2-60)*1", 0, 0],
					"position": [0, 0, 2]
				},
				"bone15": {
					"rotation": ["2.5+math.sin(q.anim_time*90*2-60)*1", 0, 0],
					"position": [0, 0, 1]
				},
				"bone16": {
					"rotation": ["2.5+math.sin(q.anim_time*90*2-60)*1", 0, 0],
					"position": [0, 0, 1]
				},
				"bone17": {
					"rotation": ["2.5+math.sin(q.anim_time*90*2-60)*1", 0, 0],
					"position": [0, 0, 3]
				},
				"bone18": {
					"rotation": ["2.5+math.sin(q.anim_time*90*2-60)*1", "0+math.sin(q.anim_time*90*2*2-90)*1.2", 0],
					"position": [0, 0, 1]
				},
				"bone36": {
					"rotation": [0, 0, "-7.5+math.sin(q.anim_time*90*1-60)*1"],
					"position": [2, 0, 0]
				},
				"bone40": {
					"rotation": [0, 0, 22.5]
				}
			}
		},
		"animation.runerigus.sleep": {
			"loop": true,
			"bones": {
				"neck1": {
					"rotation": [-90, 0, 0],
					"position": [0, 28, -30]
				},
				"neck3": {
					"position": [0, 0, 6]
				},
				"neck2": {
					"position": [0, 0, 9]
				},
				"head": {
					"position": [0, 0, 23]
				},
				"bone14": {
					"position": [-7, 0, 0]
				},
				"bone19": {
					"position": [-3, 0, 0]
				},
				"bone9": {
					"position": [-12, 0, 0]
				},
				"bone7": {
					"position": [-13, 0, 0]
				},
				"bone2": {
					"position": [9, 0, 0]
				},
				"bone13": {
					"position": [21, 0, 0]
				},
				"bone15": {
					"position": [17, 0, 0]
				},
				"bone16": {
					"position": [14, 0, 0]
				},
				"bone18": {
					"position": [14, 0, 0]
				},
				"bone10": {
					"position": [15, 0, 0]
				},
				"bone11": {
					"position": [1, 0, 0]
				},
				"bone24": {
					"position": [7, 0, 0]
				},
				"bone25": {
					"position": [7, 0, 0]
				},
				"bone26": {
					"position": [7, 0, 0]
				},
				"bone27": {
					"position": [7, 0, 0]
				},
				"bone28": {
					"position": [7, 0, 0]
				},
				"bone29": {
					"position": [7, 0, 0]
				},
				"bone30": {
					"position": [7, 0, 0]
				},
				"bone31": {
					"position": [7, 0, 0]
				},
				"bone32": {
					"position": [7, 0, 0]
				},
				"bone33": {
					"position": [7, 0, 0]
				},
				"bone34": {
					"position": [7, 0, 0]
				},
				"bone35": {
					"position": [7, 0, 0]
				},
				"bone36": {
					"position": [9, 0, 0]
				},
				"bone37": {
					"position": [7, 0, 0]
				},
				"bone38": {
					"position": [5, 0, 0]
				},
				"bone39": {
					"position": [7, 0, 0]
				},
				"bone40": {
					"position": [7, 0, 0]
				},
				"bone41": {
					"position": [7, 0, 0]
				},
				"bone42": {
					"position": [10, 0, 0]
				},
				"bone43": {
					"position": [17, 0, 0]
				}
			}
		},
		"animation.runerigus.physical": {
			"animation_length": 1.4167,
			"bones": {
				"torso": {
					"rotation": {
						"0.0": {
							"post": [0, 0, 0],
							"lerp_mode": "catmullrom"
						},
						"0.2917": {
							"post": [0, 12.5, 0],
							"lerp_mode": "catmullrom"
						},
						"0.625": {
							"post": [0, -7.5, 0],
							"lerp_mode": "catmullrom"
						},
						"1.4167": {
							"post": [0, 0, 0],
							"lerp_mode": "catmullrom"
						}
					}
				},
				"neck1": {
					"rotation": {
						"0.0": {
							"post": [0, 0, 0],
							"lerp_mode": "catmullrom"
						},
						"0.2917": {
							"post": [0, 10, 0],
							"lerp_mode": "catmullrom"
						},
						"0.625": {
							"post": [0, -12.5, 0],
							"lerp_mode": "catmullrom"
						},
						"1.4167": {
							"post": [0, 0, 0],
							"lerp_mode": "catmullrom"
						}
					}
				},
				"head": {
					"rotation": {
						"0.0": {
							"post": [0, 0, 0],
							"lerp_mode": "catmullrom"
						},
						"0.2917": {
							"post": [-10, 13.61816, 0],
							"lerp_mode": "catmullrom"
						},
						"0.625": {
							"post": [12.5, -10, 0],
							"lerp_mode": "catmullrom"
						},
						"1.4167": {
							"post": [0, 0, 0],
							"lerp_mode": "catmullrom"
						}
					},
					"position": {
						"0.0": {
							"post": [0, 0, 0],
							"lerp_mode": "catmullrom"
						},
						"0.2917": {
							"post": [-1.93185, 0, 0.51764],
							"lerp_mode": "catmullrom"
						},
						"0.625": {
							"post": [3.97885, 0, 1.56189],
							"lerp_mode": "catmullrom"
						},
						"1.4167": {
							"post": [0, 0, 0],
							"lerp_mode": "catmullrom"
						}
					}
				},
				"bone10": {
					"rotation": {
						"0.0": {
							"post": [0, 0, 0],
							"lerp_mode": "catmullrom"
						},
						"0.2917": {
							"post": [11.21792, 41.26755, 16.7357],
							"lerp_mode": "catmullrom"
						},
						"0.625": {
							"post": [6.93255, -34.39275, -12.14787],
							"lerp_mode": "catmullrom"
						},
						"1.4167": {
							"post": [0, 0, 0],
							"lerp_mode": "catmullrom"
						}
					},
					"position": {
						"0.0": {
							"post": [0, 0, 0],
							"lerp_mode": "catmullrom"
						},
						"0.2917": {
							"post": [-11.05354, 0, 0.57634],
							"lerp_mode": "catmullrom"
						},
						"0.625": {
							"post": [6.42079, 1, 8.77322],
							"lerp_mode": "catmullrom"
						},
						"1.4167": {
							"post": [0, 0, 0],
							"lerp_mode": "catmullrom"
						}
					}
				},
				"bone2": {
					"rotation": {
						"0.0": {
							"post": [0, 0, 0],
							"lerp_mode": "catmullrom"
						},
						"0.2917": {
							"post": [0, 35, 0],
							"lerp_mode": "catmullrom"
						},
						"0.625": {
							"post": [0, -35, 0],
							"lerp_mode": "catmullrom"
						},
						"1.4167": {
							"post": [0, 0, 0],
							"lerp_mode": "catmullrom"
						}
					}
				},
				"nail_left": {
					"rotation": {
						"0.0": {
							"post": [0, 0, 0],
							"lerp_mode": "catmullrom"
						},
						"0.625": {
							"post": [35, 0, 0],
							"lerp_mode": "catmullrom"
						},
						"1.4167": {
							"post": [0, 0, 0],
							"lerp_mode": "catmullrom"
						}
					},
					"position": {
						"0.0": {
							"post": [0, 0, 0],
							"lerp_mode": "catmullrom"
						},
						"0.625": {
							"post": [0, 1.14885, 13.84486],
							"lerp_mode": "catmullrom"
						},
						"1.4167": {
							"post": [0, 0, 0],
							"lerp_mode": "catmullrom"
						}
					}
				},
				"bone43": {
					"rotation": {
						"0.0": {
							"post": [0, 0, 0],
							"lerp_mode": "catmullrom"
						},
						"0.2917": {
							"post": [0, 25, 0],
							"lerp_mode": "catmullrom"
						},
						"0.625": {
							"post": [0, -25, 0],
							"lerp_mode": "catmullrom"
						},
						"1.4167": {
							"post": [0, 0, 0],
							"lerp_mode": "catmullrom"
						}
					}
				}
			}
		},
		"animation.runerigus.cry": {
			"animation_length": 1.25,
			"bones": {
				"neck1": {
					"rotation": {
						"0.0": [0, 0, 0],
						"0.2917": [-17.5, 0, 0],
						"1.25": [0, 0, 0]
					},
					"position": {
						"0.0": [0, 0, 0],
						"0.2917": [0, 2.40565, -7.62974],
						"1.25": [0, 0, 0]
					}
				},
				"head": {
					"rotation": {
						"0.0": {
							"post": [0, 0, 0],
							"lerp_mode": "catmullrom"
						},
						"0.2917": {
							"post": [-19.8423, 2.55868, 7.05239],
							"lerp_mode": "catmullrom"
						},
						"0.625": {
							"post": [4.75549, -2.79992, -12.18725],
							"lerp_mode": "catmullrom"
						},
						"0.9167": {
							"post": [-18.34454, 0.85608, 13.78523],
							"lerp_mode": "catmullrom"
						},
						"1.25": {
							"post": [0, 0, 0],
							"lerp_mode": "catmullrom"
						}
					},
					"position": {
						"0.0": {
							"post": [0, 0, 0],
							"lerp_mode": "catmullrom"
						},
						"0.2917": {
							"post": [0, 5.63816, 2.05212],
							"lerp_mode": "catmullrom"
						},
						"1.25": {
							"post": [0, 0, 0],
							"lerp_mode": "catmullrom"
						}
					}
				}
			},
			"sound_effects": {
				"0.2917": {
					"effect": "pokemon.runerigus.cry"
				}
			}
		}
	}
}