{
	"format_version": "1.8.0",
	"animations": {
		"animation.mienshao.cry": {
			"animation_length": 1.2083,
			"bones": {
				"line": {
					"rotation": {
						"0.0": [0, 0, 0],
						"0.5": [32.5, 0, 0],
						"1.2": [0, 0, 0]
					},
					"position": {
						"0.0": [0, 0, 0],
						"0.5": [0, -2, 8],
						"1.2": [0, 0, 0]
					}
				},
				"head": {
					"rotation": {
						"0.0": [0, 0, 0],
						"0.5": [-30, 0, 0],
						"1.2": [0, 0, 0]
					},
					"position": {
						"0.0": [0, 0, 0],
						"0.5": [0, 0, -1],
						"1.2": [0, 0, 0]
					}
				},
				"nose": {
					"rotation": {
						"0.0": [0, 0, 0],
						"0.5": [-7.5, 0, 0],
						"1.2": [0, 0, 0]
					}
				},
				"bigotes": {
					"rotation": {
						"0.0": [0, 0, 0],
						"0.5": [0, 0, 0],
						"1.2": [0, 0, 0]
					},
					"position": {
						"0.0": [0, 0, 0],
						"0.5": [0, 1, 0],
						"1.2": [0, 0, 0]
					}
				}
			},
			"sound_effects": {
				"0.5": {
					"effect": "pokemon.mienshao.cry"
				}
			}
		},
		"animation.mienshao.ground_idle": {
			"loop": true,
			"bones": {
				"legs": {
					"position": [0, 0, 2]
				},
				"leg1": {
					"rotation": [10, 0, 0]
				},
				"legparte1": {
					"rotation": [-10.15108, 9.84655, -1.75378]
				},
				"leg2": {
					"rotation": [10, 0, 0]
				},
				"legparte2": {
					"rotation": [-10.15108, -9.84655, 1.75378]
				},
				"torso": {
					"rotation": ["-5-math.sin(q.anim_time*90*1.25-60)*1", 0, "0+math.sin(q.anim_time*90*2-60)*1.15"],
					"position": [0, "1+math.sin(q.anim_time*90*0.5-60)*1", -1]
				},
				"line": {
					"rotation": ["41.5995881083+math.sin(q.anim_time*90 *1- 60)*1", "32.7361+math.sin(q.anim_time*90*3-60)*2", 12.56091],
					"position": [-3, -3, 8]
				},
				"head": {
					"rotation": ["12.5-math.sin(q.anim_time*90*2.25-60)*1.15", 0, 0],
					"position": [0, 0, -1]
				},
				"bigote1": {
					"rotation": [0, 12.5, 0],
					"position": [2, 0, 0]
				},
				"bigote2": {
					"rotation": [0, -12.5, 0],
					"position": [-2, 0, 0]
				},
				"hands": {
					"rotation": ["-5-math.sin(q.anim_time*90*0.5-60)*1", 0, 0],
					"position": [0, "-1+math.sin(q.anim_time*90*0.5-60)*0.5", -1]
				},
				"hand1": {
					"rotation": [67.06606, "36.8166184808+math.sin(q.anim_time*90*2-60)*1", "54.7753521718+math.sin(q.anim_time*90*1-60)*1.25"],
					"position": [12, 5, -8]
				},
				"handparte1": {
					"rotation": [0, 0, "65+math.sin(q.anim_time*90*1-60)*1"],
					"position": [5, 13, 0]
				},
				"hand2": {
					"rotation": [67.06606, "-36.8166+math.sin(q.anim_time*90*2-60)*1", "-54.7754+math.sin(q.anim_time*90*1-60)*1.25"],
					"position": [-12, 5, -8]
				},
				"hand_parte1": {
					"rotation": [0, 0, "-70-math.sin(q.anim_time*90*1-60)*1"],
					"position": [5, -5, 0]
				},
				"hand_parte2": {
					"rotation": [0, 0, "70-math.sin(q.anim_time*90*1-60)*1"],
					"position": [-5, -5, 0]
				},
				"handparte2": {
					"rotation": [0, 0, "-65+math.sin(q.anim_time*90*1-60)*1"],
					"position": [-5, 13, 0]
				},
				"line2": {
					"rotation": [-17.5, "0+math.sin(q.anim_time*90*1-60)*1.15", 0],
					"position": [0, 5, -3]
				}
			}
		},
		"animation.mienshao.battle_idle": {
			"loop": true,
			"bones": {
				"legs": {
					"position": [0, 0, 2]
				},
				"leg1": {
					"rotation": [21.50238, 21.07593, 8.0634],
					"position": [0, 3, -1]
				},
				"legparte1": {
					"rotation": [-11.00966, 24.59476, -4.62933],
					"position": [1, 0, 0]
				},
				"leg2": {
					"rotation": [10, 0, 0]
				},
				"legparte2": {
					"rotation": [-10.15108, -9.84655, 1.75378]
				},
				"torso": {
					"rotation": ["-5.1-math.sin(q.anim_time*90*1.25-60)*1", 12.46695, "-0.9156+math.sin(q.anim_time*90*2-60)*1.15"],
					"position": [0, 1, -1]
				},
				"line": {
					"rotation": ["39.6387+math.sin(q.anim_time*90 *1- 60)*1", "26.2216+math.sin(q.anim_time*90*3-60)*2", 8.35741],
					"position": [-3, -3, 8]
				},
				"head": {
					"rotation": ["12.9578-math.sin(q.anim_time*90*2.25-60)*1.15", 14.57648, 3.57822],
					"position": [0, 0, -1]
				},
				"bigote1": {
					"rotation": [0, 12.5, "0-math.sin(q.anim_time*9*3+60)*1"],
					"position": [2, 0, 0]
				},
				"bigote2": {
					"rotation": [0, -12.5, "0-math.sin(q.anim_time*90*3-60)*1"],
					"position": [-2, 0, 0]
				},
				"hands": {
					"rotation": ["-5-math.sin(q.anim_time*90*0.5-60)*1", 0, 0],
					"position": [0, "-1+math.sin(q.anim_time*90*0.5-60)*0.5", -1]
				},
				"hand1": {
					"rotation": [33.14538, "51.2395+math.sin(q.anim_time*90*3+60)*1", "-4.1051+math.sin(q.anim_time*90*2+60)*1.25"],
					"position": [8, 7, -5]
				},
				"handparte1": {
					"rotation": [0, 0, "110+math.sin(q.anim_time*90*2+60)*1"],
					"position": [15, 14, 0]
				},
				"hand2": {
					"rotation": [58.90398, "-52.4713+math.sin(q.anim_time*90*2.52+60)*1", "-43.4582+math.sin(q.anim_time*90*2+60)*1.25"],
					"position": [-12, 5, -8]
				},
				"hand_parte1": {
					"rotation": [0, 0, "-47.5-math.sin(q.anim_time*90*1-60)*1"],
					"position": [3, -4, 0]
				},
				"hand_parte2": {
					"rotation": [0, 0, "27.5-math.sin(q.anim_time*90*1-60)*1"],
					"position": [0, -3, 0]
				},
				"handparte2": {
					"rotation": [0, 0, "-65+math.sin(q.anim_time*90*3+60)*1"],
					"position": [-5, 13, 0]
				},
				"line2": {
					"rotation": [-18.4344, "19.0437+math.sin(q.anim_time*90*1-60)*1.15", -6.20981],
					"position": [-5, 5, -3]
				}
			}
		},
		"animation.mienshao.ground_walk": {
			"loop": true,
			"bones": {
				"legs": {
					"position": [0, 0, 2]
				},
				"leg1": {
					"rotation": [10, 0, 0]
				},
				"legparte1": {
					"rotation": [-10.15108, 9.84655, -1.75378]
				},
				"leg2": {
					"rotation": [10, 0, 0]
				},
				"legparte2": {
					"rotation": [-10.15108, -9.84655, 1.75378]
				},
				"torso": {
					"rotation": ["-5-math.sin(q.anim_time*90*1.25-60)*1", 0, "0+math.sin(q.anim_time*90*2-60)*1.15"],
					"position": [0, "1+math.sin(q.anim_time*90*0.5-60)*1", -1]
				},
				"line": {
					"rotation": ["41.5995881083+math.sin(q.anim_time*90 *1- 60)*1", "32.7361+math.sin(q.anim_time*90*3-60)*2", 12.56091],
					"position": [-3, -3, 8]
				},
				"head": {
					"rotation": ["12.5-math.sin(q.anim_time*90*2.25-60)*1.15", 0, 0],
					"position": [0, 0, -1]
				},
				"bigote1": {
					"rotation": [0, 12.5, 0],
					"position": [2, 0, 0]
				},
				"bigote2": {
					"rotation": [0, -12.5, 0],
					"position": [-2, 0, 0]
				},
				"hands": {
					"rotation": ["-5-math.sin(q.anim_time*90*0.5-60)*1", 0, 0],
					"position": [0, "-1+math.sin(q.anim_time*90*0.5-60)*0.5", -1]
				},
				"hand1": {
					"rotation": [67.06606, "36.8166184808+math.sin(q.anim_time*90*2-60)*1", "54.7753521718+math.sin(q.anim_time*90*1-60)*1.25"],
					"position": [12, 5, -8]
				},
				"handparte1": {
					"rotation": [0, 0, "65+math.sin(q.anim_time*90*1-60)*1"],
					"position": [5, 13, 0]
				},
				"hand2": {
					"rotation": [67.06606, "-36.8166+math.sin(q.anim_time*90*2-60)*1", "-54.7754+math.sin(q.anim_time*90*1-60)*1.25"],
					"position": [-12, 5, -8]
				},
				"hand_parte1": {
					"rotation": [0, 0, "-70-math.sin(q.anim_time*90*1-60)*1"],
					"position": [5, -5, 0]
				},
				"hand_parte2": {
					"rotation": [0, 0, "70-math.sin(q.anim_time*90*1-60)*1"],
					"position": [-5, -5, 0]
				},
				"handparte2": {
					"rotation": [0, 0, "-65+math.sin(q.anim_time*90*1-60)*1"],
					"position": [-5, 13, 0]
				},
				"line2": {
					"rotation": [-17.5, "0+math.sin(q.anim_time*90*1-60)*1.15", 0],
					"position": [0, 5, -3]
				}
			}
		},
		"animation.mienshao.blink": {
			"animation_length": 0.0833,
			"bones": {
				"eye1": {
					"position": {
						"0.0": [0, 0, 0],
						"0.0833": [2, 0, 0]
					}
				},
				"eyeminec1": {
					"position": {
						"0.0": [0, 0, 0],
						"0.0833": [0, 0, 2]
					}
				},
				"eye2": {
					"position": {
						"0.0": [0, 0, 0],
						"0.0833": [-4, 0, 0]
					}
				},
				"eyeminec2": {
					"position": {
						"0.0": [0, 0, 0],
						"0.0833": [0, 0, 2]
					}
				}
			}
		},
		"animation.mienshao.smile_quirk": {
			"animation_length": 1.5
		},
		"animation.mienshao.tongue_quirk": {
			"animation_length": 2
		},
		"animation.mienshao.pose": {
			"loop": true,
			"animation_length": 1,
			"bones": {
				"head": {
					"rotation": [12.9578, 14.57648, 3.57822],
					"position": [0, 0, -1]
				},
				"hand2": {
					"rotation": [58.90398, -52.4713, -43.4582],
					"position": [-12, 5, -8]
				},
				"hand_parte2": {
					"rotation": [0, 0, 27.5],
					"position": [0, -3, 0]
				},
				"leg1": {
					"rotation": [21.50238, 21.07593, 8.0634],
					"position": [0, 3, -1]
				},
				"legparte1": {
					"rotation": [-11.00966, 24.59476, -4.62933],
					"position": [1, 0, 0]
				},
				"leg2": {
					"rotation": [10, 0, 0]
				},
				"legparte2": {
					"rotation": [-10.15108, -9.84655, 1.75378]
				},
				"torso": {
					"rotation": [-5.1, 12.46695, -0.9156],
					"position": [0, 1, -1]
				},
				"line": {
					"rotation": [39.6387, 26.2216, 8.35741],
					"position": [-3, -3, 8]
				},
				"line2": {
					"rotation": [-18.4344, 19.0437, -6.20981],
					"position": [-5, 5, -3]
				},
				"bigote1": {
					"rotation": [0, 12.5, 0],
					"position": [2, 0, 0]
				},
				"bigote2": {
					"rotation": [0, -12.5, 0],
					"position": [-2, 0, 0]
				},
				"hands": {
					"rotation": [-5, 0, 0],
					"position": [0, -1, -1]
				},
				"hand1": {
					"rotation": [33.14538, 51.2395, -4.1051],
					"position": [8, 7, -5]
				},
				"hand_parte1": {
					"rotation": [0, 0, -47.5],
					"position": [3, -4, 0]
				},
				"handparte1": {
					"rotation": [0, 0, 110],
					"position": [15, 14, 0]
				},
				"handparte2": {
					"rotation": [0, 0, -65],
					"position": [-5, 13, 0]
				}
			}
		},
		"animation.mienshao.faint": {
			"animation_length": 8,
			"bones": {
				"head": {
					"rotation": {
						"0.0": {
							"post": [-1.50037, 46.30423, 10.31186],
							"lerp_mode": "catmullrom"
						},
						"0.2083": {
							"post": [-39.62993, 61.09999, -5.80723],
							"lerp_mode": "catmullrom"
						},
						"0.5": {
							"post": [-1.27987, 35.73282, 7.31288],
							"lerp_mode": "catmullrom"
						},
						"0.8333": {
							"post": [-36.27987, 35.73282, 7.31288],
							"lerp_mode": "catmullrom"
						},
						"1.0": {
							"post": [-55.43308, 25.9748, -23.99469],
							"lerp_mode": "catmullrom"
						}
					},
					"position": {
						"0.0": {
							"post": [-1, 0, -1],
							"lerp_mode": "catmullrom"
						},
						"1.0": {
							"post": [-3, 0, -4],
							"lerp_mode": "catmullrom"
						}
					}
				},
				"hand2": {
					"rotation": {
						"0.0": {
							"post": [61.29693, -19.09172, -39.2847],
							"lerp_mode": "catmullrom"
						},
						"0.2083": {
							"post": [60.48399, -0.20218, -41.30376],
							"lerp_mode": "catmullrom"
						},
						"0.5": {
							"post": [54.65201, 12.8159, -48.81781],
							"lerp_mode": "catmullrom"
						},
						"0.8333": {
							"post": [44.65201, 12.8159, -48.81781],
							"lerp_mode": "catmullrom"
						},
						"1.0": {
							"post": [43.35758, -3.46968, -64.44896],
							"lerp_mode": "catmullrom"
						}
					},
					"position": {
						"0.0": {
							"post": [-9, 8, -7],
							"lerp_mode": "catmullrom"
						},
						"0.2083": {
							"post": [-7, 8, -7],
							"lerp_mode": "catmullrom"
						},
						"0.8333": {
							"post": [-4, 9, -4],
							"lerp_mode": "catmullrom"
						},
						"1.0": {
							"post": [-8, 7, -6],
							"lerp_mode": "catmullrom"
						}
					}
				},
				"hand_parte2": {
					"rotation": {
						"0.0": {
							"post": [0, 0, 27.5],
							"lerp_mode": "catmullrom"
						},
						"0.8333": {
							"post": [0, 25, 27.5],
							"lerp_mode": "catmullrom"
						}
					},
					"position": {
						"0.0": {
							"post": [0, -3, 0],
							"lerp_mode": "catmullrom"
						},
						"0.8333": {
							"post": [4, -5, -4],
							"lerp_mode": "catmullrom"
						}
					}
				},
				"legs": {
					"rotation": {
						"0.0": {
							"post": [0, 0, 0],
							"lerp_mode": "catmullrom"
						},
						"0.5": {
							"post": [40, 0, 0],
							"lerp_mode": "catmullrom"
						}
					},
					"position": {
						"0.0": {
							"post": [0, 0, 0],
							"lerp_mode": "catmullrom"
						},
						"0.8333": {
							"post": [0, -4, -6],
							"lerp_mode": "catmullrom"
						}
					}
				},
				"leg1": {
					"rotation": {
						"0.0": {
							"post": [21.50238, 21.07593, 8.0634],
							"lerp_mode": "catmullrom"
						},
						"0.8333": {
							"post": [26.00039, 15.00066, 22.49957],
							"lerp_mode": "catmullrom"
						}
					},
					"position": {
						"0.0": {
							"post": [0, 0, 0],
							"lerp_mode": "catmullrom"
						},
						"0.8333": {
							"post": [-5, 0, 0],
							"lerp_mode": "catmullrom"
						}
					}
				},
				"legparte1": {
					"rotation": {
						"0.0": {
							"post": [-11.00966, 24.59476, -4.62933],
							"lerp_mode": "catmullrom"
						},
						"0.2083": {
							"post": [13.99034, 24.59476, -4.62933],
							"lerp_mode": "catmullrom"
						},
						"0.5": {
							"post": [38.99034, 24.59476, -4.62933],
							"lerp_mode": "catmullrom"
						}
					},
					"position": {
						"0.0": {
							"post": [1, 0, 0],
							"lerp_mode": "catmullrom"
						},
						"0.2083": {
							"post": [1, 0, 2],
							"lerp_mode": "catmullrom"
						},
						"0.5": {
							"post": [2, 2, 2],
							"lerp_mode": "catmullrom"
						}
					}
				},
				"legwalk1": {
					"rotation": {
						"0.0": {
							"post": [0, 0, 0],
							"lerp_mode": "catmullrom"
						},
						"0.2083": {
							"post": [-22.5, 0, 0],
							"lerp_mode": "catmullrom"
						}
					},
					"position": {
						"0.0": {
							"post": [0, 0, 0],
							"lerp_mode": "catmullrom"
						},
						"0.2083": {
							"post": [0, 0, -1],
							"lerp_mode": "catmullrom"
						}
					}
				},
				"leg2": {
					"rotation": {
						"0.0": {
							"post": [10, 0, 0],
							"lerp_mode": "catmullrom"
						},
						"0.8333": {
							"post": [37.5, 0, 0],
							"lerp_mode": "catmullrom"
						}
					},
					"position": {
						"0.0": {
							"post": [0, 0, 0],
							"lerp_mode": "catmullrom"
						},
						"0.8333": {
							"post": [-1, 3, 4],
							"lerp_mode": "catmullrom"
						}
					}
				},
				"legparte2": {
					"rotation": {
						"0.0": {
							"post": [-10.15108, -9.84655, 1.75378],
							"lerp_mode": "catmullrom"
						},
						"0.5": {
							"post": [27.34892, -9.84655, 1.75378],
							"lerp_mode": "catmullrom"
						}
					},
					"position": {
						"0.0": {
							"post": [0, 0, 0],
							"lerp_mode": "catmullrom"
						},
						"0.5": {
							"post": [0, 1, 3],
							"lerp_mode": "catmullrom"
						}
					}
				},
				"legwalk2": {
					"rotation": {
						"0.0": {
							"post": [0, 0, 0],
							"lerp_mode": "catmullrom"
						},
						"0.5": {
							"post": [32.5, 0, 0],
							"lerp_mode": "catmullrom"
						},
						"0.8333": {
							"post": [17.5, 0, 0],
							"lerp_mode": "catmullrom"
						}
					},
					"position": {
						"0.0": {
							"post": [0, 0, 0],
							"lerp_mode": "catmullrom"
						},
						"0.5": {
							"post": [0, 1, 1],
							"lerp_mode": "catmullrom"
						}
					}
				},
				"torso": {
					"rotation": {
						"0.0": {
							"post": [-5.1, 12.46695, -0.9156],
							"lerp_mode": "catmullrom"
						},
						"0.2083": {
							"post": [-19.61485, -1.65056, 4.18948],
							"lerp_mode": "catmullrom"
						},
						"0.5": {
							"post": [16.01885, 24.51866, 2.59135],
							"lerp_mode": "catmullrom"
						},
						"0.8333": {
							"post": [63.51885, 24.51866, 2.59135],
							"lerp_mode": "catmullrom"
						}
					},
					"position": {
						"0.0": {
							"post": [0, 1, -1],
							"lerp_mode": "catmullrom"
						},
						"0.2083": {
							"post": [0, 1, -5],
							"lerp_mode": "catmullrom"
						},
						"0.5": {
							"post": [0, -3, -9],
							"lerp_mode": "catmullrom"
						},
						"0.6667": {
							"post": [0.25, -3, -10.37],
							"lerp_mode": "catmullrom"
						},
						"0.8333": {
							"post": [2, -3, -4],
							"lerp_mode": "catmullrom"
						}
					}
				},
				"line": {
					"rotation": {
						"0.0": {
							"post": [39.6387, 26.2216, 8.35741],
							"lerp_mode": "catmullrom"
						},
						"0.2083": {
							"post": [37.71141, 17.44169, 3.19308],
							"lerp_mode": "catmullrom"
						},
						"0.8333": {
							"post": [-27.28859, 17.44169, 3.19308],
							"lerp_mode": "catmullrom"
						}
					},
					"position": {
						"0.0": {
							"post": [-3, -3, 8],
							"lerp_mode": "catmullrom"
						},
						"0.2083": {
							"post": [-1, -3, 8],
							"lerp_mode": "catmullrom"
						},
						"0.8333": {
							"post": [-4, 5, -4],
							"lerp_mode": "catmullrom"
						}
					}
				},
				"line2": {
					"rotation": {
						"0.0": {
							"post": [-21.54359, 35.51034, -12.91814],
							"lerp_mode": "catmullrom"
						}
					},
					"position": {
						"0.0": {
							"post": [-9, 4, -1],
							"lerp_mode": "catmullrom"
						}
					}
				},
				"eye1": {
					"position": {
						"0.0": {
							"post": [1, 0, 0],
							"lerp_mode": "catmullrom"
						}
					}
				},
				"eyeminec1": {
					"position": {
						"0.0": {
							"post": [0, 0, 2],
							"lerp_mode": "catmullrom"
						}
					}
				},
				"eye2": {
					"position": {
						"0.0": {
							"post": [-1, 0, 0],
							"lerp_mode": "catmullrom"
						}
					}
				},
				"eyeminec2": {
					"position": {
						"0.0": {
							"post": [0, 0, 2],
							"lerp_mode": "catmullrom"
						}
					}
				},
				"bigote1": {
					"rotation": {
						"0.0": {
							"post": [0, 12.5, 0],
							"lerp_mode": "catmullrom"
						}
					},
					"position": {
						"0.0": {
							"post": [2, 0, 0],
							"lerp_mode": "catmullrom"
						}
					}
				},
				"bigote2": {
					"rotation": {
						"0.0": {
							"post": [0, -12.5, 0],
							"lerp_mode": "catmullrom"
						}
					},
					"position": {
						"0.0": {
							"post": [-2, 0, 0],
							"lerp_mode": "catmullrom"
						}
					}
				},
				"hands": {
					"rotation": {
						"0.0": {
							"post": [-5, 0, 0],
							"lerp_mode": "catmullrom"
						}
					},
					"position": {
						"0.0": {
							"post": [0, -1, -1],
							"lerp_mode": "catmullrom"
						}
					}
				},
				"hand1": {
					"rotation": {
						"0.0": {
							"post": [47.07842, -2.08918, 41.07264],
							"lerp_mode": "catmullrom"
						},
						"0.2083": {
							"post": [46.6447, -7.56565, 46.21717],
							"lerp_mode": "catmullrom"
						},
						"0.5": {
							"post": [46.12946, 1.07467, 55.27337],
							"lerp_mode": "catmullrom"
						},
						"0.8333": {
							"post": [31.12946, 1.07467, 55.27337],
							"lerp_mode": "catmullrom"
						},
						"1.0": {
							"post": [31.86605, 11.74468, 61.83583],
							"lerp_mode": "catmullrom"
						}
					},
					"position": {
						"0.0": {
							"post": [5, 7, -5],
							"lerp_mode": "catmullrom"
						},
						"0.5": {
							"post": [6, 7, -5],
							"lerp_mode": "catmullrom"
						},
						"0.8333": {
							"post": [4, 7, -5],
							"lerp_mode": "catmullrom"
						},
						"1.0": {
							"post": [4, 4, -6],
							"lerp_mode": "catmullrom"
						}
					}
				},
				"hand_parte1": {
					"rotation": {
						"0.0": {
							"post": [0, 0, -47.5],
							"lerp_mode": "catmullrom"
						},
						"0.8333": {
							"post": [0, -22.5, -47.5],
							"lerp_mode": "catmullrom"
						}
					},
					"position": {
						"0.0": {
							"post": [3, -4, 0],
							"lerp_mode": "catmullrom"
						},
						"0.8333": {
							"post": [-2, -7, -4],
							"lerp_mode": "catmullrom"
						},
						"1.0": {
							"post": [-2, -7, -3],
							"lerp_mode": "catmullrom"
						}
					}
				},
				"handparte1": {
					"rotation": {
						"0.0": {
							"post": [0, 0, 110],
							"lerp_mode": "catmullrom"
						},
						"0.8333": {
							"post": [0, 20, 67.5],
							"lerp_mode": "catmullrom"
						}
					},
					"position": {
						"0.0": {
							"post": [15, 14, 0],
							"lerp_mode": "catmullrom"
						},
						"0.8333": {
							"post": [7, 8, 4],
							"lerp_mode": "catmullrom"
						}
					}
				},
				"handparte2": {
					"rotation": {
						"0.0": {
							"post": [0, 0, -65],
							"lerp_mode": "catmullrom"
						}
					},
					"position": {
						"0.0": {
							"post": [-5, 13, 0],
							"lerp_mode": "catmullrom"
						}
					}
				}
			}
		}
	}
}