{
    "implemented": true,
    "target": "cobblemon:aromatisse",   
    "shoulderMountable": false,
    "baseScale": 0.8,
    "hitbox": {
      "width": 0.8,
      "height": 1.12,
      "fixed": false
    },
    "drops": {
    "amount": "3",
      "entries": [
        {
          "item": "minecraft:orange_berry",
          "quantityRange": "50"
        },
        {
          "item": "cobblemon:meloc_berry",
          "percentage": 25
        },
        {
          "item": "minecraft:thread",
          "percentage": 25
        }
      ]
    },
    "behaviour": {
      "resting": {
        "canSleep": true,
        "willSleepOnBed": true,
        "depth": "normal",
        "light": "0-4"
      }
    }
   }