{
    "implemented": true,
    "target": "cobblemon:mienshao",   
    "shoulderMountable": false,
    "baseScale": 1,
    "hitbox": {
      "width": 1,
      "height": 1.15,
      "fixed": false
    },
    "drops": {
    "amount": "3",
      "entries": [
        {
          "item": "minecraft:rotten_flesh",
          "quantityRange": "0-3"
        },
        {
          "item": "cobblemon:bluk_berry",
          "percentage": 2.5
        },
        {
          "item": "minecraft:thread",
          "percentage": 33
        }
      ]
    },
    "behaviour": {
      "resting": {
        "canSleep": true,
        "willSleepOnBed": true,
        "depth": "normal",
        "light": "0-4"
      }
    }
   }