{
    "implemented": true,
    "target": "cobblemon:pangoro",   
    "shoulderMountable": false,
    "baseScale": 1.1,
    "hitbox": {
      "width": 1.1,
      "height": 1,
      "fixed": false
    },
    "drops": {
    "amount": "3",
      "entries": [
        {
          "item": "minecraft:rotten_flesh",
          "quantityRange": "0-3"
        },
        {
          "item": "cobblemon:thread",
          "percentage": 100
        },
        {
          "item": "minecraft:stick",
          "percentage": 33
        }
      ]
    },
    "behaviour": {
      "resting": {
        "canSleep": true,
        "willSleepOnBed": true,
        "depth": "normal",
        "light": "0-4"
      }
    }
   }