{
  "implemented": true,
  "name": "Chikorita",
  "nationalPokedexNumber": 152,
  "primaryType": "grass",
  "abilities": [
    "overgrow",
    "h:leafguard"
  ],
  "baseStats": {
    "hp": 45,
    "attack": 49,
    "defence": 65,
    "special_attack": 49,
    "special_defence": 65,
    "speed": 45
  },
  "catchRate": 45,
  "maleRatio": 0.875,
  "shoulderMountable": true,
  "baseExperienceYield": 64,
  "experienceGroup": "medium_slow",
  "eggCycles": 20,
  "eggGroups": [
    "monster",
    "grass"
  ],
  "behaviour": {
    "resting": {
      "canSleep": true,
      "willSleepOnBed": true,
      "depth": "normal",
      "light": "0-4"
    },
    "moving": {
      "walk": {
        "walkSpeed": 0.2
      }
    }
  },
  "drops": {
    "amount": 1,
    "entries": [
      {
        "item": "cobblemon:miracle_seed",
        "percentage": 5.0
      }
    ]
  },
  "moves": [
    "1:growl",
    "1:tackle",
    "6:razorleaf",
    "9:poisonpowder",
    "12:synthesis",
    "17:reflect",
    "20:magicalleaf",
    "23:leechseed",
    "23:naturalgift",
    "28:sweetscent",
    "31:lightscreen",
    "34:bodyslam",
    "39:safeguard",
    "42:aromatherapy",
    "42:gigadrain",
    "45:solarbeam",
    "egg:ancientpower",
    "egg:aromatherapy",
    "egg:bodyslam",
    "egg:counter",
    "egg:flail",
    "egg:grasswhistle",
    "egg:grassyterrain",
    "egg:healpulse",
    "egg:ingrain",
    "egg:leafstorm",
    "egg:leechseed",
    "egg:naturepower",
    "egg:refresh",
    "egg:vinewhip",
    "egg:wringout",
    "tm:attract",
    "tm:bodyslam",
    "tm:bulletseed",
    "tm:captivate",
    "tm:charm",
    "tm:confide",
    "tm:curse",
    "tm:cut",
    "tm:doubleedge",
    "tm:doubleteam",
    "tm:echoedvoice",
    "tm:encore",
    "tm:endure",
    "tm:energyball",
    "tm:facade",
    "tm:faketears",
    "tm:flash",
    "tm:frustration",
    "tm:gigadrain",
    "tm:grassknot",
    "tm:grasspledge",
    "tm:grassyglide",
    "tm:grassyterrain",
    "tm:helpinghand",
    "tm:hiddenpower",
    "tm:irontail",
    "tm:leafstorm",
    "tm:lightscreen",
    "tm:magicalleaf",
    "tm:mudslap",
    "tm:naturalgift",
    "tm:naturepower",
    "tm:protect",
    "tm:reflect",
    "tm:rest",
    "tm:return",
    "tm:round",
    "tm:safeguard",
    "tm:secretpower",
    "tm:seedbomb",
    "tm:sleeptalk",
    "tm:solarbeam",
    "tm:solarblade",
    "tm:substitute",
    "tm:sunnyday",
    "tm:swagger",
    "tm:swordsdance",
    "tm:takedown",
    "tm:terablast",
    "tm:toxic",
    "tm:trailblaze",
    "tm:workup",
    "tutor:ancientpower",
    "tutor:attract",
    "tutor:bodyslam",
    "tutor:counter",
    "tutor:curse",
    "tutor:cut",
    "tutor:detect",
    "tutor:doubleedge",
    "tutor:doubleteam",
    "tutor:endure",
    "tutor:flail",
    "tutor:flash",
    "tutor:frenzyplant",
    "tutor:frustration",
    "tutor:furycutter",
    "tutor:gigadrain",
    "tutor:grasspledge",
    "tutor:growl",
    "tutor:headbutt",
    "tutor:hiddenpower",
    "tutor:irontail",
    "tutor:leechseed",
    "tutor:lightscreen",
    "tutor:magiccoat",
    "tutor:mimic",
    "tutor:mudslap",
    "tutor:poisonpowder",
    "tutor:protect",
    "tutor:razorleaf",
    "tutor:reflect",
    "tutor:rest",
    "tutor:return",
    "tutor:safeguard",
    "tutor:seedbomb",
    "tutor:sleeptalk",
    "tutor:snore",
    "tutor:solarbeam",
    "tutor:substitute",
    "tutor:sunnyday",
    "tutor:swagger",
    "tutor:sweetscent",
    "tutor:swordsdance",
    "tutor:synthesis",
    "tutor:tackle",
    "tutor:toxic",
    "tutor:vinewhip",
    "tutor:worryseed"
  ],
  "labels": [
    "gen2"
  ],
  "pokedex": [
    "cobblemon.species.chikorita.desc"
  ],
  "evolutions": [
    {
      "id": "cafe_chikorita_bayleef",
      "variant": "level_up",
      "result": "bayleef",
      "consumeHeldItem": false,
      "learnableMoves": [],
      "requirements": [
        {
          "variant": "level",
          "minLevel": 16
        }
      ]
    },
   {
      "id": "cafe_chikorita_chikorita",
      "variant": "item_interact",
      "result": "chikorita",
      "consumeHeldItem": false,
      "learnableMoves": [],
      "requirements": [],
      "requiredContext": "minecraft:shears"
    }
      
  ],
  "baseScale": 0.6,
  "hitbox": {
    "width": 0.7,
    "height": 1.1,
    "fixed": false
  },
  "baseFriendship": 70,
  "evYield": {
    "hp": 0,
    "attack": 0,
    "defence": 0,
    "special_attack": 0,
    "special_defence": 1,
    "speed": 0
  },
  "height": 9,
  "weight": 64,
  "aspects": [],
  "cannotDynamax": false
}
