{
    "implemented": true,
    "nationalPokedexNumber": 549,
    "name": "Lilligant",
    "primaryType": "grass",
    "maleRatio": 0,
    "height": 11,
    "weight": 163,
    "pokedex": [
        "cobblemon.species.lilligant.desc"
    ],
    "labels": [
        "gen5",
        "unovan_form"
    ],
    "aspects": [],
    "abilities": [
        "chlorophyll",
        "owntempo",
        "h:leafguard"
    ],
    "eggGroups": [
        "grass"
    ],
    "baseStats": {
        "hp": 70,
        "attack": 60,
        "defence": 75,
        "special_attack": 110,
        "special_defence": 75,
        "speed": 90
    },
    "evYield": {
        "hp": 0,
        "attack": 0,
        "defence": 0,
        "special_attack": 2,
        "special_defence": 0,
        "speed": 0
    },
    "baseExperienceYield": 168,
    "experienceGroup": "medium_fast",
    "catchRate": 75,
    "eggCycles": 20,
    "baseFriendship": 50,
    "features": [
        "hisuian"
    ],
    "baseScale": 0.6,
    "hitbox": {
        "width": 1.1,
        "height": 2.3,
        "fixed": false
    },
    "drops": {
        "amount": 3,
        "entries": [
            {
                "item": "cobblemon:revival_herb",
                "percentage": 5
            },
            {
                "item": "cobblemon:persim_berry",
                "percentage": 5
            },
            {
                "item": "cobblemon:absorb_bulb",
                "percentage": 5
            }
        ]
    },
    "moves": [
        "1:growth",
        "1:leechseed",
        "1:megadrain",
        "1:synthesis",
        "1:teeterdance",
        "1:quiverdance",
        "1:petaldance",
        "1:gigadrain",
        "1:sunnyday",
        "1:helpinghand",
        "1:energyball",
        "1:afteryou",
        "1:petalblizzard",
        "1:aromatherapy",
        "1:sleeppowder",
        "1:entrainment",
        "1:leafstorm",
        "1:absorb",
        "1:stunspore",
        "1:charm",
        "5:magicalleaf",
        "egg:bide",
        "egg:grasswhistle",
        "egg:healingwish",
        "egg:ingrain",
        "egg:naturalgift",
        "egg:sweetscent",
        "egg:worryseed",
        "tm:afteryou",
        "tm:alluringvoice",
        "tm:bulletseed",
        "tm:charm",
        "tm:covet",
        "tm:cut",
        "tm:dreameater",
        "tm:encore",
        "tm:endure",
        "tm:energyball",
        "tm:facade",
        "tm:flash",
        "tm:gigadrain",
        "tm:gigaimpact",
        "tm:grassknot",
        "tm:grassyglide",
        "tm:grassyterrain",
        "tm:healbell",
        "tm:helpinghand",
        "tm:hyperbeam",
        "tm:laserfocus",
        "tm:leafblade",
        "tm:leafstorm",
        "tm:lightscreen",
        "tm:magicalleaf",
        "tm:naturalgift",
        "tm:naturepower",
        "tm:petalblizzard",
        "tm:pollenpuff",
        "tm:protect",
        "tm:psychup",
        "tm:rest",
        "tm:roleplay",
        "tm:safeguard",
        "tm:seedbomb",
        "tm:sleeptalk",
        "tm:solarbeam",
        "tm:solarblade",
        "tm:substitute",
        "tm:sunnyday",
        "tm:swordsdance",
        "tm:synthesis",
        "tm:terablast",
        "tm:trailblaze",
        "tm:weatherball",
        "tm:worryseed",
        "tutor:afteryou",
        "tutor:covet",
        "tutor:energyball",
        "tutor:gigadrain",
        "tutor:gigaimpact",
        "tutor:grassyglide",
        "tutor:healbell",
        "tutor:helpinghand",
        "tutor:hyperbeam",
        "tutor:laserfocus",
        "tutor:magicalleaf",
        "tutor:rest",
        "tutor:roleplay",
        "tutor:seedbomb",
        "tutor:sleeptalk",
        "tutor:synthesis",
        "tutor:worryseed"
    ],
    "preEvolution": "petilil",
    "evolutions": [],
    "forms": [
        {
            "name": "Hisui",
            "primaryType": "grass",
            "secondaryType": "fighting",
            "maleRatio": 0,
            "height": 12,
            "weight": 192,
            "pokedex": [
                "cobblemon.species.lilligant-hisui.desc"
            ],
            "labels": [
                "gen8a",
                "hisuian_form"
            ],
            "aspects": [
                "hisuian"
            ],
            "abilities": [
                "chlorophyll",
                "hustle",
                "h:leafguard"
            ],
            "baseStats": {
                "hp": 70,
                "attack": 105,
                "defence": 75,
                "special_attack": 50,
                "special_defence": 75,
                "speed": 105
            },
            "evYield": {
                "hp": 0,
                "attack": 1,
                "defence": 0,
                "special_attack": 0,
                "special_defence": 0,
                "speed": 1
            },
            "baseScale": 0.8,
            "hitbox": {
                "width": 0.5,
                "height": 2.1,
                "fixed": false
            },
            "drops": {
                "amount": 2,
                "entries": [
                    {
                        "item": "cobblemon:revival_herb",
                        "percentage": 5
                    },
                    {
                        "item": "cobblemon:coba_berry",
                        "percentage": 5
                    }
                ]
            },
            "moves": [
                "1:leafblade",
                "1:magicalleaf",
                "1:energyball",
                "1:victorydance",
                "1:teeterdance",
                "1:solarblade",
                "1:petalblizzard",
                "1:afteryou",
                "1:entrainment",
                "1:leafstorm",
                "1:defog",
                "1:megakick",
                "1:sunnyday",
                "1:synthesis",
                "1:gigadrain",
                "1:sleeppowder",
                "1:stunspore",
                "1:growth",
                "1:leechseed",
                "1:megadrain",
                "1:absorb",
                "1:helpinghand",
                "1:aromatherapy",
                "5:axekick",
                "egg:bide",
                "egg:grasswhistle",
                "egg:healingwish",
                "egg:ingrain",
                "egg:naturalgift",
                "egg:sweetscent",
                "egg:worryseed",
                "tm:acrobatics",
                "tm:aerialace",
                "tm:afteryou",
                "tm:airslash",
                "tm:babydolleyes",
                "tm:brickbreak",
                "tm:bulletseed",
                "tm:charm",
                "tm:closecombat",
                "tm:coaching",
                "tm:defog",
                "tm:encore",
                "tm:endure",
                "tm:energyball",
                "tm:facade",
                "tm:focusenergy",
                "tm:gigadrain",
                "tm:gigaimpact",
                "tm:grassknot",
                "tm:grassyglide",
                "tm:grassyterrain",
                "tm:helpinghand",
                "tm:hurricane",
                "tm:hyperbeam",
                "tm:icespinner",
                "tm:leafblade",
                "tm:leafstorm",
                "tm:lowkick",
                "tm:lowsweep",
                "tm:magicalleaf",
                "tm:megakick",
                "tm:metronome",
                "tm:naturalgift",
                "tm:petalblizzard",
                "tm:poisonjab",
                "tm:pollenpuff",
                "tm:protect",
                "tm:psychup",
                "tm:raindance",
                "tm:rest",
                "tm:rocksmash",
                "tm:seedbomb",
                "tm:sleeptalk",
                "tm:solarbeam",
                "tm:solarblade",
                "tm:substitute",
                "tm:sunnyday",
                "tm:swordsdance",
                "tm:synthesis",
                "tm:takedown",
                "tm:terablast",
                "tm:trailblaze",
                "tm:tripleaxel",
                "tm:upperhand",
                "tm:vacuumwave",
                "tm:weatherball",
                "tm:worryseed",
                "tutor:aerialace",
                "tutor:afteryou",
                "tutor:babydolleyes",
                "tutor:coaching",
                "tutor:defog",
                "tutor:energyball",
                "tutor:focusenergy",
                "tutor:gigadrain",
                "tutor:gigaimpact",
                "tutor:grassyglide",
                "tutor:helpinghand",
                "tutor:hyperbeam",
                "tutor:lowkick",
                "tutor:magicalleaf",
                "tutor:poisonjab",
                "tutor:rest",
                "tutor:rocksmash",
                "tutor:seedbomb",
                "tutor:sleeptalk",
                "tutor:synthesis",
                "tutor:tripleaxel",
                "tutor:vacuumwave",
                "tutor:worryseed"
            ],
            "preEvolution": "petilil",
            "evolutions": [
                    {
            "id": "cafe_liligant_liligant",
            "variant": "item_interact",
            "result": "liligant",
            "consumeHeldItem": false,
            "learnableMoves": [],
            "requirements": [],
            "requiredContext": "minecraft:shears"
        }
            ],
            "battleOnly": false
        }
    ]
}