{
  "implemented": true,
  "name": "Salamence",
  "nationalPokedexNumber": 373,
  "primaryType": "dragon",
  "secondaryType": "flying",
  "abilities": ["intimidate", "h:moxie"],
  "baseStats": {
    "hp": 95,
    "attack": 135,
    "defence": 80,
    "special_attack": 110,
    "special_defence": 80,
    "speed": 100
  },
  "catchRate": 45,
  "maleRatio": 0.5,
  "shoulderMountable": false,
  "baseExperienceYield": 300,
  "experienceGroup": "slow",
  "eggCycles": 40,
  "eggGroups": ["dragon"],
  "behaviour": {
    "moving": {
      "walking": {
        "walkSpeed": 0.2
      },
      "fly": {
        "canFly": true
      }
    }
  },
  "moves": [
    "1:bite",
    "1:dragonbreath",
    "1:dragontail",
    "1:dualwingbeat",
    "1:ember",
    "1:firefang",
    "1:fly",
    "1:leer",
    "1:protect",
    "1:rage",
    "1:roost",
    "1:thunderfang",
    "15:headbutt",
    "20:scaryface",
    "25:crunch",
    "33:dragonclaw",
    "39:zenheadbutt",
    "46:focusenergy",
    "55:flamethrower",
    "64:outrage",
    "73:doubleedge",
    "tm:fireblast",
    "tm:earthquake",
    "tm:hyperbeam",
    "tm:fly"
  ],
  "labels": ["gen3", "pseudo_legendary"],
  "pokedex": ["cobblemon.species.salamence.desc"],
  "preEvolution": "shelgon",
  "evolutions": [
    {
      "id": "salamence_cafe_salamence",
      "variant": "item_interact",
      "result": "cafe_salamence",
      "consumeHeldItem": true,
      "learnableMoves": [],
      "requirements": [],
      "requiredContext": "minecraft:green_wool"
    },
{
      "id": "cafe_salamence_salamence",
      "variant": "item_interact",
      "result": "salamence",
      "consumeHeldItem": false,
      "learnableMoves": [],
      "requirements": [],
      "requiredContext": "minecraft:shears"
    }
      
  ],
  "forms": [
    {
      "name": "Mega",
      "primaryType": "dragon",
      "secondaryType": "flying",
      "abilities": ["aerilate"],
      "baseStats": {
        "hp": 95,
        "attack": 145,
        "defence": 130,
        "special_attack": 120,
        "special_defence": 90,
        "speed": 120
      },
      "catchRate": 45,
      "maleRatio": 0.5,
      "baseExperienceYield": 300,
      "baseFriendship": 35,
      "evYield": {
        "hp": 0,
        "attack": 3,
        "defence": 0,
        "special_attack": 0,
        "special_defence": 0,
        "speed": 0
      },
      "experienceGroup": "slow",
      "eggCycles": 40,
      "eggGroups": ["dragon"],
      "behaviour": {
        "moving": {
          "fly": {
            "canFly": true
          }
        }
      },
      "labels": ["gen6", "mega", "pseudo_legendary"],
      "aspects": ["mega"],
      "height": 18,
      "weight": 1126,
      "cannotDynamax": false,
      "battleOnly": true
    }
  ],
  "baseFriendship": 35,
  "evYield": {
    "hp": 0,
    "attack": 3,
    "defence": 0,
    "special_attack": 0,
    "special_defence": 0,
    "speed": 0
  },
  "height": 15,
  "weight": 1026,
  "baseScale": 1,
  "hitbox": {
    "width": 2.7,
    "height": 2,
    "fixed": false
  },
  "cannotDynamax": false,
  "drops": {
    "amount": 3,
    "entries": [
      {
        "item": "cobblemon:dragon_fang",
        "percentage": 10.0
      },
      {
        "item": "cobblemon:dragon_scale",
        "percentage": 10.0
      },
      {
        "item": "cobblemon:yache_berry",
        "percentage": 10.0
      }
    ]
  }
}
