{
    "implemented": true,
    "nationalPokedexNumber": 706,
    "name": "Goodra",
    "primaryType": "dragon",
    "maleRatio": 0.5,
    "height": 20,
    "weight": 1505,
    "pokedex": [
        "cobblemon.species.goodra.desc"
    ],
    "labels": [
        "gen6",
        "powerhouse",
        "kalosian_form"
    ],
    "aspects": [],
    "abilities": [
        "sapsipper",
        "hydration",
        "h:gooey"
    ],
    "eggGroups": [
        "dragon"
    ],
    "baseStats": {
        "hp": 90,
        "attack": 100,
        "defence": 70,
        "special_attack": 110,
        "special_defence": 150,
        "speed": 80
    },
    "evYield": {
        "hp": 0,
        "attack": 0,
        "defence": 0,
        "special_attack": 0,
        "special_defence": 3,
        "speed": 0
    },
    "baseExperienceYield": 300,
    "experienceGroup": "slow",
    "catchRate": 45,
    "eggCycles": 40,
    "baseFriendship": 35,
    "features": [
        "hisuian"
    ],
    "baseScale": 0.9,
    "hitbox": {
        "width": 1.8,
        "height": 3.3,
        "fixed": false
    },
    "drops": {
        "amount": 4,
        "entries": [
            {
                "item": "minecraft:slime_ball",
                "quantityRange": "0-3"
            },
            {
                "item": "cobblemon:haban_berry",
                "percentage": 10
            }
        ]
    },
    "moves": [
        "1:feint",
        "1:tackle",
        "1:bubble",
        "1:absorb",
        "1:bide",
        "1:dragonbreath",
        "1:aquatail",
        "1:acidspray",
        "1:poisontail",
        "1:tearfullook",
        "1:watergun",
        "1:acidarmor",
        "15:protect",
        "20:flail",
        "25:waterpulse",
        "30:raindance",
        "43:curse",
        "49:bodyslam",
        "58:muddywater",
        "67:powerwhip",
        "egg:counter",
        "egg:lifedew",
        "tm:acidspray",
        "tm:aquatail",
        "tm:assurance",
        "tm:blizzard",
        "tm:bodypress",
        "tm:bodyslam",
        "tm:breakingswipe",
        "tm:brutalswing",
        "tm:bulldoze",
        "tm:charm",
        "tm:chillingwater",
        "tm:curse",
        "tm:dracometeor",
        "tm:dragoncheer",
        "tm:dragonclaw",
        "tm:dragonpulse",
        "tm:dragontail",
        "tm:earthquake",
        "tm:endure",
        "tm:facade",
        "tm:fireblast",
        "tm:firepunch",
        "tm:flamethrower",
        "tm:focusblast",
        "tm:focuspunch",
        "tm:gigaimpact",
        "tm:hail",
        "tm:hydropump",
        "tm:hyperbeam",
        "tm:icebeam",
        "tm:incinerate",
        "tm:infestation",
        "tm:irontail",
        "tm:knockoff",
        "tm:laserfocus",
        "tm:megakick",
        "tm:megapunch",
        "tm:muddywater",
        "tm:mudshot",
        "tm:outrage",
        "tm:poisontail",
        "tm:powerwhip",
        "tm:protect",
        "tm:raindance",
        "tm:rest",
        "tm:rockslide",
        "tm:rocksmash",
        "tm:scald",
        "tm:shockwave",
        "tm:skittersmack",
        "tm:sleeptalk",
        "tm:sludgebomb",
        "tm:sludgewave",
        "tm:stompingtantrum",
        "tm:strength",
        "tm:substitute",
        "tm:sunnyday",
        "tm:superpower",
        "tm:surf",
        "tm:takedown",
        "tm:terablast",
        "tm:thunder",
        "tm:thunderbolt",
        "tm:thunderpunch",
        "tm:toxic",
        "tm:waterpulse",
        "tm:weatherball",
        "tutor:aquatail",
        "tutor:bulldoze",
        "tutor:dracometeor",
        "tutor:dragonpulse",
        "tutor:firepunch",
        "tutor:flamethrower",
        "tutor:focuspunch",
        "tutor:gigaimpact",
        "tutor:hyperbeam",
        "tutor:icebeam",
        "tutor:irontail",
        "tutor:knockoff",
        "tutor:laserfocus",
        "tutor:outrage",
        "tutor:rest",
        "tutor:rockslide",
        "tutor:rocksmash",
        "tutor:shockwave",
        "tutor:skittersmack",
        "tutor:sleeptalk",
        "tutor:sludgebomb",
        "tutor:stompingtantrum",
        "tutor:superpower",
        "tutor:thunderbolt",
        "tutor:thunderpunch",
        "tutor:waterpulse"
    ],
    "preEvolution": "sliggoo",
    "evolutions": [
              {
            "id": "cafe_goodra_goodra",
            "variant": "item_interact",
            "result": "goodra",
            "consumeHeldItem": false,
            "learnableMoves": [],
            "requirements": [],
            "requiredContext": "minecraft:shears"
        }
    ],
    "forms": [
        {
            "name": "Hisui",
            "primaryType": "steel",
            "secondaryType": "dragon",
            "maleRatio": 0.5,
            "height": 17,
            "weight": 3341,
            "pokedex": [
                "cobblemon.species.goodra-hisui.desc"
            ],
            "labels": [
                "gen8a",
                "powerhouse",
                "hisuian_form"
            ],
            "aspects": [
                "hisuian"
            ],
            "abilities": [
                "sapsipper",
                "shellarmor",
                "h:gooey"
            ],
            "baseStats": {
                "hp": 80,
                "attack": 100,
                "defence": 100,
                "special_attack": 110,
                "special_defence": 150,
                "speed": 60
            },
            "baseScale": 1,
            "hitbox": {
                "width": 2.5,
                "height": 3.6,
                "fixed": false
            },
            "drops": {
                "amount": 7,
                "entries": [
                    {
                        "item": "minecraft:slime_ball",
                        "quantityRange": "0-3"
                    },
                    {
                        "item": "minecraft:iron_ingot",
                        "quantityRange": "0-3"
                    },
                    {
                        "item": "cobblemon:bluk_berry",
                        "percentage": 10
                    }
                ]
            },
            "moves": [
                "1:bubble",
                "1:irontail",
                "1:shelter",
                "1:acidspray",
                "1:feint",
                "1:tearfullook",
                "1:dragonbreath",
                "1:tackle",
                "1:absorb",
                "1:watergun",
                "1:bide",
                "1:acidarmor",
                "15:protect",
                "20:flail",
                "25:waterpulse",
                "30:raindance",
                "35:dragonpulse",
                "43:curse",
                "49:ironhead",
                "49:bodyslam",
                "58:muddywater",
                "67:heavyslam",
                "egg:counter",
                "egg:lifedew",
                "tm:acidspray",
                "tm:blizzard",
                "tm:bodypress",
                "tm:bodyslam",
                "tm:breakingswipe",
                "tm:bulldoze",
                "tm:charm",
                "tm:chillingwater",
                "tm:curse",
                "tm:dracometeor",
                "tm:dragoncheer",
                "tm:dragonclaw",
                "tm:dragonpulse",
                "tm:dragontail",
                "tm:earthquake",
                "tm:endure",
                "tm:facade",
                "tm:fireblast",
                "tm:firepunch",
                "tm:flamethrower",
                "tm:flashcannon",
                "tm:gigaimpact",
                "tm:gyroball",
                "tm:heavyslam",
                "tm:hydropump",
                "tm:hyperbeam",
                "tm:icebeam",
                "tm:icespinner",
                "tm:ironhead",
                "tm:irontail",
                "tm:knockoff",
                "tm:lashout",
                "tm:muddywater",
                "tm:mudshot",
                "tm:outrage",
                "tm:protect",
                "tm:raindance",
                "tm:rest",
                "tm:rockslide",
                "tm:rocksmash",
                "tm:rocktomb",
                "tm:sandstorm",
                "tm:scaryface",
                "tm:skittersmack",
                "tm:sleeptalk",
                "tm:sludgebomb",
                "tm:sludgewave",
                "tm:steelbeam",
                "tm:stompingtantrum",
                "tm:substitute",
                "tm:sunnyday",
                "tm:surf",
                "tm:takedown",
                "tm:terablast",
                "tm:thunder",
                "tm:thunderbolt",
                "tm:thunderpunch",
                "tm:waterpulse",
                "tm:weatherball",
                "tutor:bulldoze",
                "tutor:dracometeor",
                "tutor:dragonpulse",
                "tutor:firepunch",
                "tutor:flamethrower",
                "tutor:flashcannon",
                "tutor:gigaimpact",
                "tutor:hyperbeam",
                "tutor:icebeam",
                "tutor:ironhead",
                "tutor:irontail",
                "tutor:knockoff",
                "tutor:lashout",
                "tutor:outrage",
                "tutor:rest",
                "tutor:rockslide",
                "tutor:rocksmash",
                "tutor:skittersmack",
                "tutor:sleeptalk",
                "tutor:sludgebomb",
                "tutor:steelbeam",
                "tutor:stompingtantrum",
                "tutor:thunderbolt",
                "tutor:thunderpunch",
                "tutor:waterpulse"
            ],
            "preEvolution": "sliggoo hisuian",
            "evolutions": [],
            "battleOnly": false
        }
    ]
}