{
	"format_version": "1.12.0",
	"minecraft:geometry": [
		{
			"description": {
				"identifier": "geometry.tropius",
				"texture_width": 256,
				"texture_height": 256,
				"visible_bounds_width": 10,
				"visible_bounds_height": 7.5,
				"visible_bounds_offset": [0, 3.25, 0]
			},
			"bones": [
				{
					"name": "tropius",
					"pivot": [0, 0, 0]
				},
				{
					"name": "body",
					"parent": "tropius",
					"pivot": [0, 0, 0]
				},
				{
					"name": "torso",
					"parent": "body",
					"pivot": [0, 16, 6],
					"rotation": [-7.5, 0, 0],
					"cubes": [
						{"origin": [-12, 6, -17], "size": [24, 23, 34], "uv": [0, 0]},
						{"origin": [-0.5, 7, -17], "size": [1, 17, 0], "inflate": 0.01, "uv": [52, 111]},
						{"origin": [-0.5, 29, -13], "size": [1, 0, 7], "inflate": 0.01, "uv": [46, 121]}
					]
				},
				{
					"name": "fruitbasket",
					"parent": "torso",
					"pivot": [0, -2, -1],
					"cubes": [
						{"origin": [-6, 26, 6], "size": [11, 4, 4], "pivot": [0, 27, 7], "rotation": [-10, 0, 0], "uv": [70, 230]},
						{"origin": [4, 38, -3], "size": [0, 7, 3], "pivot": [3, 39, -2], "rotation": [20.62983, -22.07286, 12.15619], "uv": [64, 204]},
						{"origin": [4, 38, -1], "size": [0, 7, 3], "pivot": [3, 39, 0], "rotation": [11.96971, -40.44003, 33.20848], "uv": [57, 204]},
						{"origin": [3, 38, -3], "size": [0, 7, 3], "pivot": [2, 39, -2], "rotation": [24.88605, -8.6893, -7.33145], "uv": [57, 204]},
						{"origin": [-5, 38, 3], "size": [4, 4, 4], "uv": [60, 217]},
						{"origin": [-3, 42, 3], "size": [0, 4, 4], "uv": [79, 210]},
						{"origin": [-2, 42, 2], "size": [0, 4, 4], "pivot": [-2, 42, 5], "rotation": [0, 90, 0], "uv": [94, 219]},
						{"origin": [-2, 42, 0], "size": [0, 4, 5], "pivot": [-2, 42, 4], "rotation": [0, 135, 0], "uv": [79, 218]},
						{"origin": [2, 38, 6], "size": [2, 6, 0], "pivot": [3, 38, 6], "rotation": [-55, 32.5, 0], "uv": [93, 243]},
						{"origin": [2, 38, 6], "size": [2, 6, 0], "pivot": [3, 38, 6], "rotation": [-38.89457, 47.83259, 16.99159], "uv": [93, 243]},
						{"origin": [2, 38, 6], "size": [2, 6, 0], "pivot": [3, 38, 6], "rotation": [-65.66795, 9.0667, -15.55713], "uv": [93, 243]},
						{"origin": [1, 38, 6], "size": [2, 6, 0], "pivot": [2, 38, 6], "rotation": [-50.96249, 4.70077, -18.01238], "uv": [93, 243]},
						{"origin": [2, 38, 6], "size": [2, 6, 0], "pivot": [3, 38, 6], "rotation": [-14.40113, 46.42685, 36.13295], "uv": [93, 243]},
						{"origin": [2, 38, 6], "size": [2, 6, 0], "pivot": [3, 38, 6], "rotation": [-32.41489, 32.80053, 0.95278], "uv": [93, 243]},
						{"origin": [-5, 40, -3], "size": [3, 3, 3], "pivot": [-4, 40, -2], "rotation": [-9.85108, 1.72794, 9.85108], "uv": [137, 242]},
						{"origin": [-2, 40, -3], "size": [2, 2, 2], "pivot": [-1, 40, -2], "rotation": [-2.5, 0, 20], "uv": [117, 227]},
						{"origin": [-2, 39, -1], "size": [2, 2, 2], "pivot": [-1, 39, 0], "rotation": [-33.69704, 7.90547, 15.72794], "uv": [138, 229]},
						{"origin": [-4, 39, -1], "size": [2, 2, 2], "pivot": [-3, 39, 0], "rotation": [-39.83613, -21.15474, -15.85616], "uv": [138, 229]},
						{"origin": [2, 38, 2], "size": [3, 3, 3], "pivot": [4, 38, 4], "rotation": [0, 0, -12.5], "uv": [113, 243]},
						{"origin": [-6, 28, -7], "size": [12, 12, 13], "pivot": [0, 28, -1], "rotation": [-12.5, 0, 0], "uv": [31, 228]},
						{"origin": [-5, 27, -6], "size": [10, 10, 11], "pivot": [0, 26, 12], "rotation": [-12.5, 0, 0], "uv": [-1, 188]}
					]
				},
				{
					"name": "neck",
					"parent": "torso",
					"pivot": [0.5, 21.5, -15],
					"rotation": [7.5, 0, 0],
					"cubes": [
						{"origin": [-6.5, 18.25, -17.75], "size": [13, 15, 13], "inflate": 0.01, "uv": [55, 100]}
					]
				},
				{
					"name": "neck2",
					"parent": "neck",
					"pivot": [0, 33.25, -13.25],
					"cubes": [
						{"origin": [-5.5, 32.25, -16.75], "size": [11, 14, 11], "inflate": 0.01, "uv": [168, 0]}
					]
				},
				{
					"name": "sash",
					"parent": "neck2",
					"pivot": [0, 0, 0],
					"cubes": [
						{"origin": [-18, 41, -25], "size": [9, 0, 13], "pivot": [-10, 41, -13], "rotation": [125.38684, -4.75631, 140.9737], "uv": [-13, 219], "mirror": true},
						{"origin": [-16, 39, -26], "size": [9, 0, 13], "pivot": [-8, 39, -14], "rotation": [103.43176, 2.83656, 109.34524], "uv": [-13, 240], "mirror": true}
					]
				},
				{
					"name": "neck3",
					"parent": "neck2",
					"pivot": [0, 46.25, -10.25],
					"cubes": [
						{"origin": [-4.5, 45.25, -15.75], "size": [9, 14, 9], "uv": [212, 0]}
					]
				},
				{
					"name": "neck4",
					"parent": "neck3",
					"pivot": [0, 59.25, -8.75],
					"cubes": [
						{"origin": [-4, 58.25, -15.25], "size": [8, 14, 8], "inflate": 0.01, "uv": [0, 0]}
					]
				},
				{
					"name": "neck5",
					"parent": "neck4",
					"pivot": [0, 72.25, -8.75],
					"cubes": [
						{"origin": [-4.5, 71.25, -15.75], "size": [9, 14, 9], "uv": [152, 25]}
					]
				},
				{
					"name": "head",
					"parent": "neck5",
					"pivot": [0, 85.25, -6.75],
					"cubes": [
						{"origin": [-5, 85.25, -10.75], "size": [10, 14, 4], "uv": [224, 23]},
						{"origin": [-4.5, 91.25, -14.75], "size": [9, 7, 4], "inflate": 0.01, "uv": [152, 69]},
						{"origin": [-4.5, 85.25, -16.75], "size": [9, 6, 6], "inflate": 0.01, "uv": [152, 57]}
					]
				},
				{
					"name": "jaw",
					"parent": "head",
					"pivot": [0.5, 91.25, -14.75],
					"cubes": [
						{"origin": [-4.5, 91.25, -16.75], "size": [9, 7, 2], "uv": [0, 57]}
					]
				},
				{
					"name": "bush",
					"parent": "jaw",
					"pivot": [0.5, 91.25, -16.75],
					"cubes": [
						{"origin": [0.5, 85.25, -26.75], "size": [0, 12, 12], "pivot": [0.5, 91.25, -20.75], "rotation": [0, 0, 45], "uv": [218, 44]},
						{"origin": [0.5, 85.25, -26.75], "size": [0, 12, 12], "pivot": [0.5, 91.25, -20.75], "rotation": [0, 0, -45], "uv": [218, 44]}
					]
				},
				{
					"name": "berries",
					"parent": "bush",
					"pivot": [0.5, 91.25, -16.75],
					"cubes": [
						{"origin": [0.5, 85.25, -26.75], "size": [0, 12, 12], "inflate": 0.01, "pivot": [0.5, 91.25, -20.75], "rotation": [0, 0, 45], "uv": [218, 57]},
						{"origin": [0.5, 85.25, -26.75], "size": [0, 12, 12], "inflate": 0.01, "pivot": [0.5, 91.25, -20.75], "rotation": [0, 0, -45], "uv": [218, 57], "mirror": true}
					]
				},
				{
					"name": "cheek_left",
					"parent": "head",
					"pivot": [5, 86.5, -13.25],
					"rotation": [17.5, 0, 0],
					"cubes": [
						{"origin": [4, 84.5, -15.25], "size": [2, 5, 5], "uv": [9, 71]},
						{"origin": [4.5, 88.5, -14.25], "size": [1, 3, 3], "uv": [0, 26]}
					]
				},
				{
					"name": "cheek_right",
					"parent": "head",
					"pivot": [-5, 86.5, -13.25],
					"rotation": [17.5, 0, 0],
					"cubes": [
						{"origin": [-6, 84.5, -15.25], "size": [2, 5, 5], "uv": [0, 66]},
						{"origin": [-5.5, 88.5, -14.25], "size": [1, 3, 3], "uv": [0, 0]}
					]
				},
				{
					"name": "eyes",
					"parent": "head",
					"pivot": [0.5, 140.36092, -7.37803]
				},
				{
					"name": "eye_left",
					"parent": "eyes",
					"pivot": [4.5, 147.36092, -7.37803],
					"cubes": [
						{"origin": [4.5, 88.25, -12.75], "size": [0, 5, 2], "inflate": 0.02, "uv": [18, 68]}
					]
				},
				{
					"name": "eyelid_left",
					"parent": "eyes",
					"pivot": [4.4, 90.75, -11.75],
					"cubes": [
						{"origin": [4.4, 88.25, -12.75], "size": [0, 5, 2], "inflate": 0.03, "uv": [5, 74]}
					]
				},
				{
					"name": "eye_right",
					"parent": "eyes",
					"pivot": [-4.5, 147.36092, -7.37803],
					"cubes": [
						{"origin": [-4.5, 88.25, -12.75], "size": [0, 5, 2], "inflate": 0.02, "uv": [0, 64]}
					]
				},
				{
					"name": "eyelid_right",
					"parent": "eyes",
					"pivot": [-4.5, 90.75, -11.75],
					"cubes": [
						{"origin": [-4.4, 88.25, -12.75], "size": [0, 5, 2], "inflate": 0.03, "uv": [0, 74]}
					]
				},
				{
					"name": "bananas",
					"parent": "head",
					"pivot": [0, 87, -16.75]
				},
				{
					"name": "banana_middle",
					"parent": "bananas",
					"pivot": [0, 89, -15.75],
					"cubes": [
						{"origin": [0, 84, -28.75], "size": [0, 10, 13], "uv": [180, 94]}
					]
				},
				{
					"name": "banana_left",
					"parent": "bananas",
					"pivot": [0.75, 89, -15.75],
					"rotation": [0, -10, 0],
					"cubes": [
						{"origin": [0.75, 84, -28.75], "size": [0, 10, 13], "uv": [107, 101]}
					]
				},
				{
					"name": "banana_right",
					"parent": "bananas",
					"pivot": [-0.75, 89, -15.75],
					"rotation": [0, 10, 0],
					"cubes": [
						{"origin": [-0.75, 84, -28.75], "size": [0, 10, 13], "uv": [0, 102]}
					]
				},
				{
					"name": "wing_front_left",
					"parent": "torso",
					"pivot": [4, 29.1, -2],
					"cubes": [
						{"origin": [3, 29.1, -11], "size": [21, 0, 18], "uv": [92, 81]}
					]
				},
				{
					"name": "wing_front_left2",
					"parent": "wing_front_left",
					"pivot": [24, 29.1, -2],
					"cubes": [
						{"origin": [24, 29.1, -14], "size": [23, 0, 24], "uv": [46, 57]}
					]
				},
				{
					"name": "wing_front_left3",
					"parent": "wing_front_left2",
					"pivot": [47, 29.1, -2],
					"cubes": [
						{"origin": [47, 29.1, -13], "size": [23, 0, 22], "uv": [0, 81]}
					]
				},
				{
					"name": "wing_front_right",
					"parent": "torso",
					"pivot": [-4, 29.1, -2],
					"cubes": [
						{"origin": [-24, 29.1, -11], "size": [21, 0, 18], "uv": [50, 81]}
					]
				},
				{
					"name": "wing_front_right2",
					"parent": "wing_front_right",
					"pivot": [-24, 29.1, -2],
					"cubes": [
						{"origin": [-47, 29.1, -14], "size": [23, 0, 24], "uv": [0, 57]}
					]
				},
				{
					"name": "wing_front_right3",
					"parent": "wing_front_right2",
					"pivot": [-47, 29.1, -2],
					"cubes": [
						{"origin": [-70, 29.1, -13], "size": [23, 0, 22], "uv": [60, 0]}
					]
				},
				{
					"name": "wing_back_left",
					"parent": "torso",
					"pivot": [5, 30, 1],
					"rotation": [0, -22.5, 0],
					"cubes": [
						{"origin": [2, 30, 1], "size": [10, 0, 7], "pivot": [5, 30, 1], "rotation": [-45, 0, 0], "uv": [132, 119]},
						{"origin": [2, 30, -6], "size": [10, 0, 7], "pivot": [5, 30, 1], "rotation": [45, 0, 0], "uv": [-7, 92]}
					]
				},
				{
					"name": "wing_back_left2",
					"parent": "wing_back_left",
					"pivot": [12, 30, 1],
					"cubes": [
						{"origin": [12, 30, 1], "size": [11, 0, 10], "pivot": [5, 30, 1], "rotation": [-45, 0, 0], "uv": [142, 80]},
						{"origin": [12, 30, -9], "size": [11, 0, 10], "pivot": [5, 30, 1], "rotation": [45, 0, 0], "uv": [142, 90]}
					]
				},
				{
					"name": "wing_back_left3_upper",
					"parent": "wing_back_left2",
					"pivot": [23, 24, 1]
				},
				{
					"name": "wing_back_left3",
					"parent": "wing_back_left3_upper",
					"pivot": [23, 30, 1],
					"cubes": [
						{"origin": [23, 30, 1], "size": [18, 0, 12], "pivot": [24, 30, 1], "rotation": [-45, 0, 0], "uv": [104, 34]},
						{"origin": [23, 30, -11], "size": [18, 0, 12], "pivot": [24, 30, 1], "rotation": [45, 0, 0], "uv": [0, 103]}
					]
				},
				{
					"name": "wing_back_left_upper",
					"parent": "wing_back_left3",
					"pivot": [41, 23, 1]
				},
				{
					"name": "wing_back_left4",
					"parent": "wing_back_left_upper",
					"pivot": [41, 30, 1],
					"cubes": [
						{"origin": [41, 30, 1], "size": [18, 0, 11], "pivot": [42, 30, 1], "rotation": [-45, 0, 0], "uv": [107, 22]},
						{"origin": [41, 30, -10], "size": [18, 0, 11], "pivot": [42, 30, 1], "rotation": [45, 0, 0], "uv": [105, 68]}
					]
				},
				{
					"name": "wing_back_right",
					"parent": "torso",
					"pivot": [-5, 30, 1],
					"rotation": [0, 22.5, 0],
					"cubes": [
						{"origin": [-12, 30, 1], "size": [10, 0, 7], "pivot": [-5, 30, 1], "rotation": [-45, 0, 0], "uv": [123, 101]},
						{"origin": [-12, 30, -6], "size": [10, 0, 7], "pivot": [-5, 30, 1], "rotation": [45, 0, 0], "uv": [41, 103]}
					]
				},
				{
					"name": "wing_back_right2",
					"parent": "wing_back_right",
					"pivot": [-12, 30, 1],
					"cubes": [
						{"origin": [-23, 30, 1], "size": [11, 0, 10], "pivot": [-5, 30, 1], "rotation": [-45, 0, 0], "uv": [20, 115]},
						{"origin": [-23, 30, -9], "size": [11, 0, 10], "pivot": [-5, 30, 1], "rotation": [45, 0, 0], "uv": [0, 22]}
					]
				},
				{
					"name": "wing_back_right3_upper",
					"parent": "wing_back_right2",
					"pivot": [-23, 24, 1]
				},
				{
					"name": "wing_back_right3",
					"parent": "wing_back_right3_upper",
					"pivot": [-23, 30, 1],
					"cubes": [
						{"origin": [-41, 30, 1], "size": [18, 0, 12], "pivot": [-24, 30, 1], "rotation": [-45, 0, 0], "uv": [82, 101]},
						{"origin": [-41, 30, -11], "size": [18, 0, 12], "pivot": [-24, 30, 1], "rotation": [45, 0, 0], "uv": [70, 22]}
					]
				},
				{
					"name": "wing_back_right4_upper",
					"parent": "wing_back_right3",
					"pivot": [-41, 23, 1]
				},
				{
					"name": "wing_back_right4",
					"parent": "wing_back_right4_upper",
					"pivot": [-41, 30, 1],
					"cubes": [
						{"origin": [-59, 30, 1], "size": [18, 0, 11], "pivot": [-42, 30, 1], "rotation": [-45, 0, 0], "uv": [105, 57]},
						{"origin": [-59, 30, -10], "size": [18, 0, 11], "pivot": [-42, 30, 1], "rotation": [45, 0, 0], "uv": [105, 46]}
					]
				},
				{
					"name": "leg_front_left",
					"parent": "body",
					"pivot": [8, 12, -13.5],
					"cubes": [
						{"origin": [3, 5, -18.5], "size": [10, 9, 10], "uv": [128, 0]}
					]
				},
				{
					"name": "leg_front_left2",
					"parent": "leg_front_left",
					"pivot": [8, 5, -16],
					"cubes": [
						{"origin": [3.5, 0, -18], "size": [9, 6, 9], "uv": [170, 92]}
					]
				},
				{
					"name": "toe_front_left",
					"parent": "leg_front_left2",
					"pivot": [8, 1.5, -18],
					"cubes": [
						{"origin": [5.5, 0, -19.5], "size": [5, 2, 2], "inflate": 0.01, "uv": [0, 81]},
						{"origin": [6.5, 0, -21], "size": [3, 2, 2], "uv": [12, 83]}
					]
				},
				{
					"name": "leg_front_right",
					"parent": "body",
					"pivot": [-8, 12, -13.5],
					"cubes": [
						{"origin": [-13, 5, -18.5], "size": [10, 9, 10], "uv": [178, 40]}
					]
				},
				{
					"name": "leg_front_right2",
					"parent": "leg_front_right",
					"pivot": [-8, 5, -16],
					"cubes": [
						{"origin": [-12.5, 0, -18], "size": [9, 6, 9], "uv": [174, 77]}
					]
				},
				{
					"name": "toe_front_right",
					"parent": "leg_front_right2",
					"pivot": [-8, 1.5, -18],
					"cubes": [
						{"origin": [-10.5, 0, -19.5], "size": [5, 2, 2], "inflate": 0.01, "uv": [9, 66]},
						{"origin": [-9.5, 0, -21], "size": [3, 2, 2], "uv": [0, 22]}
					]
				},
				{
					"name": "leg_back_left",
					"parent": "body",
					"pivot": [8, 10.5, 11.5],
					"cubes": [
						{"origin": [3, 4.5, 6.5], "size": [10, 8, 10], "uv": [140, 101]}
					]
				},
				{
					"name": "leg_back_left2",
					"parent": "leg_back_left",
					"pivot": [8, 4.5, 9],
					"cubes": [
						{"origin": [3.5, 0, 7], "size": [9, 6, 9], "uv": [188, 25]}
					]
				},
				{
					"name": "toe_back_left_outer",
					"parent": "leg_back_left2",
					"pivot": [10, 1.5, 7],
					"cubes": [
						{"origin": [8.5, 0, 5.5], "size": [3, 2, 2], "inflate": 0.01, "uv": [8, 87]}
					]
				},
				{
					"name": "toe_back_left_inner",
					"parent": "leg_back_left2",
					"pivot": [6, 1.5, 7],
					"cubes": [
						{"origin": [4.5, 0, 5.5], "size": [3, 2, 2], "inflate": 0.01, "uv": [0, 85]}
					]
				},
				{
					"name": "leg_back_right",
					"parent": "body",
					"pivot": [-8, 10.5, 11.5],
					"cubes": [
						{"origin": [-13, 4.5, 6.5], "size": [10, 8, 10], "uv": [178, 59]}
					]
				},
				{
					"name": "leg_back_right2",
					"parent": "leg_back_right",
					"pivot": [-8, 4.5, 9],
					"cubes": [
						{"origin": [-12.5, 0, 7], "size": [9, 6, 9], "uv": [218, 41]}
					]
				},
				{
					"name": "toe_back_right_outer",
					"parent": "leg_back_right2",
					"pivot": [-10, 1.5, 7],
					"cubes": [
						{"origin": [-11.5, 0, 5.5], "size": [3, 2, 2], "inflate": 0.01, "uv": [24, 4]}
					]
				},
				{
					"name": "toe_back_right_inner",
					"parent": "leg_back_right2",
					"pivot": [-6, 1.5, 7],
					"cubes": [
						{"origin": [-7.5, 0, 5.5], "size": [3, 2, 2], "inflate": 0.01, "uv": [24, 0]}
					]
				}
			]
		}
	]
}