{
	"format_version": "1.12.0",
	"minecraft:geometry": [
		{
			"description": {
				"identifier": "geometry.skwovet",
				"texture_width": 64,
				"texture_height": 64,
				"visible_bounds_width": 3,
				"visible_bounds_height": 2.5,
				"visible_bounds_offset": [0, 0.75, 0]
			},
			"bones": [
				{
					"name": "skwovet",
					"pivot": [0, 0, 0]
				},
				{
					"name": "allbody",
					"parent": "skwovet",
					"pivot": [0, 0, 0]
				},
				{
					"name": "legs",
					"parent": "allbody",
					"pivot": [0, 0, 1]
				},
				{
					"name": "leg1",
					"parent": "legs",
					"pivot": [-3, 0, 2],
					"cubes": [
						{"origin": [-5, 2, 2], "size": [3, 3, 4], "uv": [29, 0]}
					]
				},
				{
					"name": "legparte1",
					"parent": "leg1",
					"pivot": [0, -1, 2],
					"cubes": [
						{"origin": [-4, 0, 3], "size": [2, 2, 2], "uv": [40, 9]}
					]
				},
				{
					"name": "legminec",
					"parent": "leg1",
					"pivot": [0, -1, 2],
					"cubes": [
						{"origin": [-4, 0, 2], "size": [2, 1, 3], "pivot": [-3, 0, 4], "rotation": [12.5, 0, 0], "uv": [30, 33]}
					]
				},
				{
					"name": "leg2",
					"parent": "legs",
					"pivot": [3, 0, 2],
					"cubes": [
						{"origin": [2, 2, 2], "size": [3, 3, 4], "uv": [0, 31]}
					]
				},
				{
					"name": "legparte2",
					"parent": "leg2",
					"pivot": [0, -1, 1],
					"cubes": [
						{"origin": [2, 0, 3], "size": [2, 2, 2], "uv": [40, 14]}
					]
				},
				{
					"name": "legminec2",
					"parent": "leg2",
					"pivot": [0, -1, 1],
					"cubes": [
						{"origin": [2, 0, 2], "size": [2, 1, 3], "pivot": [3, 0, 4], "rotation": [12.5, 0, 0], "uv": [30, 38]}
					]
				},
				{
					"name": "torso",
					"parent": "allbody",
					"pivot": [0, 0, 0]
				},
				{
					"name": "torsosecundary",
					"parent": "torso",
					"pivot": [0, 0, 0],
					"cubes": [
						{"origin": [-3, 2, 0], "size": [6, 5, 5], "pivot": [0, 2, 1], "rotation": [-10, 0, 0], "uv": [0, 10]}
					]
				},
				{
					"name": "torsomini",
					"parent": "torso",
					"pivot": [0, 0, 0],
					"cubes": [
						{"origin": [-2, 3, -2], "size": [4, 3, 3], "pivot": [1, 3, -3], "rotation": [-10, 0, 0], "uv": [15, 33]}
					]
				},
				{
					"name": "line",
					"parent": "torso",
					"pivot": [0, 6, 6],
					"cubes": [
						{"origin": [-2, 4, 3], "size": [4, 9, 4], "pivot": [1, 4, 3], "rotation": [-27.5, 0, 0], "uv": [23, 10]},
						{"origin": [-2, 9, 8], "size": [4, 4, 4.2], "inflate": 0.1, "pivot": [0, 10, 11], "rotation": [10, 0, 0], "uv": [23, 24]},
						{"origin": [-2, 7, 9], "size": [4, 2, 3.2], "inflate": 0.1, "pivot": [0, 6, 12], "rotation": [10, 0, 0], "uv": [25, 28]}
					]
				},
				{
					"name": "head",
					"parent": "torso",
					"pivot": [0, 4, -2]
				},
				{
					"name": "face",
					"parent": "head",
					"pivot": [0, -1, 0],
					"cubes": [
						{"origin": [-4, 4, -6], "size": [8, 3, 6], "uv": [0, 0]}
					]
				},
				{
					"name": "facepart",
					"parent": "face",
					"pivot": [-1, 1, 0],
					"cubes": [
						{"origin": [-3, 7, -5], "size": [6, 4, 5], "uv": [0, 21]}
					]
				},
				{
					"name": "nose",
					"parent": "head",
					"pivot": [0, -1, 0],
					"cubes": [
						{"origin": [-1, 7, -6], "size": [2, 1, 1], "pivot": [0, 7, -6], "rotation": [-10, 0, 0], "uv": [40, 26]}
					]
				},
				{
					"name": "horejas",
					"parent": "head",
					"pivot": [0, -1, 0]
				},
				{
					"name": "horeja1",
					"parent": "horejas",
					"pivot": [0, -1, 0],
					"cubes": [
						{"origin": [1, 10, -3], "size": [3, 3, 1], "uv": [18, 40]},
						{"origin": [2, 13, -2], "size": [2, 2, 0], "uv": [40, 29]}
					]
				},
				{
					"name": "horeja2",
					"parent": "horejas",
					"pivot": [-6, -1, 0],
					"cubes": [
						{"origin": [-4, 10, -3], "size": [3, 3, 1], "uv": [40, 19]},
						{"origin": [-4, 13, -2], "size": [2, 2, 0], "uv": [41, 32]}
					]
				},
				{
					"name": "eyes",
					"parent": "head",
					"pivot": [0, -1, 0]
				},
				{
					"name": "eye1",
					"parent": "eyes",
					"pivot": [0, -1, 0],
					"cubes": [
						{"origin": [-2, 7, -5.1], "size": [1, 2, 0], "uv": [36, 43]}
					]
				},
				{
					"name": "ceja1",
					"parent": "eye1",
					"pivot": [-1, -2, 3],
					"cubes": [
						{"origin": [-3, 8, -4], "size": [2, 2, 0], "uv": [25, 2]}
					]
				},
				{
					"name": "eye2",
					"parent": "eyes",
					"pivot": [3, -2, 0],
					"cubes": [
						{"origin": [1, 7, -5.1], "size": [1, 2, 0], "uv": [44, 0]}
					]
				},
				{
					"name": "ceja2",
					"parent": "eye2",
					"pivot": [3, -2, 1],
					"cubes": [
						{"origin": [1, 8, -4], "size": [2, 2, 0], "uv": [39, 0]}
					]
				},
				{
					"name": "smile",
					"parent": "head",
					"pivot": [0, -1, 0]
				},
				{
					"name": "smilept",
					"parent": "smile",
					"pivot": [0, -1, 0],
					"cubes": [
						{"origin": [-1, 5, -6.1], "size": [2, 1, 0], "uv": [56, 2]},
						{"origin": [0.5, 5.3, -6.1], "size": [1, 1, 0], "uv": [2, 2]},
						{"origin": [-1.3, 5.3, -6.1], "size": [1, 1, 0], "uv": [2, 2]}
					]
				},
				{
					"name": "smilemn",
					"parent": "smile",
					"pivot": [0, -1, -2],
					"cubes": [
						{"origin": [-2, 4, -5.1], "size": [4, 3, 0], "uv": [56, 4]}
					]
				},
				{
					"name": "hands",
					"parent": "torso",
					"pivot": [0, 0, 1]
				},
				{
					"name": "hand1",
					"parent": "hands",
					"pivot": [-2, 4, 1],
					"cubes": [
						{"origin": [-3, 1, -3], "size": [2, 3, 2], "pivot": [-2, 1, -2], "rotation": [-12.5, 0, 0], "uv": [0, 40]},
						{"origin": [-1, 0, -3], "size": [0, 1, 1], "pivot": [0, 0, -2], "rotation": [-12.5, 0, 0], "uv": [41, 39]},
						{"origin": [-3, 0, -3], "size": [0, 1, 1], "pivot": [-2, 0, -2], "rotation": [-12.5, 0, 0], "uv": [41, 42]},
						{"origin": [-2, 0, -3], "size": [0, 2, 1], "pivot": [-1, 0, -2], "rotation": [-12.5, 0, 0], "uv": [27, 40]}
					]
				},
				{
					"name": "hand2",
					"parent": "hands",
					"pivot": [2, 4, 1],
					"cubes": [
						{"origin": [1, 1, -3], "size": [2, 3, 2], "pivot": [2, 1, -2], "rotation": [-12.5, 0, 0], "uv": [9, 40]},
						{"origin": [1, 0, -3], "size": [0, 1, 1], "pivot": [0, 0, -2], "rotation": [-12.5, 0, 0], "uv": [30, 43]},
						{"origin": [3, 0, -3], "size": [0, 1, 1], "pivot": [2, 0, -2], "rotation": [-12.5, 0, 0], "uv": [33, 43]},
						{"origin": [2, 0, -3], "size": [0, 2, 1], "pivot": [1, 0, -2], "rotation": [-12.5, 0, 0], "uv": [41, 35]}
					]
				}
			]
		}
	]
}