{
	"format_version": "1.12.0",
	"minecraft:geometry": [
		{
			"description": {
				"identifier": "geometry.pangoro",
				"texture_width": 256,
				"texture_height": 256,
				"visible_bounds_width": 7,
				"visible_bounds_height": 5,
				"visible_bounds_offset": [0, 1.5, 0]
			},
			"bones": [
				{
					"name": "pangoro",
					"pivot": [0, 0, 0]
				},
				{
					"name": "body",
					"parent": "pangoro",
					"pivot": [0, 0, 0]
				},
				{
					"name": "legs",
					"parent": "body",
					"pivot": [0, 0, 1]
				},
				{
					"name": "leg1",
					"parent": "legs",
					"pivot": [-4, 0, 1]
				},
				{
					"name": "leg_parte1",
					"parent": "leg1",
					"pivot": [-4, 0, 1],
					"cubes": [
						{"origin": [-12, 3, -3], "size": [6, 8, 7], "inflate": 0.5, "uv": [94, 46]},
						{"origin": [-12, 10, -3], "size": [6, 5, 7], "inflate": 0.0005, "pivot": [-11, 10, 1], "rotation": [-25, 0, 0], "uv": [104, 30]},
						{"origin": [-13, 4, -6], "size": [8, 0, 3], "uv": [120, 97]},
						{"origin": [-13, 4, 4], "size": [8, 0, 3], "uv": [120, 97]},
						{"origin": [-15, 4, -4], "size": [3, 0, 9], "uv": [25, 116]},
						{"origin": [-6, 4, -4], "size": [3, 0, 9], "uv": [112, 0]}
					]
				},
				{
					"name": "leg_mini1",
					"parent": "leg_parte1",
					"pivot": [-4, 0, 1],
					"cubes": [
						{"origin": [-12, 0, -3], "size": [6, 3, 7], "inflate": 0.2, "uv": [0, 105]}
					]
				},
				{
					"name": "nails_leg1",
					"parent": "leg_mini1",
					"pivot": [-4, 0, 2]
				},
				{
					"name": "nail1",
					"parent": "nails_leg1",
					"pivot": [-10, 0, 2],
					"cubes": [
						{"origin": [-13, 0, -5], "size": [2, 3, 3], "pivot": [-12, 0, -3], "rotation": [0, 12.5, 0], "uv": [94, 132]},
						{"origin": [-12.6, 0, -8], "size": [0, 3, 3], "pivot": [-12, 0, -6], "rotation": [0, 12.5, 0], "uv": [137, 0]}
					]
				},
				{
					"name": "nail2",
					"parent": "nails_leg1",
					"pivot": [-5, 0, 2],
					"rotation": [0, -12.5, 0],
					"cubes": [
						{"origin": [-8, 0, -5], "size": [2, 3, 3], "uv": [133, 10]},
						{"origin": [-7, 0, -8], "size": [0, 3, 3], "uv": [137, 80]}
					]
				},
				{
					"name": "nail3",
					"parent": "nails_leg1",
					"pivot": [-10, 0, 2],
					"cubes": [
						{"origin": [-10, 0, -5], "size": [2, 3, 3], "uv": [105, 133]},
						{"origin": [-9, 0, -8], "size": [0, 3, 3], "uv": [137, 87]}
					]
				},
				{
					"name": "leg2",
					"parent": "legs",
					"pivot": [4, 0, 1]
				},
				{
					"name": "leg_parte2",
					"parent": "leg2",
					"pivot": [4, 0, 1],
					"cubes": [
						{"origin": [6, 3, -3], "size": [6, 8, 7], "inflate": 0.5, "uv": [94, 46], "mirror": true},
						{"origin": [6, 10, -3], "size": [6, 5, 7], "inflate": 0.0005, "pivot": [11, 10, 1], "rotation": [-25, 0, 0], "uv": [104, 30], "mirror": true},
						{"origin": [5, 4, -6], "size": [8, 0, 3], "uv": [120, 97], "mirror": true},
						{"origin": [5, 4, 4], "size": [8, 0, 3], "uv": [120, 97], "mirror": true},
						{"origin": [12, 4, -4], "size": [3, 0, 9], "uv": [25, 116], "mirror": true},
						{"origin": [3, 4, -4], "size": [3, 0, 9], "uv": [112, 0], "mirror": true}
					]
				},
				{
					"name": "leg_mini2",
					"parent": "leg_parte2",
					"pivot": [4, 0, 1],
					"cubes": [
						{"origin": [6, 0, -3], "size": [6, 3, 7], "inflate": 0.2, "uv": [0, 105], "mirror": true}
					]
				},
				{
					"name": "nails_leg2",
					"parent": "leg_mini2",
					"pivot": [4, 0, 2]
				},
				{
					"name": "nail4",
					"parent": "nails_leg2",
					"pivot": [10, 0, 2],
					"cubes": [
						{"origin": [11, 0, -5], "size": [2, 3, 3], "pivot": [12, 0, -3], "rotation": [0, -12.5, 0], "uv": [94, 132], "mirror": true},
						{"origin": [12.6, 0, -8], "size": [0, 3, 3], "pivot": [12, 0, -6], "rotation": [0, -12.5, 0], "uv": [137, 0], "mirror": true}
					]
				},
				{
					"name": "nail5",
					"parent": "nails_leg2",
					"pivot": [5, 0, 2],
					"rotation": [0, 12.5, 0],
					"cubes": [
						{"origin": [6, 0, -5], "size": [2, 3, 3], "uv": [133, 10], "mirror": true},
						{"origin": [7, 0, -8], "size": [0, 3, 3], "uv": [137, 80], "mirror": true}
					]
				},
				{
					"name": "nail6",
					"parent": "nails_leg2",
					"pivot": [10, 0, 2],
					"cubes": [
						{"origin": [8, 0, -5], "size": [2, 3, 3], "uv": [105, 133], "mirror": true},
						{"origin": [9, 0, -8], "size": [0, 3, 3], "uv": [137, 87], "mirror": true}
					]
				},
				{
					"name": "torso",
					"parent": "body",
					"pivot": [0, -1, 0]
				},
				{
					"name": "torso_parte",
					"parent": "torso",
					"pivot": [0, -1, 0]
				},
				{
					"name": "torso_mini",
					"parent": "torso_parte",
					"pivot": [0, -2, 0],
					"cubes": [
						{"origin": [-9, 12, -7], "size": [18, 12, 16], "uv": [0, 0]},
						{"origin": [-8, 24, -5], "size": [16, 6, 14], "uv": [0, 29]},
						{"origin": [-7, 30, -3], "size": [14, 4, 12], "uv": [0, 50]},
						{"origin": [-3, 34, 0], "size": [6, 3, 7], "uv": [27, 105]},
						{"origin": [-5, 35, 0], "size": [10, 6, 0], "pivot": [0, 1, -5], "rotation": [-12.5, 0, 0], "uv": [112, 10]},
						{"origin": [7, 34.3, -5], "size": [0, 4, 8], "pivot": [4, 0, -3], "rotation": [-10, 0, 0], "uv": [117, 72]},
						{"origin": [-7, 34.3, -5], "size": [0, 4, 8], "pivot": [-10, 0, -3], "rotation": [-10, 0, 0], "uv": [118, 108]},
						{"origin": [-3, 34.3, -7], "size": [0, 4, 8], "pivot": [-6, 0, -5], "rotation": [-10, -7.5, 0], "uv": [79, 119]},
						{"origin": [3, 34.3, -6], "size": [0, 4, 8], "pivot": [0, 0, -4], "rotation": [-10, 7.5, 0], "uv": [96, 119]}
					]
				},
				{
					"name": "capes",
					"parent": "torso_parte",
					"pivot": [0, 3, -8],
					"rotation": [-17.5, 0, 0]
				},
				{
					"name": "cape1",
					"parent": "capes",
					"pivot": [6, 3, -8],
					"rotation": [2.5, 0, -10],
					"cubes": [
						{"origin": [3, 20, 1], "size": [13, 18, 2], "pivot": [6, 37, 2], "rotation": [32.5, 12.5, 0], "uv": [0, 84]},
						{"origin": [5, 10, 10], "size": [13, 14, 2], "pivot": [8, 22, 11], "rotation": [12.5, 10, 0], "uv": [31, 88]},
						{"origin": [5.6, 7, 14], "size": [3, 6, 0], "pivot": [5, 11, 13], "rotation": [7.5, 0, 27.5], "uv": [138, 17]},
						{"origin": [15.6, 4, 13], "size": [3, 6, 0], "pivot": [15, 8, 12], "rotation": [7.5, 0, -27.5], "uv": [27, 138]},
						{"origin": [11.6, 4, 13], "size": [3, 6, 0], "pivot": [11, 8, 12], "rotation": [7.5, 0, -10], "uv": [34, 138]},
						{"origin": [8.6, 5, 13], "size": [3, 6, 0], "pivot": [8, 9, 12], "rotation": [7.5, 0, 10], "uv": [41, 138]}
					]
				},
				{
					"name": "cape2",
					"parent": "capes",
					"pivot": [-6, 3, -8],
					"rotation": [2.5, 0, 10],
					"cubes": [
						{"origin": [-16, 20, 1], "size": [13, 18, 2], "pivot": [-6, 37, 2], "rotation": [32.5, -12.5, 0], "uv": [0, 84], "mirror": true},
						{"origin": [-18, 10, 10], "size": [13, 14, 2], "pivot": [-8, 22, 11], "rotation": [12.5, -10, 0], "uv": [31, 88], "mirror": true},
						{"origin": [-8.6, 7, 14], "size": [3, 6, 0], "pivot": [-5, 11, 13], "rotation": [7.5, 0, -27.5], "uv": [138, 17], "mirror": true},
						{"origin": [-18.6, 4, 13], "size": [3, 6, 0], "pivot": [-15, 8, 12], "rotation": [7.5, 0, 27.5], "uv": [27, 138], "mirror": true},
						{"origin": [-14.6, 4, 13], "size": [3, 6, 0], "pivot": [-11, 8, 12], "rotation": [7.5, 0, 10], "uv": [34, 138], "mirror": true},
						{"origin": [-11.6, 5, 13], "size": [3, 6, 0], "pivot": [-8, 9, 12], "rotation": [7.5, 0, -10], "uv": [41, 138], "mirror": true}
					]
				},
				{
					"name": "hands",
					"parent": "torso_parte",
					"pivot": [0, -1, 0]
				},
				{
					"name": "hand1",
					"parent": "hands",
					"pivot": [-1, -1, 0]
				},
				{
					"name": "hand_parte1",
					"parent": "hand1",
					"pivot": [-1, -1, 0],
					"cubes": [
						{"origin": [7, 26, -2], "size": [13, 8, 8], "uv": [69, 0]}
					]
				},
				{
					"name": "hand_mini1",
					"parent": "hand_parte1",
					"pivot": [12, -1, 0],
					"cubes": [
						{"origin": [20, 26, -2], "size": [13, 8, 8], "uv": [43, 71]},
						{"origin": [34, 35, -2], "size": [0, 3, 8], "pivot": [33, 35, 0], "rotation": [0, 0, 72.5], "uv": [121, 43]},
						{"origin": [36, 24, -2], "size": [0, 3, 8], "pivot": [35, 24, 0], "rotation": [0, 0, -72.5], "uv": [121, 43]},
						{"origin": [31, 26, 10], "size": [0, 8, 3], "pivot": [30, 30, 7], "rotation": [0, 82.5, 0], "uv": [131, 17]},
						{"origin": [40, 26, -1], "size": [0, 8, 3], "pivot": [39, 30, -4], "rotation": [0, -82.5, 0], "uv": [131, 17]}
					]
				},
				{
					"name": "fists1",
					"parent": "hand_mini1",
					"pivot": [12, -1, 0],
					"cubes": [
						{"origin": [33, 28, -1], "size": [6, 4, 6], "uv": [54, 109]}
					]
				},
				{
					"name": "fist_mini5",
					"parent": "fists1",
					"pivot": [12, -1, 2],
					"cubes": [
						{"origin": [39, 28, 1], "size": [4, 3, 2], "uv": [131, 29]},
						{"origin": [43, 28, 2], "size": [3, 3, 0], "uv": [68, 139]}
					]
				},
				{
					"name": "fist_mini6",
					"parent": "fists1",
					"pivot": [12, -1, 0],
					"cubes": [
						{"origin": [39, 28, -1], "size": [4, 3, 2], "uv": [131, 35]},
						{"origin": [43, 28, 0], "size": [3, 3, 0], "uv": [77, 139]}
					]
				},
				{
					"name": "fist_mini7",
					"parent": "fists1",
					"pivot": [12, -1, 4],
					"cubes": [
						{"origin": [39, 28, 3], "size": [4, 3, 2], "uv": [30, 132]},
						{"origin": [43, 28, 4], "size": [3, 3, 0], "uv": [86, 139]}
					]
				},
				{
					"name": "hand2",
					"parent": "hands",
					"pivot": [1, -1, 0]
				},
				{
					"name": "hand_parte2",
					"parent": "hand2",
					"pivot": [1, -1, 0],
					"cubes": [
						{"origin": [-20, 26, -2], "size": [13, 8, 8], "uv": [69, 0], "mirror": true}
					]
				},
				{
					"name": "hand_mini2",
					"parent": "hand_parte2",
					"pivot": [-12, -1, 0],
					"cubes": [
						{"origin": [-33, 26, -2], "size": [13, 8, 8], "uv": [43, 71], "mirror": true},
						{"origin": [-34, 35, -2], "size": [0, 3, 8], "pivot": [-33, 35, 0], "rotation": [0, 0, -72.5], "uv": [121, 43], "mirror": true},
						{"origin": [-36, 24, -2], "size": [0, 3, 8], "pivot": [-35, 24, 0], "rotation": [0, 0, 72.5], "uv": [121, 43], "mirror": true},
						{"origin": [-31, 26, 10], "size": [0, 8, 3], "pivot": [-30, 30, 7], "rotation": [0, -82.5, 0], "uv": [131, 17], "mirror": true},
						{"origin": [-40, 26, -1], "size": [0, 8, 3], "pivot": [-39, 30, -4], "rotation": [0, 82.5, 0], "uv": [131, 17], "mirror": true}
					]
				},
				{
					"name": "fists2",
					"parent": "hand_mini2",
					"pivot": [-12, -1, 0],
					"cubes": [
						{"origin": [-39, 28, -1], "size": [6, 4, 6], "uv": [54, 109], "mirror": true}
					]
				},
				{
					"name": "fist_mini2",
					"parent": "fists2",
					"pivot": [-12, -1, 2],
					"cubes": [
						{"origin": [-43, 28, 1], "size": [4, 3, 2], "uv": [131, 29], "mirror": true},
						{"origin": [-46, 28, 2], "size": [3, 3, 0], "uv": [68, 139], "mirror": true}
					]
				},
				{
					"name": "fist_mini3",
					"parent": "fists2",
					"pivot": [-12, -1, 0],
					"cubes": [
						{"origin": [-43, 28, -1], "size": [4, 3, 2], "uv": [131, 35], "mirror": true},
						{"origin": [-46, 28, 0], "size": [3, 3, 0], "uv": [77, 139], "mirror": true}
					]
				},
				{
					"name": "fist_mini4",
					"parent": "fists2",
					"pivot": [-12, -1, 4],
					"cubes": [
						{"origin": [-43, 28, 3], "size": [4, 3, 2], "uv": [30, 132], "mirror": true},
						{"origin": [-46, 28, 4], "size": [3, 3, 0], "uv": [86, 139], "mirror": true}
					]
				},
				{
					"name": "head",
					"parent": "torso_parte",
					"pivot": [0, 38, 0]
				},
				{
					"name": "face",
					"parent": "head",
					"pivot": [0, 38, 0],
					"cubes": [
						{"origin": [-5, 37, -2], "size": [10, 10, 10], "uv": [53, 50]},
						{"origin": [-1, 43, 8], "size": [2, 4, 4], "pivot": [1, 36, 9], "rotation": [10, 0, 0], "uv": [79, 109]},
						{"origin": [-1, 39, 5], "size": [2, 4, 4], "pivot": [1, 32, 6], "rotation": [-10, 0, 0], "uv": [17, 126]},
						{"origin": [0, 45, 12], "size": [0, 3, 4], "pivot": [0, 38, 13], "rotation": [20, 0, 0], "uv": [134, 72]},
						{"origin": [0, 40, 6], "size": [0, 3, 4], "pivot": [0, 33, 7], "rotation": [-20, 0, 0], "uv": [11, 135]},
						{"origin": [-4, 47, -2], "size": [1, 3, 2], "pivot": [1, 47, -1], "rotation": [-7.5, 7.5, -12.5], "uv": [95, 139]},
						{"origin": [-1, 47, -1], "size": [2, 3, 3], "pivot": [4, 47, 0], "rotation": [-7.5, 0, 0], "uv": [116, 133]},
						{"origin": [-1, 47, 4], "size": [2, 4, 3], "pivot": [4, 47, 5], "rotation": [-22.5, 0, 0], "uv": [50, 132]},
						{"origin": [0, 49, -1], "size": [0, 3, 2], "pivot": [5, 49, 0], "rotation": [-35, 0, 0], "uv": [74, 120]},
						{"origin": [0, 49, 6], "size": [0, 3, 2], "pivot": [5, 49, 7], "rotation": [-35, 0, 0], "uv": [74, 126]}
					]
				},
				{
					"name": "mounchs",
					"parent": "face",
					"pivot": [0, -1, 0]
				},
				{
					"name": "mounch1",
					"parent": "mounchs",
					"pivot": [0, -1, 0],
					"cubes": [
						{"origin": [-3, 38, -5], "size": [6, 2, 3], "uv": [121, 55]},
						{"origin": [3.2, 41, -4], "size": [0, 2, 2], "pivot": [1, 41, -1], "rotation": [42.5, 0, 0], "uv": [55, 140]},
						{"origin": [-2, 41, -4], "size": [0, 2, 2], "pivot": [-4, 41, -1], "rotation": [42.5, 0, 0], "uv": [140, 55]}
					]
				},
				{
					"name": "mounch2",
					"parent": "mounchs",
					"pivot": [0, 1, 0],
					"cubes": [
						{"origin": [-3, 40, -6], "size": [6, 3, 4], "uv": [94, 62]}
					]
				},
				{
					"name": "nose",
					"parent": "mounch2",
					"pivot": [0, 1, 0],
					"cubes": [
						{"origin": [-2, 41.3, -6.6], "size": [4, 2, 1], "uv": [31, 84]}
					]
				},
				{
					"name": "ears",
					"parent": "face",
					"pivot": [0, -1, 0]
				},
				{
					"name": "ear1",
					"parent": "ears",
					"pivot": [0, -1, 0],
					"cubes": [
						{"origin": [3, 45, 3], "size": [3, 4, 2], "pivot": [4, 45, 4], "rotation": [0, 0, 10], "uv": [127, 133]}
					]
				},
				{
					"name": "ear2",
					"parent": "ears",
					"pivot": [0, -1, 0],
					"cubes": [
						{"origin": [-6, 45, 3], "size": [3, 4, 2], "pivot": [-4, 45, 4], "rotation": [0, 0, -10], "uv": [0, 134]}
					]
				},
				{
					"name": "eyes",
					"parent": "face",
					"pivot": [0, -1, 0]
				},
				{
					"name": "eye1",
					"parent": "eyes",
					"pivot": [0, -1, 0],
					"cubes": [
						{"origin": [2, 43, -2.1], "size": [2, 2, 0], "pivot": [3, 43, -3], "rotation": [0, 0, -10], "uv": [54, 105]}
					]
				},
				{
					"name": "ceja1",
					"parent": "eye1",
					"pivot": [0, -1, 0],
					"cubes": [
						{"origin": [1, 44, -2.2], "size": [4, 1, 0], "pivot": [3, 44, -3], "rotation": [0, 0, -10], "uv": [104, 43]},
						{"origin": [2, 45, -2.2], "size": [4, 1, 0], "pivot": [4, 45, -3], "rotation": [0, 0, -10], "uv": [120, 105]}
					]
				},
				{
					"name": "eye2",
					"parent": "eyes",
					"pivot": [0, -1, 0],
					"cubes": [
						{"origin": [-4, 43, -2.1], "size": [2, 2, 0], "pivot": [-3, 43, -3], "rotation": [0, 0, 10], "uv": [113, 43]}
					]
				},
				{
					"name": "ceja2",
					"parent": "eye2",
					"pivot": [0, -1, 0],
					"cubes": [
						{"origin": [-5, 44, -2.2], "size": [4, 1, 0], "pivot": [-3, 44, -3], "rotation": [0, 0, 10], "uv": [135, 119]},
						{"origin": [-6, 45, -2.2], "size": [4, 1, 0], "pivot": [-4, 45, -3], "rotation": [0, 0, 10], "uv": [137, 7]}
					]
				},
				{
					"name": "hoja",
					"parent": "face",
					"pivot": [1, 38, 6],
					"rotation": [0, 15, 0],
					"cubes": [
						{"origin": [0, 40, -11], "size": [1, 0, 7], "uv": [0, 126]},
						{"origin": [0, 40, -11], "size": [1, 1, 0], "pivot": [1, 40, -10], "rotation": [7.5, 0, 0], "uv": [50, 116]},
						{"origin": [0, 38, -11.1], "size": [1, 2, 0], "pivot": [1, 36, -10], "rotation": [-10, 0, 0], "uv": [59, 105]},
						{"origin": [-1, 41, -11.1], "size": [3, 4, 0], "pivot": [1, 41, -10], "rotation": [7.5, 0, 0], "uv": [48, 140]}
					]
				}
			]
		}
	]
}