{
  "species": "cobblemon:carkol",
  "order": 1,
  "variations": [
    {
      "aspects": [],
      "poser": "cobblemon:carkol",
      "model": "cobblemon:carkol.geo",
      "texture": "cobblemon:textures/pokemon/carkol/carkol.png",
      "layers": [
        {
              "name": "emissive",
              "emissive": true,
              "texture": "cobblemon:textures/pokemon/carkol/carkol_emissive.png",
              "translucent": true
        }
      ]
    },
    {
      "aspects": [
        "shiny"
      ],
      "texture": "cobblemon:textures/pokemon/carkol/carkol_shiny.png",
      "layers": [
        {
              "name": "emissive",
              "emissive": true,
              "texture": "cobblemon:textures/pokemon/carkol/carkol_emissive_shiny.png",
              "translucent": true
        }
      ]
    }
  ]
}