{
  "species": "cobblemon:coalossal",
  "order": 0,
  "variations": [
    {
      "aspects": [],
      "poser": "cobblemon:coalossal",
      "model": "cobblemon:coalossal.geo",
      "texture": "cobblemon:textures/pokemon/coalossal/coalossal.png",
      "layers": [
        {
              "name": "emissive",
              "emissive": true,
              "texture": "cobblemon:textures/pokemon/coalossal/coalossal_emissive.png",
              "translucent": true
        }
      ]
    },
    {
      "aspects": [
        "shiny"
      ],
      "texture": "cobblemon:textures/pokemon/coalossal/coalossal_shiny.png",
      "layers": [
        {
              "name": "emissive",
              "emissive": true,
              "texture": "cobblemon:textures/pokemon/coalossal/coalossal_emissive_shiny.png",
              "translucent": true
        }
      ]
    }
  ]
}