{
  "species": "cobblemon:yamask",
  "order": 0,
  "variations": [
    {
      "aspects": [
        "galarian"
      ],
      "poser": "cobblemon:yamask_galarian",
      "model": "cobblemon:yamask_galarian.geo",
      "texture": "cobblemon:textures/pokemon/yamask_galarian/yamask_galarian.png",
      "layers": [
        {
          "name": "emissive",
          "texture": "cobblemon:textures/pokemon/yamask_galarian/yamask_galarian_emissive.png",
          "emissive": true
        }
      ]
    },
    {
      "aspects": [
        "galarian",
        "shiny"
      ],
      "poser": "cobblemon:yamask_galarian",
      "model": "cobblemon:yamask_galarian.geo",
      "texture": "cobblemon:textures/pokemon/yamask_galarian/yamask_galarian_shiny.png",
      "layers": [
        {
          "name": "emissive",
          "texture": "cobblemon:textures/pokemon/yamask_galarian/yamask_galarian_shiny_emissive.png",
          "emissive": true
        }
      ]
    }
  ]
}
