{
	"format_version": "1.12.0",
	"minecraft:geometry": [
		{
			"description": {
				"identifier": "geometry.growlithe",
				"texture_width": 64,
				"texture_height": 128,
				"visible_bounds_width": 6,
				"visible_bounds_height": 3.5,
				"visible_bounds_offset": [0, 1.25, 0]
			},
			"bones": [
				{
					"name": "growlithe",
					"pivot": [0, 0, 0]
				},
				{
					"name": "body",
					"parent": "growlithe",
					"pivot": [0, 10, -1.5]
				},
				{
					"name": "torso",
					"parent": "body",
					"pivot": [0, 10, 3],
					"cubes": [
						{"origin": [-3.5, 6, -2], "size": [7, 7, 8], "uv": [22, 22]}
					]
				},
				{
					"name": "upper_torso",
					"parent": "torso",
					"pivot": [0, 10, -1.5],
					"cubes": [
						{"origin": [-4, 5, -7.5], "size": [8, 8, 7], "inflate": 0.01, "uv": [0, 15]}
					]
				},
				{
					"name": "neck",
					"parent": "upper_torso",
					"pivot": [0, 10.25, -4.5],
					"rotation": [30, 0, 0],
					"cubes": [
						{"origin": [-2, 10.25, -6.75], "size": [4, 5, 5], "uv": [44, 0]}
					]
				},
				{
					"name": "head",
					"parent": "neck",
					"pivot": [0, 14.25, -5],
					"rotation": [-30, 0, 0],
					"cubes": [
						{"origin": [-3.5, 12.25, -8.5], "size": [7, 7, 7], "uv": [23, 8]},
						{"origin": [-2.5, 12.45, -8.51], "size": [5, 1, 0], "uv": [52, 40]},
						{"origin": [-3, 13.25, -10.5], "size": [6, 2, 2], "pivot": [0, 13.25, -8.5], "rotation": [-2.5, 0, 0], "uv": [21, 0]},
						{"origin": [-3.2, 15.75, -9.6], "size": [3, 2, 2], "pivot": [-1.2, 16.75, -8.6], "rotation": [0, 0, -10], "uv": [7, 109]},
						{"origin": [0.3, 15.75, -9.6], "size": [3, 2, 2], "pivot": [1.3, 16.75, -8.6], "rotation": [0, 0, 10], "uv": [7, 109], "mirror": true},
						{"origin": [-4.91088, 14.82795, -9], "size": [2, 2, 2], "pivot": [-3.91088, 15.82795, -8], "rotation": [0, 0, 17], "uv": [20, 124]},
						{"origin": [3.11088, 12.92795, -8.7], "size": [2, 2, 2], "pivot": [4.11088, 13.92795, -7.7], "rotation": [0, 0, 5], "uv": [20, 124], "mirror": true},
						{"origin": [3.31088, 12.72795, -6.7], "size": [2, 2, 2], "pivot": [4.31088, 13.72795, -5.7], "rotation": [0, 0, 7.5], "uv": [20, 124], "mirror": true},
						{"origin": [2.91088, 14.82795, -9], "size": [2, 2, 2], "pivot": [3.91088, 15.82795, -8], "rotation": [0, 0, -17], "uv": [20, 124], "mirror": true},
						{"origin": [-5.31088, 12.72795, -6.7], "size": [2, 2, 2], "pivot": [-4.31088, 13.72795, -5.7], "rotation": [0, 0, -7.5], "uv": [20, 124]},
						{"origin": [-4.51088, 13.42795, -4.6], "size": [2, 2, 2], "pivot": [-3.51088, 14.42795, -3.6], "rotation": [-5.019, 4.98093, -2.93688], "uv": [20, 124]},
						{"origin": [2.51088, 13.42795, -4.6], "size": [2, 2, 2], "pivot": [3.51088, 14.42795, -3.6], "rotation": [-5.019, -4.98093, 2.93688], "uv": [20, 124], "mirror": true},
						{"origin": [-5.11088, 12.92795, -8.7], "size": [2, 2, 2], "pivot": [-4.11088, 13.92795, -7.7], "rotation": [0, 0, -5], "uv": [20, 124]}
					]
				},
				{
					"name": "jaw",
					"parent": "head",
					"pivot": [0, 13.25, -8],
					"rotation": [-12.5, 0, 0],
					"cubes": [
						{"origin": [-2.5, 12.2737, -10.03356], "size": [5, 1, 2], "inflate": 0.01, "uv": [21, 4]}
					]
				},
				{
					"name": "left_ear",
					"parent": "head",
					"pivot": [3.5, 17.75, -4.75],
					"rotation": [-7.5, -30, -25],
					"cubes": [
						{"origin": [2.5, 14.75, -4.75], "size": [5, 5, 0], "uv": [33, 57]}
					]
				},
				{
					"name": "right_ear",
					"parent": "head",
					"pivot": [-3.5, 17.75, -4.75],
					"rotation": [-7.5, 30, 25],
					"cubes": [
						{"origin": [-7.5, 14.75, -4.75], "size": [5, 5, 0], "uv": [33, 57], "mirror": true}
					]
				},
				{
					"name": "head_fluff",
					"parent": "head",
					"pivot": [0, 19.25, -6.5],
					"rotation": [10, 0, 0],
					"cubes": [
						{"origin": [-1, 18.65, -5.5], "size": [2, 2, 2], "pivot": [0, 18.65, -4.5], "rotation": [-20, 0, 0], "uv": [8, 103]}
					]
				},
				{
					"name": "teeth",
					"parent": "head",
					"pivot": [0, 14.4, -4.75]
				},
				{
					"name": "left_tooth",
					"parent": "teeth",
					"pivot": [2.15, 13.5, -9.65],
					"cubes": [
						{"origin": [1.65, 13, -9.65], "size": [1, 1, 0], "pivot": [2.15, 13.5, -9.65], "rotation": [-33.16757, -28.26351, 54.0759], "uv": [0, 73]}
					]
				},
				{
					"name": "right_tooth",
					"parent": "teeth",
					"pivot": [-2.15, 13.5, -9.65],
					"cubes": [
						{"origin": [-2.65, 13, -9.65], "size": [1, 1, 0], "pivot": [-2.15, 13.5, -9.65], "rotation": [-33.16757, 28.26351, -54.0759], "uv": [0, 73], "mirror": true}
					]
				},
				{
					"name": "chest_fluff",
					"parent": "upper_torso",
					"pivot": [0, 9.9, -7.5],
					"rotation": [-2.5, 0, 0],
					"cubes": [
						{"origin": [-3, 4.9, -10], "size": [6, 7, 3], "uv": [29, 47]}
					]
				},
				{
					"name": "left_chest_fluff",
					"parent": "chest_fluff",
					"pivot": [3, 7.70019, -8.99128],
					"rotation": [0, -45, 0],
					"cubes": [
						{"origin": [1, 4.80019, -10.49128], "size": [4, 4, 3], "uv": [0, 121]},
						{"origin": [2, 5.80019, -10.69128], "size": [2, 2, 1], "uv": [11, 121]}
					]
				},
				{
					"name": "right_chest_fluff",
					"parent": "chest_fluff",
					"pivot": [-3, 7.70019, -8.99128],
					"rotation": [0, 45, 0],
					"cubes": [
						{"origin": [-5, 4.80019, -10.49128], "size": [4, 4, 3], "uv": [0, 121]},
						{"origin": [-4, 5.80019, -10.69128], "size": [2, 2, 1], "uv": [11, 121]}
					]
				},
				{
					"name": "bottom_chest_fluff",
					"parent": "chest_fluff",
					"pivot": [0, 4.9, -9],
					"rotation": [22.5, 0, 0],
					"cubes": [
						{"origin": [-2, 4.9, -11], "size": [4, 4, 3], "uv": [0, 114]},
						{"origin": [-1, 5.9, -11.2], "size": [2, 2, 1], "uv": [11, 121]}
					]
				},
				{
					"name": "tail",
					"parent": "torso",
					"pivot": [0, 12.5, 5.5],
					"rotation": [-45, 0, 0],
					"cubes": [
						{"origin": [-3.5, 11.5, 2], "size": [7, 7, 7], "inflate": 0.05, "uv": [0, 0]},
						{"origin": [-2.5, 15, 4], "size": [5, 8, 5], "inflate": 0.05, "pivot": [0, 20.5, 6.5], "rotation": [12.5, 0, 0], "uv": [0, 90]}
					]
				},
				{
					"name": "tail2",
					"parent": "tail",
					"pivot": [0, 19.5, 2],
					"rotation": [-65, 0, 0],
					"cubes": [
						{"origin": [-2.5, 20.2, 1.8], "size": [5, 5, 4], "inflate": 0.03, "pivot": [0, 20.7, 7.3], "rotation": [27.5, 0, 0], "uv": [0, 40]}
					]
				},
				{
					"name": "left_shoulder",
					"parent": "body",
					"pivot": [3.25, 9, -4.5],
					"cubes": [
						{"origin": [1.75, 4.75, -6], "size": [3, 6, 3], "uv": [0, 51], "mirror": true}
					]
				},
				{
					"name": "left_elbow",
					"parent": "left_shoulder",
					"pivot": [3.25, 4.75, -3],
					"cubes": [
						{"origin": [1.75, 0.75, -6], "size": [3, 4, 3], "inflate": 0.01, "uv": [52, 28], "mirror": true}
					]
				},
				{
					"name": "left_frontpaw",
					"parent": "left_elbow",
					"pivot": [3.25, 1.75, -4.5],
					"cubes": [
						{"origin": [1.75, 0, -6.25], "size": [3, 2, 3], "inflate": 0.02, "uv": [0, 61], "mirror": true}
					]
				},
				{
					"name": "left_front_claws",
					"parent": "left_frontpaw",
					"pivot": [3.25, 0, -6.25],
					"cubes": [
						{"origin": [4.25, 0, -8.25], "size": [0, 2, 2], "uv": [0, 40]},
						{"origin": [2.25, 0, -8.25], "size": [0, 2, 2], "uv": [40, 37]}
					]
				},
				{
					"name": "right_shoulder",
					"parent": "body",
					"pivot": [-3.25, 9, -4.5],
					"cubes": [
						{"origin": [-4.75, 4.75, -6], "size": [3, 6, 3], "uv": [0, 51]}
					]
				},
				{
					"name": "right_elbow",
					"parent": "right_shoulder",
					"pivot": [-3.25, 4.75, -3],
					"cubes": [
						{"origin": [-4.75, 0.75, -6], "size": [3, 4, 3], "inflate": 0.01, "uv": [52, 28]}
					]
				},
				{
					"name": "right_frontpaw",
					"parent": "right_elbow",
					"pivot": [-3.25, 1.75, -4.5],
					"cubes": [
						{"origin": [-4.75, 0, -6.25], "size": [3, 2, 3], "inflate": 0.02, "uv": [0, 61]}
					]
				},
				{
					"name": "right_front_claws",
					"parent": "right_frontpaw",
					"pivot": [-3.25, 0, -6.25],
					"cubes": [
						{"origin": [-4.25, 0, -8.25], "size": [0, 2, 2], "uv": [40, 35]},
						{"origin": [-2.25, 0, -8.25], "size": [0, 2, 2], "uv": [0, 38]}
					]
				},
				{
					"name": "left_thigh",
					"parent": "body",
					"pivot": [3.5, 9.25, 3.25],
					"cubes": [
						{"origin": [2, 5.5, 1], "size": [3, 6, 5], "inflate": 0.01, "uv": [46, 17], "mirror": true}
					]
				},
				{
					"name": "left_knee",
					"parent": "left_thigh",
					"pivot": [3.5, 5.5, 1],
					"rotation": [45, 0, 0],
					"cubes": [
						{"origin": [2, 0.5, 1], "size": [3, 5, 4], "uv": [47, 47], "mirror": true}
					]
				},
				{
					"name": "left_ankle",
					"parent": "left_knee",
					"pivot": [3.5, 0.5, 5],
					"rotation": [-45, 0, 0],
					"cubes": [
						{"origin": [2, -3.5, 2], "size": [3, 4, 3], "inflate": -0.01, "uv": [0, 66], "mirror": true}
					]
				},
				{
					"name": "left_foot",
					"parent": "left_ankle",
					"pivot": [3.5, -3.25, 3.5],
					"cubes": [
						{"origin": [2, -4.25, 1.25], "size": [3, 2, 3], "inflate": 0.02, "uv": [44, 10], "mirror": true}
					]
				},
				{
					"name": "right_thigh",
					"parent": "body",
					"pivot": [-3.5, 9.25, 3.25],
					"cubes": [
						{"origin": [-5, 5.5, 1], "size": [3, 6, 5], "inflate": 0.01, "uv": [46, 17]}
					]
				},
				{
					"name": "right_knee",
					"parent": "right_thigh",
					"pivot": [-3.5, 5.5, 1],
					"rotation": [45, 0, 0],
					"cubes": [
						{"origin": [-5, 0.5, 1], "size": [3, 5, 4], "uv": [47, 47]}
					]
				},
				{
					"name": "right_ankle",
					"parent": "right_knee",
					"pivot": [-3.5, 0.5, 5],
					"rotation": [-45, 0, 0],
					"cubes": [
						{"origin": [-5, -3.5, 2], "size": [3, 4, 3], "inflate": -0.01, "uv": [0, 66]}
					]
				},
				{
					"name": "right_foot",
					"parent": "right_ankle",
					"pivot": [-3.5, -3.25, 3.5],
					"cubes": [
						{"origin": [-5, -4.25, 1.25], "size": [3, 2, 3], "inflate": 0.02, "uv": [44, 10]}
					]
				}
			]
		}
	]
}