{
	"format_version": "1.8.0",
	"animations": {
		"animation.skwovet.ground_idle": {
			"loop": true,
			"animation_length": 4,
			"loop_delay": "true",
			"bones": {
				"leg1": {
					"rotation": {
						"0.0": [0, 0, 0],
						"1.0": [2.5, 0, 0],
						"2.0": [0, 0, 0],
						"3.0": [2.5, 0, 0],
						"4.0": [0, 0, 0]
					}
				},
				"legparte1": {
					"rotation": {
						"0.0": [12.5, 0, 0],
						"2.0": [12.5, 0, 0]
					},
					"position": {
						"0.0": [0, 0, 1],
						"2.0": [0, 0, 1]
					}
				},
				"legminec": {
					"rotation": {
						"0.0": [5, 0, 0],
						"2.0": [5, 0, 0]
					},
					"position": {
						"0.0": [0, 0, 1],
						"2.0": [0, 0, 1]
					}
				},
				"leg2": {
					"rotation": {
						"0.0": [0, 0, 0],
						"1.0": [2.5, 0, 0],
						"2.0": [0, 0, 0],
						"3.0": [2.5, 0, 0],
						"4.0": [0, 0, 0]
					}
				},
				"legparte2": {
					"rotation": {
						"0.0": [12.5, 0, 0],
						"2.0": [12.5, 0, 0]
					},
					"position": {
						"0.0": [0, 0, 1],
						"2.0": [0, 0, 1]
					}
				},
				"legminec2": {
					"rotation": {
						"0.0": [5, 0, 0],
						"2.0": [5, 0, 0]
					},
					"position": {
						"0.0": [0, 0, 1],
						"2.0": [0, 0, 1]
					}
				},
				"hands": {
					"rotation": {
						"0.0": {
							"post": [-7.5, 0, 0],
							"lerp_mode": "catmullrom"
						},
						"2.0": {
							"post": [-7.5, 0, 0],
							"lerp_mode": "catmullrom"
						},
						"4.0": {
							"post": [-7.5, 0, 0],
							"lerp_mode": "catmullrom"
						}
					}
				},
				"hand1": {
					"rotation": {
						"0.0": {
							"post": [0, 0, 0],
							"lerp_mode": "catmullrom"
						},
						"1.0": {
							"post": [-2.5, 0, 0],
							"lerp_mode": "catmullrom"
						},
						"2.0": {
							"post": [2.5, 0, 0],
							"lerp_mode": "catmullrom"
						},
						"3.0": {
							"post": [5, 0, 0],
							"lerp_mode": "catmullrom"
						},
						"4.0": {
							"post": [0, 0, 0],
							"lerp_mode": "catmullrom"
						}
					}
				},
				"hand2": {
					"rotation": {
						"0.0": {
							"post": [0, 0, 0],
							"lerp_mode": "catmullrom"
						},
						"1.0": {
							"post": [-2.5, 0, 0],
							"lerp_mode": "catmullrom"
						},
						"2.0": {
							"post": [2.5, 0, 0],
							"lerp_mode": "catmullrom"
						},
						"3.0": {
							"post": [5, 0, 0],
							"lerp_mode": "catmullrom"
						},
						"4.0": {
							"post": [0, 0, 0],
							"lerp_mode": "catmullrom"
						}
					}
				},
				"torsosecundary": {
					"rotation": {
						"0.0": {
							"post": [0, 0, 0],
							"lerp_mode": "catmullrom"
						},
						"1.0": {
							"post": [-2.5, 0, 0],
							"lerp_mode": "catmullrom"
						},
						"3.0": {
							"post": [0, 0, 0],
							"lerp_mode": "catmullrom"
						},
						"4.0": {
							"post": [0, 0, 0],
							"lerp_mode": "catmullrom"
						}
					}
				},
				"line": {
					"rotation": {
						"0.0": [0, 0, 0],
						"0.1": [0.18223, -0.74623, 0.51034],
						"0.8": [2.08478, -8.53714, 5.83852],
						"0.9": [2.33713, -9.57052, 6.54525],
						"1.0": [2.51936, -10.31675, 7.05559],
						"1.1": [2.33713, -9.57052, 6.54525],
						"1.8": [0.43458, -1.77961, 1.21707],
						"1.9": [0.18223, -0.74623, 0.51034],
						"2.0": [0, 0, 0],
						"2.1": [0.18223, -0.74623, 0.51034],
						"2.8": [2.08478, -8.53714, 5.83852],
						"2.9": [2.33713, -9.57052, 6.54525],
						"3.0": [2.51936, -10.31675, 7.05559],
						"3.1": [2.33713, -9.57052, 6.54525],
						"3.8": [0.43458, -1.77961, 1.21707],
						"3.9": [0.18223, -0.74623, 0.51034],
						"4.0": [0, 0, 0]
					}
				},
				"head": {
					"rotation": {
						"0.0": {
							"post": [0, 0, 0],
							"lerp_mode": "catmullrom"
						},
						"1.0": {
							"post": [-7.5, 0, 0],
							"lerp_mode": "catmullrom"
						},
						"2.0": {
							"post": [0, 0, 0],
							"lerp_mode": "catmullrom"
						},
						"3.0": {
							"post": [-7.5, 0, 0],
							"lerp_mode": "catmullrom"
						},
						"4.0": {
							"post": [0, 0, 0],
							"lerp_mode": "catmullrom"
						}
					}
				},
				"face": {
					"rotation": {
						"0.0": {
							"post": [2.5, 0, 0],
							"lerp_mode": "catmullrom"
						},
						"2.0": {
							"post": [2.5, 0, 0],
							"lerp_mode": "catmullrom"
						},
						"4.0": {
							"post": [2.5, 0, 0],
							"lerp_mode": "catmullrom"
						}
					}
				},
				"nose": {
					"rotation": {
						"0.0": {
							"post": [2.5, 0, 0],
							"lerp_mode": "catmullrom"
						},
						"2.0": [2.5, 0, 0]
					}
				},
				"horejas": {
					"rotation": {
						"0.0": {
							"post": [2.5, 0, 0],
							"lerp_mode": "catmullrom"
						},
						"2.0": {
							"post": [2.5, 0, 0],
							"lerp_mode": "catmullrom"
						},
						"4.0": {
							"post": [2.5, 0, 0],
							"lerp_mode": "catmullrom"
						}
					}
				},
				"horeja1": {
					"rotation": {
						"0.0": {
							"post": [0, 0, 0],
							"lerp_mode": "catmullrom"
						},
						"1.0": {
							"post": [0, -5, 0],
							"lerp_mode": "catmullrom"
						},
						"2.0": {
							"post": [0, 0, 0],
							"lerp_mode": "catmullrom"
						},
						"3.0": {
							"post": [0, -5, 0],
							"lerp_mode": "catmullrom"
						}
					}
				},
				"horeja2": {
					"rotation": {
						"0.0": {
							"post": [0, 0, 0],
							"lerp_mode": "catmullrom"
						},
						"1.0": {
							"post": [0, 5, 0],
							"lerp_mode": "catmullrom"
						},
						"2.0": {
							"post": [0, 0, 0],
							"lerp_mode": "catmullrom"
						},
						"3.0": {
							"post": [0, 5, 0],
							"lerp_mode": "catmullrom"
						}
					}
				},
				"eyes": {
					"rotation": {
						"0.0": {
							"post": [2.5, 0, 0],
							"lerp_mode": "catmullrom"
						},
						"2.0": {
							"post": [2.5, 0, 0],
							"lerp_mode": "catmullrom"
						},
						"4.0": {
							"post": [2.5, 0, 0],
							"lerp_mode": "catmullrom"
						}
					}
				},
				"smile": {
					"rotation": {
						"0.0": {
							"post": [2.5, 0, 0],
							"lerp_mode": "catmullrom"
						},
						"2.0": {
							"post": [2.5, 0, 0],
							"lerp_mode": "catmullrom"
						},
						"4.0": {
							"post": [2.5, 0, 0],
							"lerp_mode": "catmullrom"
						}
					}
				}
			}
		},
		"animation.skwovet.ground_walk": {
			"loop": true,
			"animation_length": 3.25,
			"loop_delay": "true",
			"bones": {
				"leg1": {
					"rotation": {
						"0.0": [10, 0, 0],
						"0.75": [0, 0, 0],
						"1.5": [10, 0, 0],
						"2.25": [0, 0, 0],
						"3.25": [10, 0, 0]
					}
				},
				"legparte1": {
					"rotation": {
						"0.0": [-12.5, 0, 0],
						"1.5": [-12.5, 0, 0]
					},
					"position": {
						"0.0": [0, 1, -1],
						"1.5": [0, 1, -1]
					}
				},
				"legminec": {
					"rotation": {
						"0.0": [-12.5, 0, 0],
						"1.5": [-12.5, 0, 0]
					},
					"position": {
						"0.0": [0, 1, -1],
						"1.5": [0, 1, -1]
					}
				},
				"leg2": {
					"rotation": {
						"0.0": [-10, 0, 0],
						"0.75": [10, 0, 0],
						"1.5": [-10, 0, 0],
						"2.25": [10, 0, 0],
						"3.25": [-10, 0, 0]
					},
					"position": {
						"0.0": [0, 1, 0],
						"0.75": [0, 0, 0],
						"1.5": [0, 1, 0],
						"2.25": [0, 0, 0],
						"3.25": [0, 1, 0]
					}
				},
				"legparte2": {
					"rotation": {
						"0.0": [12.5, 0, 0],
						"0.75": [25, 0, 0],
						"1.5": [12.5, 0, 0],
						"2.25": [25, 0, 0]
					},
					"position": {
						"0.0": [0, 0, 0],
						"0.75": [0, 0, 1],
						"1.5": [0, 0, 0],
						"2.25": [0, 0, 1]
					}
				},
				"legminec2": {
					"rotation": {
						"0.0": [5, 0, 0],
						"0.75": [10, 0, 0],
						"1.5": [5, 0, 0],
						"2.25": [10, 0, 0]
					},
					"position": {
						"0.0": [0, 0, 0],
						"0.75": [0, 0, 1],
						"1.5": [0, 0, 0],
						"2.25": [0, 0, 1]
					}
				},
				"hand1": {
					"rotation": {
						"0.0": [-20, 0, 0],
						"0.0833": [-17.03684, 0, 0],
						"0.1667": [-12.54356, 0, 0],
						"0.25": [-7.63791, 0, 0],
						"0.5": [7.63791, 0, 0],
						"0.5833": [12.54356, 0, 0],
						"0.6667": [17.03684, 0, 0],
						"0.75": [20, 0, 0],
						"0.8333": [17.03684, 0, 0],
						"0.9167": [12.54356, 0, 0],
						"1.0": [7.63791, 0, 0],
						"1.25": [-7.63791, 0, 0],
						"1.3333": [-12.54356, 0, 0],
						"1.4167": [-17.03684, 0, 0],
						"1.5": [-20, 0, 0],
						"1.5833": [-17.59243, 0, 0],
						"1.6667": [-13.94164, 0, 0],
						"1.75": [-9.9558, 0, 0],
						"2.0": [2.4558, 0, 0],
						"2.0833": [6.44164, 0, 0],
						"2.1667": [10.09243, 0, 0],
						"2.25": [12.5, 0, 0],
						"2.3333": [10.64972, 0, 0],
						"2.4167": [8.0134, 0, 0],
						"2.9167": [-9.73995, 0, 0],
						"3.0833": [-15.5134, 0, 0],
						"3.1667": [-18.14972, 0, 0],
						"3.25": [-20, 0, 0]
					},
					"position": {
						"0.0": [0, 0, -1],
						"0.0833": [0, 0.07408, -0.77776],
						"0.1667": [0, 0.18641, -0.44077],
						"0.25": [0, 0.30905, -0.07284],
						"0.5": [0, 0.69095, 1.07284],
						"0.5833": [0, 0.81359, 1.44077],
						"0.6667": [0, 0.92592, 1.77776],
						"0.75": [0, 1, 2],
						"0.8333": [0, 0.92592, 1.77776],
						"0.9167": [0, 0.81359, 1.44077],
						"1.0": [0, 0.69095, 1.07284],
						"1.25": [0, 0.30905, -0.07284],
						"1.3333": [0, 0.18641, -0.44077],
						"1.4167": [0, 0.07408, -0.77776],
						"1.5": [0, 0, -1],
						"1.5833": [0, 0.07408, -0.85184],
						"1.6667": [0, 0.18641, -0.62718],
						"2.0": [0, 0.69095, 0.3819],
						"2.0833": [0, 0.81359, 0.62718],
						"2.1667": [0, 0.92592, 0.85184],
						"2.25": [0, 1, 1],
						"2.3333": [0, 0.94307, 0.88614],
						"2.4167": [0, 0.86195, 0.7239],
						"3.0": [0, 0.2254, -0.5492],
						"3.0833": [0, 0.13805, -0.7239],
						"3.1667": [0, 0.05693, -0.88614],
						"3.25": [0, 0, -1]
					}
				},
				"hand2": {
					"rotation": {
						"0.0": [20, 0, 0],
						"0.0833": [17.03684, 0, 0],
						"0.1667": [12.54356, 0, 0],
						"0.25": [7.63791, 0, 0],
						"0.5": [-7.63791, 0, 0],
						"0.5833": [-12.54356, 0, 0],
						"0.6667": [-17.03684, 0, 0],
						"0.75": [-20, 0, 0],
						"0.8333": [-17.03684, 0, 0],
						"0.9167": [-12.54356, 0, 0],
						"1.0": [-7.63791, 0, 0],
						"1.25": [7.63791, 0, 0],
						"1.3333": [12.54356, 0, 0],
						"1.4167": [17.03684, 0, 0],
						"1.5": [20, 0, 0],
						"1.5833": [17.59243, 0, 0],
						"1.6667": [13.94164, 0, 0],
						"1.75": [9.9558, 0, 0],
						"2.0": [-2.4558, 0, 0],
						"2.0833": [-6.44164, 0, 0],
						"2.1667": [-10.09243, 0, 0],
						"2.25": [-12.5, 0, 0],
						"2.3333": [-10.64972, 0, 0],
						"2.4167": [-8.0134, 0, 0],
						"2.9167": [9.73995, 0, 0],
						"3.0833": [15.5134, 0, 0],
						"3.1667": [18.14972, 0, 0],
						"3.25": [20, 0, 0]
					},
					"position": {
						"0.0": [0, 1, 1],
						"0.0833": [0, 0.92592, 0.77776],
						"0.1667": [0, 0.81359, 0.44077],
						"0.25": [0, 0.69095, 0.07284],
						"0.5": [0, 0.30905, -1.07284],
						"0.5833": [0, 0.18641, -1.44077],
						"0.6667": [0, 0.07408, -1.77776],
						"0.75": [0, 0, -2],
						"0.8333": [0, 0.07408, -1.77776],
						"0.9167": [0, 0.18641, -1.44077],
						"1.0": [0, 0.30905, -1.07284],
						"1.25": [0, 0.69095, 0.07284],
						"1.3333": [0, 0.81359, 0.44077],
						"1.4167": [0, 0.92592, 0.77776],
						"1.5": [0, 1, 1],
						"1.5833": [0, 0.92592, 0.85184],
						"1.6667": [0, 0.81359, 0.62718],
						"2.0": [0, 0.30905, -0.3819],
						"2.0833": [0, 0.18641, -0.62718],
						"2.1667": [0, 0.07408, -0.85184],
						"2.25": [0, 0, -1],
						"2.3333": [0, 0.05693, -0.88614],
						"2.4167": [0, 0.13805, -0.7239],
						"3.0": [0, 0.7746, 0.5492],
						"3.0833": [0, 0.86195, 0.7239],
						"3.1667": [0, 0.94307, 0.88614],
						"3.25": [0, 1, 1]
					}
				},
				"line": {
					"rotation": {
						"0.0": [-5, 10, 0],
						"0.0833": [-4.81472, 8.52394, 0.12846],
						"0.1667": [-4.53376, 6.28568, 0.32326],
						"0.5": [-3.27184, -3.76744, 1.19821],
						"0.5833": [-2.96509, -6.21112, 1.41089],
						"0.6667": [-2.68413, -8.44938, 1.60569],
						"0.75": [-2.49885, -9.92544, 1.73415],
						"0.8333": [-2.68413, -8.44938, 1.60569],
						"0.9167": [-2.96509, -6.21112, 1.41089],
						"1.25": [-4.22701, 3.842, 0.53594],
						"1.3333": [-4.53376, 6.28568, 0.32326],
						"1.4167": [-4.81472, 8.52394, 0.12846],
						"1.5": [-5, 10, 0],
						"1.5833": [-4.81472, 8.52394, 0.12846],
						"1.6667": [-4.53376, 6.28568, 0.32326],
						"2.0": [-3.27184, -3.76744, 1.19821],
						"2.0833": [-2.96509, -6.21112, 1.41089],
						"2.1667": [-2.68413, -8.44938, 1.60569],
						"2.25": [-2.49885, -9.92544, 1.73415],
						"2.3333": [-2.64124, -8.79105, 1.63542],
						"2.4167": [-2.84413, -7.17475, 1.49475],
						"3.0": [-4.43624, 5.50883, 0.39088],
						"3.0833": [-4.65472, 7.24931, 0.2394],
						"3.1667": [-4.85761, 8.86561, 0.09873],
						"3.25": [-5, 10, 0]
					},
					"position": {
						"0.0": [-1, 0, 0],
						"0.0833": [-0.85184, 0, 0],
						"0.1667": [-0.62718, 0, 0],
						"0.5": [0.3819, 0, 0],
						"0.5833": [0.62718, 0, 0],
						"0.6667": [0.85184, 0, 0],
						"0.75": [1, 0, 0],
						"0.8333": [0.85184, 0, 0],
						"0.9167": [0.62718, 0, 0],
						"1.25": [-0.3819, 0, 0],
						"1.3333": [-0.62718, 0, 0],
						"1.4167": [-0.85184, 0, 0],
						"1.5": [-1, 0, 0],
						"1.5833": [-0.85184, 0, 0],
						"1.6667": [-0.62718, 0, 0],
						"2.0": [0.3819, 0, 0],
						"2.0833": [0.62718, 0, 0],
						"2.1667": [0.85184, 0, 0],
						"2.25": [1, 0, 0],
						"2.3333": [0.88614, 0, 0],
						"2.4167": [0.7239, 0, 0],
						"3.0": [-0.5492, 0, 0],
						"3.0833": [-0.7239, 0, 0],
						"3.1667": [-0.88614, 0, 0],
						"3.25": [-1, 0, 0]
					}
				},
				"head": {
					"rotation": {
						"0.0": [0, 0, 0],
						"0.0833": [0.37039, 0, 0],
						"0.5833": [4.06795, 0, 0],
						"0.6667": [4.62961, 0, 0],
						"0.75": [5, 0, 0],
						"0.8333": [4.62961, 0, 0],
						"1.3333": [0.93205, 0, 0],
						"1.4167": [0.37039, 0, 0],
						"1.5": [0, 0, 0],
						"1.5833": [0.37039, 0, 0],
						"2.0833": [4.06795, 0, 0],
						"2.1667": [4.62961, 0, 0],
						"2.25": [5, 0, 0],
						"2.3333": [4.71534, 0, 0],
						"3.0833": [0.69025, 0, 0],
						"3.1667": [0.28466, 0, 0],
						"3.25": [0, 0, 0]
					},
					"position": {
						"0.0": [0, 0, 0],
						"0.0833": [0, 0, 0.07408],
						"0.1667": [0, 0, 0.18641],
						"0.5833": [0, 0, 0.81359],
						"0.6667": [0, 0, 0.92592],
						"0.75": [0, 0, 1],
						"0.8333": [0, 0, 0.92592],
						"0.9167": [0, 0, 0.81359],
						"1.3333": [0, 0, 0.18641],
						"1.4167": [0, 0, 0.07408],
						"1.5": [0, 0, 0],
						"1.5833": [0, 0, 0.07408],
						"1.6667": [0, 0, 0.18641],
						"2.0833": [0, 0, 0.81359],
						"2.1667": [0, 0, 0.92592],
						"2.25": [0, 0, 1],
						"2.3333": [0, 0, 0.94307],
						"3.0": [0, 0, 0.2254],
						"3.1667": [0, 0, 0.05693],
						"3.25": [0, 0, 0]
					}
				},
				"horeja1": {
					"rotation": {
						"0.0": [0, -5, 0],
						"1.0833": [0, -5, 0],
						"1.5": [0, -5, 0]
					}
				},
				"horeja2": {
					"rotation": {
						"0.0": [0, 5, 0],
						"1.0833": [0, 5, 0],
						"1.5": [0, 5, 0]
					}
				}
			}
		},
		"animation.skwovet.blink": {
			"animation_length": 0.25,
			"bones": {
				"eyes": {
					"position": {
						"0.0": [0, 0, 0],
						"0.25": [0, 0, 1]
					}
				}
			}
		},
		"animation.skwovet.sleep": {
			"loop": true,
			"animation_length": 2,
			"bones": {
				"legs": {
					"position": [0, -1, 0]
				},
				"legparte1": {
					"position": [0, 1, 0]
				},
				"legminec": {
					"position": [0, 1, 0]
				},
				"legparte2": {
					"position": [0, 1, 0]
				},
				"legminec2": {
					"position": [0, 1, 0]
				},
				"hands": {
					"rotation": {
						"0.0": [-40, 0, 0],
						"2.0": [-40, 0, 0]
					},
					"position": {
						"0.0": [0, 0, -1],
						"2.0": [0, 0, -1]
					}
				},
				"hand1": {
					"rotation": [0, 0, 12.5],
					"position": [-2, 0, 0]
				},
				"hand2": {
					"rotation": {
						"0.0": [0, 0, -12.5],
						"2.0": [0, 0, -12.5]
					},
					"position": {
						"0.0": [2, 0, 0],
						"2.0": [2, 0, 0]
					}
				},
				"torso": {
					"position": [0, -2, 0]
				},
				"line": {
					"rotation": {
						"0.0": [-51.7097, 23.51311, -19.10687],
						"0.0833": [-50.96891, 23.51311, -19.10687],
						"0.1667": [-49.84559, 23.51311, -19.10687],
						"0.5833": [-43.57381, 23.51311, -19.10687],
						"0.6667": [-42.45049, 23.51311, -19.10687],
						"0.75": [-41.7097, 23.51311, -19.10687],
						"0.8333": [-42.17523, 23.51311, -19.10687],
						"1.75": [-49.92771, 23.51311, -19.10687],
						"1.9167": [-51.24417, 23.51311, -19.10687],
						"2.0": [-51.7097, 23.51311, -19.10687]
					},
					"position": {
						"0.0": [0, -1, 1],
						"1.0833": [0, -1, 1],
						"2.0": [0, -1, 1]
					}
				},
				"head": {
					"rotation": {
						"0.0": [17.5, 0, 0],
						"0.75": [12.5, 0, 0],
						"2.0": [17.5, 0, 0]
					},
					"position": {
						"0.0": [0, 0, 2],
						"2.0": [0, 0, 2]
					}
				},
				"horeja1": {
					"rotation": [0, 0, 5],
					"position": [-1, -1, 0]
				},
				"horeja2": {
					"rotation": {
						"0.0": [0, 0, -5],
						"2.0": [0, 0, -5]
					},
					"position": {
						"0.0": [1, -1, 0],
						"2.0": [1, -1, 0]
					}
				},
				"eye1": {
					"position": [0, 0, 1]
				},
				"eye2": {
					"position": [0, 0, 1]
				},
				"horejas": {
					"rotation": {
						"0.0": [0, 0, 0],
						"2.0": [0, 0, 0]
					},
					"position": {
						"0.0": [0, 0, 0],
						"2.0": [0, 0, 0]
					}
				}
			}
		},
		"animation.skwovet.tongue_quirk": {
			"animation_length": 2
		},
		"animation.skwovet.smile_quirk": {
			"animation_length": 1.5
		},
		"animation.skwovet.cry": {
			"animation_length": 1.5,
			"bones": {
				"torsosecundary": {
					"rotation": {
						"0.0": [0, 0, 0],
						"0.5": {
							"pre": [0, 0, 0],
							"post": [-5, 0, 0]
						},
						"0.9583": [-5.04292, -7.4713, 0.6574],
						"1.25": [-5.00474, 2.49048, -0.21803],
						"1.5": [0, 0, 0]
					}
				},
				"line": {
					"rotation": {
						"0.0": [0, 0, 0],
						"0.5": [-12.5, 0, 0],
						"0.7083": [-2.53852, -9.99038, 0.44067],
						"1.25": [-15.34721, 12.06754, -3.28396],
						"1.5": [0, 0, 0]
					}
				},
				"head": {
					"rotation": {
						"0.0": [0, 0, 0],
						"0.5": [-12.5, 0, 0],
						"1.0": [5, 0, 0],
						"1.5": [0, 0, 0]
					},
					"position": {
						"0.0": [0, 0, 0],
						"0.7083": [0, 1, 0],
						"1.5": [0, 0, 0]
					}
				},
				"smilept": {
					"position": {
						"0.0": [0, 0, 0],
						"0.0833": [0, 0, 0],
						"0.4167": [0, 0, 0],
						"0.5": [0, 0, 1],
						"0.5833": [0, 0, 1],
						"0.625": [0, 0, 0.95849],
						"0.6667": [0, 0, 0.86899],
						"0.7083": [0, 0, 0.75603],
						"0.875": [0, 0, 0.24407],
						"0.9167": [0, 0, 0.13109],
						"0.9583": [0, 0, 0.04157],
						"1.0": [0, 0, 0],
						"1.5": [0, 0, 0]
					}
				},
				"smilemn": {
					"position": {
						"0.0": [0, 0, 0],
						"0.5": [0, 0, -1],
						"0.5833": [0, 0, -1],
						"0.9167": [0, 0, -1],
						"1.0": [0, 0, 0],
						"1.5": [0, 0, 0]
					}
				}
			},
			"sound_effects": {
				"0.5": {
					"effect": "pokemon.skwovet.cry"
				}
			}
		},
		"animation.skwovet.battle_idle": {
			"loop": true,
			"animation_length": 1.125,
			"bones": {
				"legs": {
					"position": {
						"0.0": [0, -1, -3],
						"1.125": [0, -1, -3]
					}
				},
				"leg1": {
					"rotation": {
						"0.0": [0, 0, 7.5],
						"0.625": [2.5, 0, 7.5],
						"1.125": [0, 0, 7.5]
					},
					"position": {
						"0.0": [-1, 0, 0],
						"1.125": [-1, 0, 0]
					}
				},
				"legparte1": {
					"rotation": {
						"0.0": [0, 0, -5],
						"1.125": [0, 0, -5]
					},
					"position": {
						"0.0": [0, 1, 0],
						"1.125": [0, 1, 0]
					}
				},
				"legminec": {
					"rotation": {
						"0.0": [0, 0, -5],
						"1.125": [0, 0, -5]
					},
					"position": {
						"0.0": [0, 1, 0],
						"1.125": [0, 1, 0]
					}
				},
				"leg2": {
					"rotation": {
						"0.0": [0, 0, -7.5],
						"0.625": [5, 0, -7.5],
						"1.125": [0, 0, -7.5]
					},
					"position": {
						"0.0": [1, 0, 0],
						"1.125": [1, 0, 0]
					}
				},
				"legparte2": {
					"rotation": {
						"0.0": [0, 0, 5],
						"1.125": [0, 0, 5]
					},
					"position": {
						"0.0": [0, 1, 0],
						"1.125": [0, 1, 0]
					}
				},
				"legminec2": {
					"rotation": {
						"0.0": [0, 0, 5],
						"1.125": [0, 0, 5]
					},
					"position": {
						"0.0": [0, 1, 0],
						"1.125": [0, 1, 0]
					}
				},
				"torso": {
					"rotation": {
						"0.0": [-85, 0, 0],
						"0.625": [-85.04256, -0.65182, 7.47178],
						"1.125": [-85, 0, 0]
					},
					"position": {
						"0.0": [0, 7, -3],
						"1.125": [0, 7, -3]
					}
				},
				"torsosecundary": {
					"rotation": {
						"0.0": [2.5, 0, 0],
						"1.125": [2.5, 0, 0]
					},
					"position": {
						"0.0": [0, -1, 1],
						"1.125": [0, -1, 1]
					}
				},
				"torsomini": {
					"rotation": {
						"0.0": [22.5, 0, 0],
						"1.125": [22.5, 0, 0]
					},
					"position": {
						"0.0": [0, 0, 3],
						"1.125": [0, 0, 3]
					}
				},
				"line": {
					"rotation": {
						"0.0": [75, 0, 0],
						"0.625": [71.35027, 6.27967, 24.24769],
						"1.125": [75, 0, 0]
					},
					"position": {
						"0.0": [0, 1, -3],
						"1.125": [0, 1, -3]
					}
				},
				"head": {
					"rotation": {
						"0.0": [85, 0, 0],
						"0.625": [95.019, 4.98093, 0.43688],
						"1.125": [85, 0, 0]
					},
					"position": {
						"0.0": [0, 0, 3],
						"1.125": [0, 0, 3]
					}
				},
				"hands": {
					"rotation": {
						"0.0": [10, 0, 0],
						"1.125": [10, 0, 0]
					},
					"position": {
						"0.0": [0, 0, 4],
						"1.125": [0, 0, 4]
					}
				},
				"hand1": {
					"rotation": {
						"0.0": [22.15656, 2.24944, -17.35932],
						"1.125": [22.15656, 2.24944, -17.35932]
					},
					"position": {
						"0.0": [-2, 0, 0],
						"1.125": [-2, 0, 0]
					}
				},
				"hand2": {
					"rotation": {
						"0.0": [22.15656, -2.24944, 17.35932],
						"1.125": [22.15656, -2.24944, 17.35932]
					},
					"position": {
						"0.0": [2, 0, 0],
						"1.125": [2, 0, 0]
					}
				}
			}
		},
		"animation.skwovet.pose": {
			"loop": true,
			"animation_length": 1.125,
			"bones": {
				"legs": {
					"position": [0, -1, -3]
				},
				"leg1": {
					"rotation": [0, 0, 7.5],
					"position": [-1, 0, 0]
				},
				"legparte1": {
					"rotation": [0, 0, -5],
					"position": [0, 1, 0]
				},
				"legminec": {
					"rotation": [0, 0, -5],
					"position": [0, 1, 0]
				},
				"leg2": {
					"rotation": [0, 0, -7.5],
					"position": [1, 0, 0]
				},
				"legparte2": {
					"rotation": [0, 0, 5],
					"position": [0, 1, 0]
				},
				"legminec2": {
					"rotation": [0, 0, 5],
					"position": [0, 1, 0]
				},
				"torso": {
					"rotation": [-85, 0, 0],
					"position": [0, 7, -3]
				},
				"torsosecundary": {
					"rotation": [2.5, 0, 0],
					"position": [0, -1, 1]
				},
				"torsomini": {
					"rotation": [22.5, 0, 0],
					"position": [0, 0, 3]
				},
				"line": {
					"rotation": [75, 0, 0],
					"position": [0, 1, -3]
				},
				"head": {
					"rotation": [85, 0, 0],
					"position": [0, 0, 3]
				},
				"hands": {
					"rotation": [10, 0, 0],
					"position": [0, 0, 4]
				},
				"hand1": {
					"rotation": [22.15656, 2.24944, -17.35932],
					"position": [-2, 0, 0]
				},
				"hand2": {
					"rotation": [22.15656, -2.24944, 17.35932],
					"position": [2, 0, 0]
				}
			}
		},
		"animation.skwovet.pose2": {
			"loop": true,
			"animation_length": 1,
			"bones": {
				"legs": {
					"position": [0, -1, -3]
				},
				"leg1": {
					"rotation": [10, 0, 7.5],
					"position": [-1, 0, 0]
				},
				"legparte1": {
					"rotation": [0, 0, -5],
					"position": [0, 1, 0]
				},
				"legminec": {
					"rotation": [0, 0, -5],
					"position": [0, 1, 0]
				},
				"leg2": {
					"rotation": [10, 0, -7.5],
					"position": [1, 0, 0]
				},
				"legparte2": {
					"rotation": [0, 0, 5],
					"position": [0, 1, 0]
				},
				"legminec2": {
					"rotation": [0, 0, 5],
					"position": [0, 1, 0]
				},
				"torso": {
					"rotation": [-85, 0, 0],
					"position": [0, 8, -3]
				},
				"torsosecundary": {
					"rotation": [2.5, 0, 0],
					"position": [0, -1, 1]
				},
				"torsomini": {
					"rotation": [22.5, 0, 0],
					"position": [0, 0, 3]
				},
				"line": {
					"rotation": [85, 0, 0],
					"position": [0, 1, -3]
				},
				"head": {
					"rotation": [67.5, 0, 0],
					"position": [0, -1, 3]
				},
				"eye1": {
					"rotation": [0, 0, 5],
					"position": [-1, -0.3, 0]
				},
				"eye2": {
					"rotation": [0, 0, -5],
					"position": [1, 0, 0]
				},
				"smilept": {
					"position": [0, 0, 2]
				},
				"smilemn": {
					"position": [0, 0, -1]
				},
				"hands": {
					"rotation": [10, 0, 0],
					"position": [0, 0, 4]
				},
				"hand1": {
					"rotation": [-9.47389, -20.24194, 103.89507],
					"position": [-1, 1, 0]
				},
				"hand2": {
					"rotation": [-9.47389, 20.24194, -103.89507],
					"position": [1, 1, 0]
				},
				"ceja2": {
					"position": [0, -0.3, -1.2]
				},
				"ceja1": {
					"position": [0, -0.3, -1.2]
				}
			},
			"sound_effects": {
				"0.0": {
					"effect": "pokemon.skwovet.cry"
				}
			}
		},
		"animation.skwovet.faint": {
			"animation_length": 7,
			"bones": {
				"legs": {
					"rotation": {
						"0.0": {
							"post": [0, 0, 0],
							"lerp_mode": "catmullrom"
						},
						"0.4167": {
							"post": [-15, -15, 0],
							"lerp_mode": "catmullrom"
						},
						"0.9583": {
							"post": [62.5, -15, 0],
							"lerp_mode": "catmullrom"
						}
					},
					"position": {
						"0.0": {
							"post": [0, -1, -3],
							"lerp_mode": "catmullrom"
						},
						"0.5": {
							"post": [0, -2.04, -2.39],
							"lerp_mode": "catmullrom"
						},
						"0.9583": {
							"post": [0, -3, 2],
							"lerp_mode": "catmullrom"
						},
						"1.2917": {
							"post": [0, -2, 2],
							"lerp_mode": "catmullrom"
						}
					}
				},
				"leg1": {
					"rotation": {
						"0.0": {
							"post": [0, 0, 7.5],
							"lerp_mode": "catmullrom"
						}
					},
					"position": {
						"0.0": {
							"post": [-1, 0, 0],
							"lerp_mode": "catmullrom"
						},
						"0.9583": {
							"post": [-2, 0, -2],
							"lerp_mode": "catmullrom"
						}
					}
				},
				"legparte1": {
					"rotation": {
						"0.0": {
							"post": [0, 0, -5],
							"lerp_mode": "catmullrom"
						}
					},
					"position": {
						"0.0": {
							"post": [0, 1, 0],
							"lerp_mode": "catmullrom"
						}
					}
				},
				"legminec": {
					"rotation": {
						"0.0": {
							"post": [0, 0, -5],
							"lerp_mode": "catmullrom"
						}
					},
					"position": {
						"0.0": {
							"post": [0, 1, 0],
							"lerp_mode": "catmullrom"
						}
					}
				},
				"leg2": {
					"rotation": {
						"0.0": {
							"post": [0, 0, -7.5],
							"lerp_mode": "catmullrom"
						}
					},
					"position": {
						"0.0": {
							"post": [1, 0, 0],
							"lerp_mode": "catmullrom"
						},
						"0.9583": {
							"post": [0, 0, -2],
							"lerp_mode": "catmullrom"
						}
					}
				},
				"legparte2": {
					"rotation": {
						"0.0": {
							"post": [0, 0, 5],
							"lerp_mode": "catmullrom"
						}
					},
					"position": {
						"0.0": {
							"post": [0, 1, 0],
							"lerp_mode": "catmullrom"
						}
					}
				},
				"legminec2": {
					"rotation": {
						"0.0": {
							"post": [0, 0, 5],
							"lerp_mode": "catmullrom"
						}
					},
					"position": {
						"0.0": {
							"post": [0, 1, 0],
							"lerp_mode": "catmullrom"
						}
					}
				},
				"torso": {
					"rotation": {
						"0.0": {
							"post": [-85, 0, 0],
							"lerp_mode": "catmullrom"
						},
						"0.4167": {
							"post": [-102.32456, -14.94159, -1.3378],
							"lerp_mode": "catmullrom"
						},
						"0.9583": {
							"post": [-49.82456, -14.94159, -1.3378],
							"lerp_mode": "catmullrom"
						},
						"1.25": {
							"post": [-4.82456, -14.94159, -1.3378],
							"lerp_mode": "catmullrom"
						}
					},
					"position": {
						"0.0": {
							"post": [0, 7, -3],
							"lerp_mode": "catmullrom"
						},
						"0.4167": {
							"post": [-1, 7, -1],
							"lerp_mode": "catmullrom"
						},
						"0.9583": {
							"post": [1, 1, -6],
							"lerp_mode": "catmullrom"
						},
						"1.25": {
							"post": [1, -1, -5],
							"lerp_mode": "catmullrom"
						}
					}
				},
				"torsosecundary": {
					"rotation": {
						"0.0": {
							"post": [2.5, 0, 0],
							"lerp_mode": "catmullrom"
						}
					},
					"position": {
						"0.0": {
							"post": [0, -1, 1],
							"lerp_mode": "catmullrom"
						},
						"1.25": {
							"post": [0, -2, 1],
							"lerp_mode": "catmullrom"
						}
					}
				},
				"torsomini": {
					"rotation": {
						"0.0": {
							"post": [22.5, 0, 0],
							"lerp_mode": "catmullrom"
						}
					},
					"position": {
						"0.0": {
							"post": [0, 0, 3],
							"lerp_mode": "catmullrom"
						}
					}
				},
				"line": {
					"rotation": {
						"0.0": [75, 0, 0],
						"0.9583": {
							"pre": [-0.86758, 16.31336, 46.96908],
							"post": [-0.86758, 16.31336, 46.96908],
							"lerp_mode": "catmullrom"
						},
						"1.25": [-29.19468, 10.16778, 37.9405]
					},
					"position": {
						"0.0": [0, 1, -3],
						"0.75": {
							"pre": [0.78, 1, -1],
							"post": [0.78, 1, -1],
							"lerp_mode": "catmullrom"
						},
						"0.9583": {
							"post": [1, 0, -1],
							"lerp_mode": "catmullrom"
						},
						"1.25": [0, -3, 1]
					}
				},
				"head": {
					"rotation": {
						"0.0": [85, 0, 0],
						"0.4167": {
							"pre": [75.07558, -0.86717, -9.96271],
							"post": [75.07558, -0.86717, -9.96271],
							"lerp_mode": "catmullrom"
						},
						"0.9583": {
							"post": [47.57558, -0.86717, -9.96271],
							"lerp_mode": "catmullrom"
						},
						"1.25": [40.07558, -0.86717, -9.96271]
					},
					"position": {
						"0.0": [0, 0, 3],
						"0.9583": {
							"pre": [0, -4, 3],
							"post": [0, -4, 3],
							"lerp_mode": "catmullrom"
						},
						"1.2083": [0, -3, 3]
					}
				},
				"eyes": {
					"position": {
						"0.0": {
							"post": [0, 0, 0],
							"lerp_mode": "catmullrom"
						},
						"0.2083": {
							"post": [0, 0, 0],
							"lerp_mode": "catmullrom"
						},
						"0.4583": {
							"post": [0, 0, -0.14],
							"lerp_mode": "catmullrom"
						},
						"0.9583": {
							"post": [0, 0, 1],
							"lerp_mode": "catmullrom"
						}
					}
				},
				"smilept": {
					"position": {
						"0.0": {
							"post": [0, 0, 0],
							"lerp_mode": "catmullrom"
						},
						"0.0417": {
							"post": [0, 0, 0],
							"lerp_mode": "catmullrom"
						},
						"0.0833": {
							"post": [0, 0, 0],
							"lerp_mode": "catmullrom"
						},
						"0.125": {
							"post": [0, 0, 0],
							"lerp_mode": "catmullrom"
						},
						"0.1667": {
							"post": [0, 0, 0],
							"lerp_mode": "catmullrom"
						},
						"0.2083": {
							"post": [0, 0, 1],
							"lerp_mode": "catmullrom"
						},
						"0.9583": {
							"post": [0, 0, 0],
							"lerp_mode": "catmullrom"
						}
					}
				},
				"smilemn": {
					"position": {
						"0.0": {
							"post": [0, 0, 0],
							"lerp_mode": "catmullrom"
						},
						"0.2083": {
							"post": [0, 0, -1],
							"lerp_mode": "catmullrom"
						},
						"0.75": {
							"post": [0, 0, -1],
							"lerp_mode": "catmullrom"
						},
						"0.9583": {
							"post": [0, 0, 0],
							"lerp_mode": "catmullrom"
						}
					}
				},
				"hands": {
					"rotation": {
						"0.0": {
							"post": [10, 0, 0],
							"lerp_mode": "catmullrom"
						}
					},
					"position": {
						"0.0": {
							"post": [0, 0, 4],
							"lerp_mode": "catmullrom"
						}
					}
				},
				"hand1": {
					"rotation": {
						"0.0": {
							"post": [22.15656, 2.24944, -17.35932],
							"lerp_mode": "catmullrom"
						},
						"0.9583": {
							"post": [17.03378, -14.55591, 27.50887],
							"lerp_mode": "catmullrom"
						}
					},
					"position": {
						"0.0": {
							"post": [-2, 0, 0],
							"lerp_mode": "catmullrom"
						}
					}
				},
				"hand2": {
					"rotation": {
						"0.0": {
							"post": [22.15656, -2.24944, 17.35932],
							"lerp_mode": "catmullrom"
						},
						"0.9583": {
							"post": [20.11394, 9.75161, -12.96666],
							"lerp_mode": "catmullrom"
						},
						"1.25": {
							"post": [17.637, 13.81088, -25.0474],
							"lerp_mode": "catmullrom"
						}
					},
					"position": {
						"0.0": {
							"post": [2, 0, 0],
							"lerp_mode": "catmullrom"
						}
					}
				}
			}
		},
		"animation.skwovet.recoil": {
			"animation_length": 1,
			"bones": {
				"line": {
					"rotation": {
						"0.0": [0, 0, 0],
						"0.3333": [0, 10, 0],
						"1.0": [0, 0, 0]
					}
				},
				"head": {
					"rotation": {
						"0.0": [0, 0, 0],
						"0.3333": [0, -10, 0],
						"1.0": [0, 0, 0]
					}
				},
				"eyes": {
					"position": {
						"0.0": [0, 0, 0],
						"0.3333": [0, 0, 1],
						"1.0": [0, 0, 0]
					}
				}
			}
		},
		"animation.skwovet.shoulder_right": {
			"animation_length": 1,
			"bones": {
				"allbody": {
					"position": [-5, -1, -2]
				},
				"legs": {
					"position": [0, -3, 0]
				},
				"leg1": {
					"rotation": [0, 0, 10]
				},
				"leg2": {
					"rotation": [0, 0, -10]
				},
				"torso": {
					"rotation": [-35, 0, 0]
				},
				"line": {
					"rotation": [22.5, 0, 0],
					"position": [0, 2, -1]
				},
				"head": {
					"rotation": [29.51049, -1.54475, -12.38257]
				},
				"hand1": {
					"rotation": [0, 0, 30]
				}
			}
		},
		"animation.skwovet.shoulder_left": {
			"animation_length": 1,
			"bones": {
				"allbody": {
					"position": [5, -1, -2]
				},
				"legs": {
					"position": [0, -3, 0]
				},
				"leg1": {
					"rotation": [0, 0, 10]
				},
				"leg2": {
					"rotation": [0, 0, -10]
				},
				"torso": {
					"rotation": [-35, 0, 0]
				},
				"line": {
					"rotation": [23.47603, 16.1299, 6.88003],
					"position": [0, 2, -1]
				},
				"head": {
					"rotation": [40.81169, -8.82881, 0.79337]
				},
				"hand1": {
					"rotation": [0, 0, 100]
				},
				"hand2": {
					"rotation": [0, 0, -12.5]
				}
			}
		}
	}
}