{
	"format_version": "1.8.0",
	"animations": {
		"animation.growlithe_hisuian.ground_idle": {
			"loop": true,
			"bones": {
				"body": {
					"position": [0, -0.5, 0]
				},
				"torso": {
					"rotation": ["1-math.cos(q.anim_time*90*4-15)*0.5", 0, 0]
				},
				"upper_torso": {
					"rotation": [-3, 0, 0]
				},
				"head": {
					"rotation": ["math.sin(q.anim_time*90*4-15)*1", 0, 0]
				},
				"left_chest_fluff": {
					"rotation": ["-math.sin(q.anim_time*90*4-15)*1", 0, 0]
				},
				"right_chest_fluff": {
					"rotation": ["-math.sin(q.anim_time*90*4-15)*1", 0, 0]
				},
				"bottom_chest_fluff": {
					"rotation": ["-math.sin(q.anim_time*90*4-15)*1", 0, 0]
				},
				"tail": {
					"rotation": ["-math.sin(q.anim_time*90*4-15)*1", 0, "-math.cos(q.anim_time*90*4-15)*1"]
				},
				"left_shoulder": {
					"rotation": [7.5, 0, 0]
				},
				"left_elbow": {
					"rotation": [-15, 0, 0]
				},
				"left_frontpaw": {
					"rotation": [7.5, 0, 0]
				},
				"right_shoulder": {
					"rotation": [7.5, 0, 0]
				},
				"right_elbow": {
					"rotation": [-15, 0, 0]
				},
				"right_frontpaw": {
					"rotation": [7.5, 0, 0]
				},
				"left_thigh": {
					"rotation": [-2.5, 0, 0]
				},
				"left_knee": {
					"rotation": [5, 0, 0]
				},
				"left_ankle": {
					"rotation": [-2.5, 0, 0]
				},
				"left_foot": {
					"rotation": [0, 0, 0]
				},
				"right_thigh": {
					"rotation": [-2.5, 0, 0]
				},
				"right_knee": {
					"rotation": [5, 0, 0]
				},
				"right_ankle": {
					"rotation": [-2.5, 0, 0]
				},
				"left_ear": {
					"rotation": [0, "math.cos(q.anim_time*90*4-15)*2.5", 0]
				},
				"right_ear": {
					"rotation": [0, "-math.cos(q.anim_time*90*4-15)*2.5", 0]
				}
			}
		},
		"animation.growlithe_hisuian.cry": {
			"animation_length": 1,
			"bones": {
				"head": {
					"rotation": {
						"0.0": [0, 0, 0],
						"0.2083": {
							"pre": [2.5, 0, 0],
							"post": [2.5, 0, 0],
							"lerp_mode": "catmullrom"
						},
						"0.5": {
							"post": [-5, 0, 0],
							"lerp_mode": "catmullrom"
						},
						"0.75": {
							"post": [-5, 0, 0],
							"lerp_mode": "catmullrom"
						},
						"1.0": [0, 0, 0]
					}
				},
				"jaw": {
					"rotation": {
						"0.0": [0, 0, 0],
						"0.0833": {
							"pre": [0, 0, 0],
							"post": [0, 0, 0],
							"lerp_mode": "catmullrom"
						},
						"0.25": {
							"post": [40, 0, 0],
							"lerp_mode": "catmullrom"
						},
						"0.75": {
							"post": [50, 0, 0],
							"lerp_mode": "catmullrom"
						},
						"1.0": [0, 0, 0]
					}
				}
			}
		},
		"animation.growlithe_hisuian.recoil": {
			"animation_length": 1,
			"bones": {
				"body": {
					"position": {
						"0.0": [0, -0.5, 0],
						"1.0": [0, -0.5, 0]
					}
				},
				"torso": {
					"rotation": {
						"0.0": [1, 0, 0],
						"0.0833": {
							"pre": [10, 5, 0],
							"post": [10, 5, 0],
							"lerp_mode": "catmullrom"
						},
						"0.5": {
							"post": [10, 7.5, 0],
							"lerp_mode": "catmullrom"
						},
						"1.0": [1, 0, 0]
					},
					"position": {
						"0.0": [0, 0, 0],
						"1.0": [0, 0, 0]
					}
				},
				"upper_torso": {
					"rotation": {
						"0.0": [-3, 0, 0],
						"0.125": {
							"pre": [-5, 10, 0],
							"post": [-5, 10, 0],
							"lerp_mode": "catmullrom"
						},
						"0.5": {
							"post": [-5, 15, 0],
							"lerp_mode": "catmullrom"
						},
						"1.0": [-3, 0, 0]
					}
				},
				"head": {
					"rotation": {
						"0.0": [0, 0, 0],
						"0.2083": {
							"pre": [17.5, 27.5, 0],
							"post": [17.5, 27.5, 0],
							"lerp_mode": "catmullrom"
						},
						"0.75": {
							"post": [17.5, 30, 0],
							"lerp_mode": "catmullrom"
						},
						"1.0": [0, 0, 0]
					}
				},
				"left_shoulder": {
					"rotation": {
						"0.0": [7.5, 0, 0],
						"0.1667": {
							"pre": [30, 10, 0],
							"post": [30, 10, 0],
							"lerp_mode": "catmullrom"
						},
						"0.625": {
							"post": [30, 10, 0],
							"lerp_mode": "catmullrom"
						},
						"0.75": {
							"post": [7.5, 0, 0],
							"lerp_mode": "catmullrom"
						},
						"1.0": [7.5, 0, 0]
					},
					"position": {
						"0.0": [0, 0, 0],
						"0.1667": {
							"pre": [-0.5, 0, 0],
							"post": [-0.5, 0, 0],
							"lerp_mode": "catmullrom"
						},
						"0.625": {
							"post": [-0.5, 0, 0],
							"lerp_mode": "catmullrom"
						},
						"0.75": {
							"post": [0, 0, 0],
							"lerp_mode": "catmullrom"
						},
						"1.0": [0, 0, 0]
					}
				},
				"left_elbow": {
					"rotation": {
						"0.0": [-15, 0, 0],
						"0.25": {
							"pre": [-42.5, 0, 0],
							"post": [-42.5, 0, 0],
							"lerp_mode": "catmullrom"
						},
						"0.625": {
							"post": [-42.5, 0, 0],
							"lerp_mode": "catmullrom"
						},
						"0.7917": {
							"post": [-15, 0, 0],
							"lerp_mode": "catmullrom"
						},
						"1.0": [-15, 0, 0]
					}
				},
				"left_frontpaw": {
					"rotation": {
						"0.0": [7.5, 0, 0],
						"0.25": {
							"pre": [30, 0, 0],
							"post": [30, 0, 0],
							"lerp_mode": "catmullrom"
						},
						"0.625": {
							"post": [30, 0, 0],
							"lerp_mode": "catmullrom"
						},
						"0.7917": {
							"post": [7.5, 0, 0],
							"lerp_mode": "catmullrom"
						},
						"1.0": [7.5, 0, 0]
					}
				},
				"right_shoulder": {
					"rotation": {
						"0.0": [7.5, 0, 0],
						"0.0833": {
							"pre": [20, 5, 0],
							"post": [20, 5, 0],
							"lerp_mode": "catmullrom"
						},
						"0.1667": {
							"post": [20, 10, 0],
							"lerp_mode": "catmullrom"
						},
						"0.6667": {
							"post": [20, 10, 0],
							"lerp_mode": "catmullrom"
						},
						"1.0": [7.5, 0, 0]
					},
					"position": {
						"0.0": [0, 0, 0],
						"0.1667": {
							"pre": [-2, -0.5, 1.5],
							"post": [-2, -0.5, 1.5],
							"lerp_mode": "catmullrom"
						},
						"0.6667": {
							"post": [-2, -0.5, 1.75],
							"lerp_mode": "catmullrom"
						},
						"1.0": [0, 0, 0]
					}
				},
				"right_elbow": {
					"rotation": {
						"0.0": [-15, 0, 0],
						"0.0833": {
							"pre": [-32.5, 0, 0],
							"post": [-32.5, 0, 0],
							"lerp_mode": "catmullrom"
						},
						"0.1667": {
							"post": [-25, 0, 0],
							"lerp_mode": "catmullrom"
						},
						"0.5": {
							"post": [-27, 0, 0],
							"lerp_mode": "catmullrom"
						},
						"0.75": {
							"post": [-25, 0, 0],
							"lerp_mode": "catmullrom"
						},
						"1.0": [-15, 0, 0]
					}
				},
				"right_frontpaw": {
					"rotation": {
						"0.0": [7.5, 0, 0],
						"0.25": {
							"pre": [5, 0, 0],
							"post": [5, 0, 0],
							"lerp_mode": "catmullrom"
						},
						"0.75": {
							"post": [5, 0, 0],
							"lerp_mode": "catmullrom"
						},
						"1.0": [7.5, 0, 0]
					}
				},
				"left_thigh": {
					"rotation": {
						"0.0": [-2.5, 0, 0],
						"1.0": [-2.5, 0, 0]
					}
				},
				"left_knee": {
					"rotation": {
						"0.0": [5, 0, 0],
						"1.0": [5, 0, 0]
					}
				},
				"left_ankle": {
					"rotation": [-2.5, 0, 0]
				},
				"left_foot": {
					"rotation": {
						"0.0": [0, 0, 0],
						"1.0": [0, 0, 0]
					}
				},
				"right_thigh": {
					"rotation": {
						"0.0": [-2.5, 0, 0],
						"0.1667": {
							"pre": [7.5, 5, 0],
							"post": [7.5, 5, 0],
							"lerp_mode": "catmullrom"
						},
						"0.75": {
							"post": [7.5, 5, 0],
							"lerp_mode": "catmullrom"
						},
						"1.0": [-2.5, 0, 0]
					}
				},
				"right_knee": {
					"rotation": {
						"0.0": [5, 0, 0],
						"0.25": {
							"pre": [0, 0, 0],
							"post": [0, 0, 0],
							"lerp_mode": "catmullrom"
						},
						"0.5": {
							"post": [0, 0, 0],
							"lerp_mode": "catmullrom"
						},
						"1.0": [5, 0, 0]
					}
				},
				"right_ankle": {
					"rotation": {
						"0.0": [-2.5, 0, 0],
						"1.0": [-2.5, 0, 0]
					}
				},
				"neck": {
					"rotation": {
						"0.0": [0, 0, 0],
						"0.1667": {
							"pre": [0, 17.5, 0],
							"post": [0, 17.5, 0],
							"lerp_mode": "catmullrom"
						},
						"0.75": {
							"post": [0, 17.5, 0],
							"lerp_mode": "catmullrom"
						},
						"1.0": [0, 0, 0]
					}
				},
				"jaw": {
					"rotation": {
						"0.0": [0, 0, 0],
						"0.125": {
							"pre": [30, 0, 0],
							"post": [30, 0, 0],
							"lerp_mode": "catmullrom"
						},
						"0.5": {
							"post": [20, 0, 0],
							"lerp_mode": "catmullrom"
						},
						"0.8333": {
							"post": [0, 0, 0],
							"lerp_mode": "catmullrom"
						},
						"1.0": [0, 0, 0]
					}
				},
				"right_foot": {
					"rotation": {
						"0.0": [0, 0, 0],
						"0.25": {
							"pre": [-5, 0, 0],
							"post": [-5, 0, 0],
							"lerp_mode": "catmullrom"
						},
						"0.5": {
							"post": [-5, 0, 0],
							"lerp_mode": "catmullrom"
						},
						"1.0": [0, 0, 0]
					}
				},
				"tail": {
					"rotation": {
						"0.0": [0, 0, 0],
						"1.0": [0, 0, 0]
					}
				}
			}
		},
		"animation.growlithe_hisuian.battle_idle": {
			"loop": true,
			"bones": {
				"torso": {
					"rotation": ["20-math.cos(q.anim_time*90*4-15)*0.5", 0, 0],
					"position": [0, -0.5, 0]
				},
				"upper_torso": {
					"rotation": [-10, 0, 0]
				},
				"neck": {
					"rotation": [12.5, 0, 0]
				},
				"head": {
					"rotation": ["-22.5+math.sin(q.anim_time*90*4-15)*1", 0, 0]
				},
				"jaw": {
					"rotation": ["45-math.cos(q.anim_time*90*4-15)*5", 0, 0]
				},
				"left_ear": {
					"rotation": [0, "-math.cos(q.anim_time*90*4-15)*5", 0]
				},
				"right_ear": {
					"rotation": [0, "math.cos(q.anim_time*90*4-15)*2.5", 0]
				},
				"left_chest_fluff": {
					"rotation": ["-math.sin(q.anim_time*90*4-15)*1", 0, 0]
				},
				"right_chest_fluff": {
					"rotation": ["-math.sin(q.anim_time*90*4-15)*1", 0, 0]
				},
				"bottom_chest_fluff": {
					"rotation": ["-math.sin(q.anim_time*90*4-15)*1", 0, 0]
				},
				"tail": {
					"rotation": ["-5-math.sin(q.anim_time*90*4-15)*1.5", 0, "math.cos(q.anim_time*90*4-15)*1"]
				},
				"left_shoulder": {
					"rotation": [0, -15, 0],
					"position": [0.75, -2.25, -0.5]
				},
				"left_elbow": {
					"rotation": [-47.5, 0, 0]
				},
				"left_frontpaw": {
					"rotation": [47.5, 0, 0]
				},
				"right_shoulder": {
					"rotation": [-37.23302, 15, 0.78176],
					"position": [-0.75, -3.5, 1.25]
				},
				"right_elbow": {
					"rotation": [-32.5, 0, 0]
				},
				"right_frontpaw": {
					"rotation": [70, 0, 0],
					"position": [0, 0, 0]
				},
				"left_thigh": {
					"rotation": [17.34806, -5.51805, 0.88749]
				},
				"left_knee": {
					"rotation": [-15, 0, 0]
				},
				"left_ankle": {
					"rotation": [-5, 0, 0]
				},
				"left_foot": {
					"rotation": [2.5, 0, 0]
				},
				"right_thigh": {
					"rotation": [-19.85955, 5.5515, 0.64522]
				},
				"right_knee": {
					"rotation": [10, 0, 0]
				},
				"right_ankle": {
					"rotation": [10, 0, 0]
				}
			}
		},
		"animation.growlithe_hisuian.special": {
			"animation_length": 2.25,
			"bones": {
				"torso": {
					"rotation": {
						"0.0": [20, 0, 0],
						"0.3333": {
							"pre": [20, 0, 0],
							"post": [20, 0, 0],
							"lerp_mode": "catmullrom"
						},
						"0.7083": {
							"post": [-22.5, 0, 0],
							"lerp_mode": "catmullrom"
						},
						"0.875": {
							"post": [-22.5, 0, 0],
							"lerp_mode": "catmullrom"
						},
						"1.1667": {
							"post": [25, 0, 0],
							"lerp_mode": "catmullrom"
						},
						"1.3333": {
							"post": [20, 0, 0],
							"lerp_mode": "catmullrom"
						},
						"1.75": {
							"post": [20, 0, 0],
							"lerp_mode": "catmullrom"
						},
						"2.25": [20, 0, 0]
					},
					"position": {
						"0.0": [0, -0.5, 0],
						"0.3333": {
							"pre": [0, -0.5, 0],
							"post": [0, -0.5, 0],
							"lerp_mode": "catmullrom"
						},
						"0.7083": {
							"post": [0, 0, 0],
							"lerp_mode": "catmullrom"
						},
						"0.875": {
							"post": [0, 0, 0],
							"lerp_mode": "catmullrom"
						},
						"1.3333": {
							"post": [0, -0.5, 0],
							"lerp_mode": "catmullrom"
						},
						"2.25": [0, -0.5, 0]
					}
				},
				"upper_torso": {
					"rotation": {
						"0.0": [-10, 0, 0],
						"0.3333": {
							"pre": [-10, 0, 0],
							"post": [-10, 0, 0],
							"lerp_mode": "catmullrom"
						},
						"0.625": {
							"post": [-10, 0, 0],
							"lerp_mode": "catmullrom"
						},
						"0.875": {
							"post": [0, 0, 0],
							"lerp_mode": "catmullrom"
						},
						"1.1667": {
							"post": [-10, 0, 0],
							"lerp_mode": "catmullrom"
						},
						"1.3333": {
							"post": [-15, 0, 0],
							"lerp_mode": "catmullrom"
						},
						"1.75": {
							"post": [-15, 0, 0],
							"lerp_mode": "catmullrom"
						},
						"2.25": [-10, 0, 0]
					}
				},
				"neck": {
					"rotation": [12.5, 0, 0]
				},
				"head": {
					"rotation": {
						"0.0": [-22.5, 0, 0],
						"0.3333": {
							"pre": [-22.5, 0, 0],
							"post": [-22.5, 0, 0],
							"lerp_mode": "catmullrom"
						},
						"0.5417": {
							"post": [0, 0, 0],
							"lerp_mode": "catmullrom"
						},
						"1.0": {
							"post": [-40, 0, 0],
							"lerp_mode": "catmullrom"
						},
						"1.3333": {
							"post": [-25, 0, 0],
							"lerp_mode": "catmullrom"
						},
						"1.6667": {
							"post": [-30, 0, 0],
							"lerp_mode": "catmullrom"
						},
						"2.0": {
							"post": [-30, 0, 0],
							"lerp_mode": "catmullrom"
						},
						"2.25": [-22.5, 0, 0]
					}
				},
				"jaw": {
					"rotation": {
						"0.0": [45, 0, 0],
						"0.3333": {
							"pre": [45, 0, 0],
							"post": [45, 0, 0],
							"lerp_mode": "catmullrom"
						},
						"0.5417": {
							"post": [15, 0, 0],
							"lerp_mode": "catmullrom"
						},
						"1.0": {
							"post": [15, 0, 0],
							"lerp_mode": "catmullrom"
						},
						"1.25": {
							"post": [65, 0, 0],
							"lerp_mode": "catmullrom"
						},
						"2.0": {
							"post": [70, 0, 0],
							"lerp_mode": "catmullrom"
						},
						"2.25": [45, 0, 0]
					}
				},
				"left_ear": {
					"rotation": [0, 0, 0]
				},
				"right_ear": {
					"rotation": [0, 0, 0]
				},
				"tail": {
					"rotation": {
						"0.0": [-5, 0, 0],
						"0.75": {
							"pre": [5, 0, 0],
							"post": [5, 0, 0],
							"lerp_mode": "catmullrom"
						},
						"1.0": {
							"post": [-15, 0, 0],
							"lerp_mode": "catmullrom"
						},
						"1.25": {
							"post": [-5, 0, 0],
							"lerp_mode": "catmullrom"
						},
						"1.5": {
							"post": [-17.5, 0, 0],
							"lerp_mode": "catmullrom"
						},
						"2.0": {
							"post": [-5, 0, 0],
							"lerp_mode": "catmullrom"
						},
						"2.25": [-5, 0, 0]
					}
				},
				"left_shoulder": {
					"rotation": {
						"0.0": [0, -15, 0],
						"0.3333": {
							"pre": [0, -15, 0],
							"post": [0, -15, 0],
							"lerp_mode": "catmullrom"
						},
						"0.75": {
							"post": [20, -15, 0],
							"lerp_mode": "catmullrom"
						},
						"0.9583": {
							"post": [25, -15, 0],
							"lerp_mode": "catmullrom"
						},
						"1.1667": {
							"post": [0, -15, 0],
							"lerp_mode": "catmullrom"
						},
						"1.3333": {
							"post": [0, -15, 0],
							"lerp_mode": "catmullrom"
						},
						"2.25": [0, -15, 0]
					},
					"position": {
						"0.0": [0.75, -2.25, -0.5],
						"0.3333": {
							"pre": [0.75, -2.25, -0.5],
							"post": [0.75, -2.25, -0.5],
							"lerp_mode": "catmullrom"
						},
						"0.75": {
							"post": [0.75, 3.75, 0],
							"lerp_mode": "catmullrom"
						},
						"0.9583": {
							"post": [0.75, 1.56, 0.06],
							"lerp_mode": "catmullrom"
						},
						"1.1667": {
							"post": [0.75, -3.25, 0],
							"lerp_mode": "catmullrom"
						},
						"1.3333": {
							"post": [0.75, -2.25, -0.5],
							"lerp_mode": "catmullrom"
						},
						"2.25": [0.75, -2.25, -0.5]
					}
				},
				"left_elbow": {
					"rotation": {
						"0.0": [-47.5, 0, 0],
						"0.3333": {
							"pre": [-47.5, 0, 0],
							"post": [-47.5, 0, 0],
							"lerp_mode": "catmullrom"
						},
						"0.75": {
							"post": [-45, 0, 0],
							"lerp_mode": "catmullrom"
						},
						"0.9583": {
							"post": [-35, 0, 0],
							"lerp_mode": "catmullrom"
						},
						"1.1667": {
							"post": [-65, 0, 0],
							"lerp_mode": "catmullrom"
						},
						"1.3333": {
							"post": [-47.5, 0, 0],
							"lerp_mode": "catmullrom"
						},
						"2.25": [-47.5, 0, 0]
					}
				},
				"left_frontpaw": {
					"rotation": {
						"0.0": [47.5, 0, 0],
						"0.3333": [47.5, 0, 0],
						"0.9583": [52.5, 0, 0],
						"1.1667": [64.72, 0, 0],
						"1.3333": [47.5, 0, 0],
						"2.25": [47.5, 0, 0]
					}
				},
				"right_shoulder": {
					"rotation": {
						"0.0": [-37.23302, 15, 0.78176],
						"0.3333": {
							"pre": [-37.23, 15, 0.78],
							"post": [-37.23, 15, 0.78],
							"lerp_mode": "catmullrom"
						},
						"0.75": {
							"post": [0, 15, 0.78],
							"lerp_mode": "catmullrom"
						},
						"0.9583": {
							"post": [0, 15, 0.78],
							"lerp_mode": "catmullrom"
						},
						"1.1667": {
							"post": [-37.23, 15, 0.78],
							"lerp_mode": "catmullrom"
						},
						"1.3333": {
							"post": [-37.23, 15, 0.78],
							"lerp_mode": "catmullrom"
						},
						"2.25": [-37.23, 15, 0.78]
					},
					"position": {
						"0.0": [-0.75, -3.5, 1.25],
						"0.3333": {
							"pre": [-0.75, -3.5, 1.25],
							"post": [-0.75, -3.5, 1.25],
							"lerp_mode": "catmullrom"
						},
						"0.75": {
							"post": [-0.75, 2.5, 1.75],
							"lerp_mode": "catmullrom"
						},
						"1.0": {
							"post": [-0.75, -0.5, 1.25],
							"lerp_mode": "catmullrom"
						},
						"1.1667": {
							"post": [-0.75, -3.8, 1.25],
							"lerp_mode": "catmullrom"
						},
						"1.3333": {
							"post": [-0.75, -3.5, 1.25],
							"lerp_mode": "catmullrom"
						},
						"2.25": [-0.75, -3.5, 1.25]
					}
				},
				"right_elbow": {
					"rotation": {
						"0.0": [-32.5, 0, 0],
						"0.3333": {
							"pre": [-35, 0, 0],
							"post": [-35, 0, 0],
							"lerp_mode": "catmullrom"
						},
						"0.75": {
							"post": [-45, 0, 0],
							"lerp_mode": "catmullrom"
						},
						"0.9583": {
							"post": [-30, 0, 0],
							"lerp_mode": "catmullrom"
						},
						"1.1667": {
							"post": [-37.5, 0, 0],
							"lerp_mode": "catmullrom"
						},
						"1.3333": {
							"post": [-32.5, 0, 0],
							"lerp_mode": "catmullrom"
						},
						"2.25": [-32.5, 0, 0]
					}
				},
				"right_frontpaw": {
					"rotation": {
						"0.0": [70, 0, 0],
						"0.3333": {
							"pre": [72.5, 0, 0],
							"post": [72.5, 0, 0],
							"lerp_mode": "catmullrom"
						},
						"0.9583": {
							"post": [60, 0, 0],
							"lerp_mode": "catmullrom"
						},
						"1.1667": {
							"post": [75, 0, 0],
							"lerp_mode": "catmullrom"
						},
						"1.3333": {
							"post": [69.23, 0, 0],
							"lerp_mode": "catmullrom"
						},
						"2.25": [70, 0, 0]
					},
					"position": [0, 0, 0]
				},
				"left_thigh": {
					"rotation": {
						"0.0": [17.34806, -5.51805, 0.88749],
						"0.3333": {
							"pre": [17.34806, -5.51805, 0.88749],
							"post": [17.34806, -5.51805, 0.88749],
							"lerp_mode": "catmullrom"
						},
						"0.75": {
							"post": [19.84806, -5.51805, 0.88749],
							"lerp_mode": "catmullrom"
						},
						"1.1667": {
							"post": [17.34806, -5.51805, 0.88749],
							"lerp_mode": "catmullrom"
						},
						"2.25": [17.34806, -5.51805, 0.88749]
					},
					"position": {
						"0.0": [0, 0, 0],
						"0.3333": {
							"pre": [0, 0, 0],
							"post": [0, 0, 0],
							"lerp_mode": "catmullrom"
						},
						"0.75": {
							"post": [0, 0.5, 0],
							"lerp_mode": "catmullrom"
						},
						"1.1667": {
							"post": [0, 0, 0],
							"lerp_mode": "catmullrom"
						},
						"2.25": [0, 0, 0]
					}
				},
				"left_knee": {
					"rotation": {
						"0.0": [-15, 0, 0],
						"0.3333": {
							"pre": [-15, 0, 0],
							"post": [-15, 0, 0],
							"lerp_mode": "catmullrom"
						},
						"0.75": {
							"post": [-22.5, 0, 0],
							"lerp_mode": "catmullrom"
						},
						"1.1667": {
							"post": [-15, 0, 0],
							"lerp_mode": "catmullrom"
						},
						"2.25": [-15, 0, 0]
					}
				},
				"left_ankle": {
					"rotation": [-5, 0, 0]
				},
				"left_foot": {
					"rotation": {
						"0.0": [2.5, 0, 0],
						"0.3333": {
							"pre": [2.5, 0, 0],
							"post": [2.5, 0, 0],
							"lerp_mode": "catmullrom"
						},
						"0.75": {
							"post": [10, 0, 0],
							"lerp_mode": "catmullrom"
						},
						"1.1667": {
							"post": [2.5, 0, 0],
							"lerp_mode": "catmullrom"
						},
						"2.25": [2.5, 0, 0]
					}
				},
				"right_thigh": {
					"rotation": {
						"0.0": [-19.85955, 5.5515, 0.64522],
						"0.3333": {
							"pre": [-19.85955, 5.5515, 0.64522],
							"post": [-19.85955, 5.5515, 0.64522],
							"lerp_mode": "catmullrom"
						},
						"0.75": {
							"post": [-12.35955, 5.5515, 0.64522],
							"lerp_mode": "catmullrom"
						},
						"1.1667": {
							"post": [-19.85955, 5.5515, 0.64522],
							"lerp_mode": "catmullrom"
						},
						"2.25": [-19.85955, 5.5515, 0.64522]
					},
					"position": {
						"0.0": [0, 0, 0],
						"0.3333": {
							"pre": [0, 0, 0],
							"post": [0, 0, 0],
							"lerp_mode": "catmullrom"
						},
						"0.75": {
							"post": [0, 0.5, 0],
							"lerp_mode": "catmullrom"
						},
						"1.1667": {
							"post": [0, 0, 0],
							"lerp_mode": "catmullrom"
						},
						"2.25": [0, 0, 0]
					}
				},
				"right_knee": {
					"rotation": {
						"0.0": [10, 0, 0],
						"0.3333": {
							"pre": [10, 0, 0],
							"post": [10, 0, 0],
							"lerp_mode": "catmullrom"
						},
						"0.75": {
							"post": [0, 0, 0],
							"lerp_mode": "catmullrom"
						},
						"1.1667": {
							"post": [10, 0, 0],
							"lerp_mode": "catmullrom"
						},
						"2.25": [10, 0, 0]
					}
				},
				"right_ankle": {
					"rotation": [10, 0, 0]
				},
				"right_foot": {
					"rotation": {
						"0.0": [0, 0, 0],
						"0.3333": {
							"pre": [0, 0, 0],
							"post": [0, 0, 0],
							"lerp_mode": "catmullrom"
						},
						"0.75": {
							"post": [2.5, 0, 0],
							"lerp_mode": "catmullrom"
						},
						"1.1667": {
							"post": [0, 0, 0],
							"lerp_mode": "catmullrom"
						},
						"2.25": [0, 0, 0]
					}
				}
			}
		},
		"animation.growlithe_hisuian.physical": {
			"animation_length": 1.25,
			"bones": {
				"torso": {
					"rotation": [20, 0, 0],
					"position": [0, -0.5, 0]
				},
				"upper_torso": {
					"rotation": [-10, 0, 0]
				},
				"neck": {
					"rotation": [12.5, 0, 0]
				},
				"head": {
					"rotation": {
						"0.0": [-22.5, 0, 0],
						"0.25": [-22.5, 0, 0],
						"0.5833": {
							"pre": [-35, 0, 0],
							"post": [-35, 0, 0],
							"lerp_mode": "catmullrom"
						},
						"0.8333": {
							"post": [-35, 0, 0],
							"lerp_mode": "catmullrom"
						},
						"1.0": [-20, 0, 0],
						"1.125": [-20, 0, 0],
						"1.25": [-22.5, 0, 0]
					}
				},
				"jaw": {
					"rotation": {
						"0.0": [45, 0, 0],
						"0.25": [45, 0, 0],
						"0.5833": {
							"pre": [65, 0, 0],
							"post": [65, 0, 0],
							"lerp_mode": "catmullrom"
						},
						"0.8333": {
							"post": [65, 0, 0],
							"lerp_mode": "catmullrom"
						},
						"1.0": [10, 0, 0],
						"1.125": [10, 0, 0],
						"1.25": [45, 0, 0]
					}
				},
				"left_ear": {
					"rotation": [0, 0, 0]
				},
				"right_ear": {
					"rotation": [0, 0, 0]
				},
				"tail": {
					"rotation": [-5, 0, 0]
				},
				"left_shoulder": {
					"rotation": [0, -15, 0],
					"position": [0.75, -2.25, -0.5]
				},
				"left_elbow": {
					"rotation": [-47.5, 0, 0]
				},
				"left_frontpaw": {
					"rotation": [47.5, 0, 0]
				},
				"right_shoulder": {
					"rotation": [-37.23302, 15, 0.78176],
					"position": [-0.75, -3.5, 1.25]
				},
				"right_elbow": {
					"rotation": [-32.5, 0, 0]
				},
				"right_frontpaw": {
					"rotation": [70, 0, 0],
					"position": [0, 0, 0]
				},
				"left_thigh": {
					"rotation": [17.34806, -5.51805, 0.88749]
				},
				"left_knee": {
					"rotation": [-15, 0, 0]
				},
				"left_ankle": {
					"rotation": [-5, 0, 0]
				},
				"left_foot": {
					"rotation": [2.5, 0, 0]
				},
				"right_thigh": {
					"rotation": [-19.85955, 5.5515, 0.64522]
				},
				"right_knee": {
					"rotation": [10, 0, 0]
				},
				"right_ankle": {
					"rotation": [10, 0, 0]
				},
				"body": {
					"position": [0, 0, 0]
				}
			}
		},
		"animation.growlithe_hisuian.ground_walk": {
			"loop": true,
			"animation_length": 2,
			"bones": {
				"body": {
					"position": [0, -0.5, 0]
				},
				"torso": {
					"rotation": ["1+math.sin(q.anim_time*180*4-15)*1", 0, 0],
					"position": [0, "-0.5+math.cos(q.anim_time*180*4-15)*0.1", 0]
				},
				"head": {
					"rotation": ["math.sin(q.anim_time*180*4-15)*1", 0, 0]
				},
				"left_chest_fluff": {
					"rotation": ["-math.sin(q.anim_time*180*4-15)*1", 0, 0]
				},
				"right_chest_fluff": {
					"rotation": ["-math.sin(q.anim_time*180*4-15)*1", 0, 0]
				},
				"bottom_chest_fluff": {
					"rotation": ["-math.sin(q.anim_time*180*4-15)*1", 0, 0]
				},
				"tail": {
					"rotation": ["-math.sin(q.anim_time*180*4-15)*1", 0, "-math.cos(q.anim_time*180*4-15)*1"]
				},
				"left_shoulder": {
					"rotation": ["-math.cos((q.anim_time-0.1)*90*4+60)*20", 0, 0],
					"position": [0, "-math.sin(q.anim_time*90*4)*0.25", 0]
				},
				"left_elbow": {
					"rotation": ["-20+math.cos(q.anim_time*90*4-30)*15", 0, 0]
				},
				"left_frontpaw": {
					"rotation": ["5+math.sin(q.anim_time*90*4-30)*10", 0, 0]
				},
				"right_shoulder": {
					"rotation": ["math.sin((q.anim_time+0.1)*90*4+30)*20", 0, 0],
					"position": [0, "-math.sin(q.anim_time*90*4)*0.25", 0]
				},
				"right_elbow": {
					"rotation": ["-20-math.sin(q.anim_time*90*4-30)*20", 0, 0]
				},
				"right_frontpaw": {
					"rotation": ["5-math.cos(q.anim_time*90*4-30)*10", 0, 0]
				},
				"left_thigh": {
					"rotation": ["math.cos((q.anim_time+0.1)*90*4+30)*20 ", 0, 0],
					"position": [0, "-math.cos(q.anim_time*90*4-15)*0.25", 0]
				},
				"left_knee": {
					"rotation": ["10+math.sin(q.anim_time*90*4+30)*10", 0, 0]
				},
				"left_ankle": {
					"rotation": [-2.5, 0, 0]
				},
				"left_foot": {
					"rotation": ["10-math.sin(q.anim_time*90*4)*10", 0, 0]
				},
				"right_thigh": {
					"rotation": ["math.sin((q.anim_time-0.1)*90*4+60)*20", 0, 0],
					"position": [0, "-math.cos(q.anim_time*90*4-15)*0.25", 0]
				},
				"right_knee": {
					"rotation": ["10-math.cos(q.anim_time*90*4+30)*10", 0, 0]
				},
				"right_ankle": {
					"rotation": [-2.5, 0, 0]
				},
				"left_ear": {
					"rotation": [0, "-math.cos(q.anim_time*90*4-15)*2.5", 0]
				},
				"right_ear": {
					"rotation": [0, "-math.cos(q.anim_time*90*4-15)*2.5", 0]
				},
				"jaw": {
					"rotation": ["15-math.cos(q.anim_time*180*4-15)*1", 0, 0]
				},
				"right_foot": {
					"rotation": ["10+math.cos(q.anim_time*90*4)*10", 0, 0]
				}
			}
		}
	}
}