{
	"format_version": "1.12.0",
	"minecraft:geometry": [
		{
			"description": {
				"identifier": "geometry.wurmple",
				"texture_width": 64,
				"texture_height": 64,
				"visible_bounds_width": 4,
				"visible_bounds_height": 4,
				"visible_bounds_offset": [0, 1, 0]
			},
			"bones": [
				{
					"name": "wurmple",
					"pivot": [0, 0, 0]
				},
				{
					"name": "body",
					"parent": "wurmple",
					"pivot": [0, 0, -5]
				},
				{
					"name": "neck",
					"parent": "body",
					"pivot": [0, 3, -6],
					"rotation": [-70, 0, 0],
					"cubes": [
						{"origin": [-3, 0, -12], "size": [6, 6, 6], "uv": [24, 12]},
						{"origin": [3, 4.5, -10], "size": [1, 0, 3], "uv": [-3, 12]},
						{"origin": [-4, 4.5, -10], "size": [1, 0, 3], "uv": [-3, 12], "mirror": true},
						{"origin": [0, 5.7, -11.8], "size": [0, 2, 3], "pivot": [0, 6.7, -10.3], "rotation": [10, 0, 0], "uv": [6, 15]},
						{"origin": [-2.5, 2.5, -13.5], "size": [5, 3, 2], "uv": [50, 33]}
					]
				},
				{
					"name": "head",
					"parent": "neck",
					"pivot": [0, 5, -12],
					"rotation": [70, 0, 0],
					"cubes": [
						{"origin": [-3.5, 5, -17], "size": [7, 6, 6], "uv": [0, 0]},
						{"origin": [0, 6.7, -11.8], "size": [0, 2, 3], "pivot": [0, 7.7, -10.3], "rotation": [-80, 0, 0], "uv": [6, 15]},
						{"origin": [0.3473, 3.4258, -18.68618], "size": [4, 4, 4], "pivot": [2, 3.7, -20.4], "rotation": [7.5, -10, 0], "uv": [26, 0]},
						{"origin": [-4.3473, 3.4258, -18.68618], "size": [4, 4, 4], "pivot": [-2, 3.7, -20.4], "rotation": [7.5, 10, 0], "uv": [24, 35]},
						{"origin": [-1.5, 9.06343, -14.30466], "size": [3, 5, 3], "pivot": [0.5, 8.5, -13.5], "rotation": [-20, 0, 0], "uv": [40, 35]},
						{"origin": [-1, 14.06343, -13.80466], "size": [2, 3, 2], "pivot": [0.5, 8.5, -13.5], "rotation": [-20, 0, 0], "uv": [40, 43]},
						{"origin": [0, 9.80602, -16.49115], "size": [0, 3, 2], "pivot": [0, 8.5, -18], "rotation": [17.5, 0, 0], "uv": [48, 19]}
					]
				},
				{
					"name": "eye_right",
					"parent": "head",
					"pivot": [-4, 6.5, -16.5],
					"cubes": [
						{"origin": [-4, 6.5, -15.5], "size": [1, 3, 3], "uv": [24, 43], "mirror": true}
					]
				},
				{
					"name": "eye_right2",
					"parent": "eye_right",
					"pivot": [-4, 6.5, -16.5],
					"cubes": [
						{"origin": [-4.01, 7, -15], "size": [0, 2, 2], "uv": [20, 48], "mirror": true}
					]
				},
				{
					"name": "sleep_right",
					"parent": "eye_right",
					"pivot": [-3, 6.5, -16.5],
					"cubes": [
						{"origin": [-3.01, 7.5, -15], "size": [0, 2, 2], "pivot": [-3.01, 8.5, -14], "rotation": [7.5, 0, 0], "uv": [20, 50], "mirror": true}
					]
				},
				{
					"name": "eye_left",
					"parent": "head",
					"pivot": [4, 6.5, -16.5],
					"cubes": [
						{"origin": [3, 6.5, -15.5], "size": [1, 3, 3], "uv": [24, 43]}
					]
				},
				{
					"name": "eye_left2",
					"parent": "eye_left",
					"pivot": [4, 6.5, -16.5],
					"cubes": [
						{"origin": [4.01, 7, -15], "size": [0, 2, 2], "uv": [20, 48]}
					]
				},
				{
					"name": "sleep_left",
					"parent": "eye_left",
					"pivot": [3, 6.5, -16.5],
					"cubes": [
						{"origin": [3.01, 7.5, -15], "size": [0, 2, 2], "pivot": [3.01, 8.5, -14], "rotation": [7.5, 0, 0], "uv": [20, 50]}
					]
				},
				{
					"name": "arm10",
					"parent": "neck",
					"pivot": [-2.5, 0, -8],
					"cubes": [
						{"origin": [-3.5, -2, -9], "size": [2, 2, 2], "uv": [8, 48]}
					]
				},
				{
					"name": "arm4",
					"parent": "neck",
					"pivot": [2.5, 0, -8],
					"cubes": [
						{"origin": [1.5, -2, -9], "size": [2, 2, 2], "uv": [8, 44]}
					]
				},
				{
					"name": "seg1",
					"parent": "body",
					"pivot": [0, 3, -6],
					"cubes": [
						{"origin": [-3, 0, -6], "size": [6, 6, 6], "uv": [0, 12]},
						{"origin": [0, 6, -3], "size": [0, 2, 3], "uv": [0, 13]}
					]
				},
				{
					"name": "arm9",
					"parent": "seg1",
					"pivot": [-2.5, 1, -4],
					"rotation": [0, 0, 90],
					"cubes": [
						{"origin": [-3.5, -1, -5], "size": [2, 2, 2], "uv": [26, 8], "mirror": true}
					]
				},
				{
					"name": "arm1",
					"parent": "seg1",
					"pivot": [2.5, 1, -4],
					"rotation": [0, 0, -90],
					"cubes": [
						{"origin": [1.5, -1, -5], "size": [2, 2, 2], "uv": [26, 8]}
					]
				},
				{
					"name": "seg2",
					"parent": "seg1",
					"pivot": [0, 3, 0],
					"cubes": [
						{"origin": [-3, 0, 0], "size": [6, 6, 6], "uv": [0, 24]},
						{"origin": [3, 4.5, 0], "size": [1, 0, 3], "uv": [-3, 12]},
						{"origin": [-4, 4.5, 0], "size": [1, 0, 3], "uv": [-3, 12], "mirror": true},
						{"origin": [0, 6, 2], "size": [0, 2, 3], "uv": [0, 13]}
					]
				},
				{
					"name": "arm8",
					"parent": "seg2",
					"pivot": [-2.5, 1, 0],
					"rotation": [0, 0, 90],
					"cubes": [
						{"origin": [-3.5, -1, -1], "size": [2, 2, 2], "uv": [26, 8], "mirror": true}
					]
				},
				{
					"name": "arm7",
					"parent": "seg2",
					"pivot": [-2.5, 1, 6],
					"rotation": [0, 0, 90],
					"cubes": [
						{"origin": [-3.5, -1, 3], "size": [2, 2, 2], "uv": [26, 8], "mirror": true}
					]
				},
				{
					"name": "arm3",
					"parent": "seg2",
					"pivot": [2.5, 1, 6],
					"rotation": [0, 0, -90],
					"cubes": [
						{"origin": [1.5, -1, 3], "size": [2, 2, 2], "uv": [26, 8]}
					]
				},
				{
					"name": "arm2",
					"parent": "seg2",
					"pivot": [2.5, 1, 0],
					"rotation": [0, 0, -90],
					"cubes": [
						{"origin": [1.5, -1, -1], "size": [2, 2, 2], "uv": [26, 8]}
					]
				},
				{
					"name": "seg3",
					"parent": "seg2",
					"pivot": [0, 3, 6],
					"cubes": [
						{"origin": [-3, 0, 6], "size": [6, 6, 5], "uv": [24, 24]},
						{"origin": [3, 4.5, 6], "size": [1, 0, 3], "uv": [-3, 12]},
						{"origin": [-4, 4.5, 6], "size": [1, 0, 3], "uv": [-3, 12], "mirror": true},
						{"origin": [0, 6, 7], "size": [0, 2, 3], "uv": [0, 13]}
					]
				},
				{
					"name": "seg4",
					"parent": "seg3",
					"pivot": [0, 3, 9.6],
					"cubes": [
						{"origin": [-2.5, 0.1, 9.6], "size": [5, 5, 3], "pivot": [0.5, 3.1, 11.6], "rotation": [-30, 0, 0], "uv": [0, 36]}
					]
				},
				{
					"name": "tail_right",
					"parent": "seg4",
					"pivot": [-1.4, 4.1, 11.6],
					"rotation": [-25, 0, 0],
					"cubes": [
						{"origin": [-2.4, 4.1, 10.6], "size": [2, 6, 2], "uv": [42, 0]},
						{"origin": [-1.4, 10.1, 10.6], "size": [0, 5, 2], "uv": [16, 48]}
					]
				},
				{
					"name": "tail_left",
					"parent": "seg4",
					"pivot": [1.4, 4.1, 11.6],
					"rotation": [-25, 0, 0],
					"cubes": [
						{"origin": [0.4, 4.1, 10.6], "size": [2, 6, 2], "uv": [16, 36]},
						{"origin": [1.4, 10.1, 10.6], "size": [0, 5, 2], "uv": [48, 12]}
					]
				},
				{
					"name": "arm5",
					"parent": "seg3",
					"pivot": [2.5, 1, 8],
					"rotation": [0, 0, -90],
					"cubes": [
						{"origin": [1.5, -1, 7], "size": [2, 2, 2], "uv": [26, 8]}
					]
				},
				{
					"name": "arm6",
					"parent": "seg3",
					"pivot": [-2.5, 1, 8],
					"rotation": [0, 0, 90],
					"cubes": [
						{"origin": [-3.5, -1, 7], "size": [2, 2, 2], "uv": [26, 8], "mirror": true}
					]
				}
			]
		}
	]
}