{
 "parent": "minecraft:block/carved_pumpkin",
 "textures": {
  "layer0": "item/carved_pumpkin"
 },
 
 "overrides": [
  {"predicate": {"custom_model_data": 241}, "model": "block/custom/goomyhat"},
  {"predicate": {"custom_model_data": 242}, "model": "block/custom/psycap"},
  {"predicate": {"custom_model_data": 243}, "model": "block/custom/hoppiphat"},
  {"predicate": {"custom_model_data": 244}, "model": "block/custom/umbreoncap"},
  {"predicate": {"custom_model_data": 245}, "model": "block/custom/sylveonears"},
  {"predicate": {"custom_model_data": 246}, "model": "block/custom/meowthface"},
  {"predicate": {"custom_model_data": 247}, "model": "block/custom/meowthface_alola"},
  {"predicate": {"custom_model_data": 248}, "model": "block/custom/meowthface_galarian"},
  {"predicate": {"custom_model_data": 249}, "model": "block/custom/buneary"},
  {"predicate": {"custom_model_data": 251}, "model": "block/custom/scorbunny"},
  {"predicate": {"custom_model_data": 252}, "model": "block/custom/morelullshroom"},
  {"predicate": {"custom_model_data": 253}, "model": "block/custom/breloomshroom"},
  {"predicate": {"custom_model_data": 254}, "model": "block/custom/parasshroom"},
  {"predicate": {"custom_model_data": 255}, "model": "block/custom/toedscool"},
  {"predicate": {"custom_model_data": 256}, "model": "block/custom/staryuclip"},
  {"predicate": {"custom_model_data": 257}, "model": "block/custom/ampharos"},
  {"predicate": {"custom_model_data": 258}, "model": "block/custom/blaziken_cap"}
  

  
  
 ]
}