{
	"format_version": "1.8.0",
	"animations": {
		"animation.aromatisse.ground_idle": {
			"loop": true,
			"animation_length": 3.5,
			"loop_delay": "true",
			"bones": {
				"torso_mini": {
					"rotation": {
						"0.0": [0, 0, 2.5],
						"0.9167": [0, 0, -2.5],
						"1.625": [0, 0, 2.5],
						"2.5417": [0, 0, -2.5],
						"3.5": [0, 0, 2.5]
					}
				},
				"torso_parte": {
					"rotation": {
						"0.0": [0, 0, 2.5],
						"0.9167": [0, 0, -5],
						"1.625": [0, 0, 2.5],
						"2.5417": [0, 0, -5],
						"3.5": [0, 0, 2.5]
					}
				},
				"face": {
					"rotation": {
						"0.0": [0, 0, 2.5],
						"0.9167": [0, 0, -5],
						"1.625": [0, 0, 2.5],
						"2.5417": [0, 0, -5],
						"3.5": [0, 0, 2.5]
					}
				},
				"hands": {
					"rotation": {
						"0.0": [0, 0, 0],
						"0.9167": [0, 0, -7.5],
						"1.625": [0, 0, 0],
						"2.5417": [0, 0, -7.5],
						"3.5": [0, 0, 0]
					}
				}
			}
		},
		"animation.aromatisse.blink": {
			"animation_length": 0.25,
			"bones": {
				"eye1": {
					"position": {
						"0.0": [0, 0, 0],
						"0.25": [0, 0, 1]
					}
				},
				"eye2": {
					"position": {
						"0.0": [0, 0, 0],
						"0.25": [0, 0, 3]
					}
				}
			}
		},
		"animation.aromatisse.battle_idle": {
			"loop": true,
			"animation_length": 4,
			"bones": {
				"leg1": {
					"rotation": [0, 0, 2.5]
				},
				"leg2": {
					"position": [0, 0, -6]
				},
				"leg_parte2": {
					"rotation": [-5, 0, 0],
					"position": [0, 0, -1]
				},
				"nose": {
					"rotation": [-7.5, 0, 0],
					"position": [0, -1, -3]
				},
				"cuerno1": {
					"rotation": [0, 17.5, 0]
				},
				"cuerno2": {
					"rotation": [0, -17.5, 0]
				},
				"eye1": {
					"rotation": [0, 0, 5],
					"position": [-2, 0, 0]
				},
				"eye2": {
					"rotation": [0, 0, -5],
					"position": [2, 0, 0]
				},
				"hand1": {
					"rotation": [-27.40216, 26.66839, -49.11421],
					"position": [8, 8, -7]
				}
			}
		},
		"animation.aromatisse.pose": {
			"loop": true,
			"animation_length": 4,
			"bones": {
				"leg1": {
					"rotation": [0, 0, 2.5]
				},
				"leg2": {
					"position": [0, 0, -6]
				},
				"leg_parte2": {
					"rotation": [-5, 0, 0],
					"position": [0, 0, -1]
				},
				"nose": {
					"rotation": [-7.5, 0, 0],
					"position": [0, -1, -3]
				},
				"cuerno1": {
					"rotation": [0, 17.5, 0]
				},
				"cuerno2": {
					"rotation": [0, -17.5, 0]
				},
				"eye1": {
					"rotation": [0, 0, 5],
					"position": [-2, 0, 0]
				},
				"eye2": {
					"rotation": [0, 0, -5],
					"position": [2, 0, 0]
				},
				"hand1": {
					"rotation": [-27.40216, 26.66839, -49.11421],
					"position": [8, 8, -7]
				}
			}
		},
		"animation.aromatisse.ground_walk": {
			"loop": true,
			"animation_length": 1.5,
			"loop_delay": "true",
			"bones": {
				"leg1": {
					"rotation": {
						"0.0": [20, 0, 0],
						"0.75": [5, 0, 0],
						"1.5": [20, 0, 0]
					}
				},
				"leg2": {
					"rotation": {
						"0.0": [0, 0, 0],
						"0.75": [10, 0, 0],
						"1.5": [0, 0, 0]
					}
				},
				"torso_mini": {
					"rotation": {
						"0.0": [0, 0, 0],
						"0.75": [0, -10, 0],
						"1.5": [0, 0, 0]
					}
				},
				"face": {
					"rotation": {
						"0.0": [0, 0, 0],
						"0.75": [0, 17.5, 0],
						"1.5": [0, 0, 0]
					}
				},
				"hand1": {
					"rotation": {
						"0.0": [-10.63668, 41.11407, -19.77423],
						"0.75": [0, 0, 0],
						"1.5": [-10.63668, 41.11407, -19.77423]
					},
					"position": {
						"0.0": [5, 2, -3],
						"0.75": [0, 0, 0],
						"1.5": [5, 2, -3]
					}
				},
				"hand2": {
					"rotation": {
						"0.0": [0, 0, 0],
						"0.75": [-10.63668, -41.11407, 19.77423],
						"1.5": [0, 0, 0]
					},
					"position": {
						"0.0": [0, 0, 0],
						"0.75": [-5, 2, -3],
						"1.5": [0, 0, 0]
					}
				}
			}
		},
		"animation.aromatisse.cry": {
			"animation_length": 1.25,
			"bones": {
				"head": {
					"rotation": {
						"0.0": [0, 0, 0],
						"0.5": [-20, 0, 0]
					},
					"position": {
						"0.0": [0, 0, 0],
						"0.5": [0, -1, 0]
					}
				},
				"hands": {
					"position": {
						"0.0": [0, 0, 0],
						"0.5": [0, -2, -4]
					}
				},
				"hand1": {
					"rotation": {
						"0.0": [0, 0, 0],
						"0.5": [0, 52.5, 0]
					}
				},
				"hand2": {
					"rotation": {
						"0.0": [0, 0, 0],
						"0.5": [0, -52.5, 0]
					}
				}
			},
			"sound_effects": {
				"0.6": {
					"effect": "pokemon.aromatisse.cry"
				}
			}
		},
		"animation.aromatisse.pose2": {
			"loop": true,
			"animation_length": 1.25,
			"bones": {
				"head": {
					"rotation": [-20, 0, 0],
					"position": [0, -1, 0]
				},
				"hands": {
					"position": [0, -2, -4]
				},
				"hand1": {
					"rotation": [0, 52.5, 0]
				},
				"hand2": {
					"rotation": [0, -52.5, 0]
				}
			},
			"sound_effects": {
				"0.0": {
					"effect": "pokemon.aromatisse.cry"
				}
			}
		},
		"animation.aromatisse.smile_quirk": {
			"animation_length": 1.5
		},
		"animation.aromatisse.tongue_quirk": {
			"animation_length": 2
		}
	}
}