{
	"format_version": "1.12.0",
	"minecraft:geometry": [
		{
			"description": {
				"identifier": "geometry.drilbur",
				"texture_width": 64,
				"texture_height": 64,
				"visible_bounds_width": 3,
				"visible_bounds_height": 2.5,
				"visible_bounds_offset": [0, 0.75, 0]
			},
			"bones": [
				{
					"name": "drilbur",
					"pivot": [0, 0, 0]
				},
				{
					"name": "allbody",
					"parent": "drilbur",
					"pivot": [0, 0, 0]
				},
				{
					"name": "legs",
					"parent": "allbody",
					"pivot": [0, 0, 0]
				},
				{
					"name": "leg0",
					"parent": "legs",
					"pivot": [0, 0, 0],
					"cubes": [
						{"origin": [1, 0, -3], "size": [3, 2, 4], "pivot": [3, 0, -1], "rotation": [0, -20, 0], "uv": [33, 0]},
						{"origin": [1, 2, -3.4], "size": [4, 3, 5], "pivot": [3, 2, 0], "rotation": [0, -10, 0], "uv": [46, 56]}
					]
				},
				{
					"name": "leg1",
					"parent": "legs",
					"pivot": [-5, 0, 0],
					"cubes": [
						{"origin": [-4, 0, -3], "size": [3, 2, 4], "pivot": [-2, 0, -1], "rotation": [0, 20, 0], "uv": [33, 7]},
						{"origin": [-5, 2, -3.4], "size": [4, 3, 5], "pivot": [-3, 2, 0], "rotation": [0, 10, 0], "uv": [46, 56], "mirror": true}
					]
				},
				{
					"name": "torso",
					"parent": "allbody",
					"pivot": [0, 0, 0],
					"cubes": [
						{"origin": [-5, 2, -3], "size": [10, 7, 6], "uv": [0, 2]},
						{"origin": [-4, 8.8, -3], "size": [8, 3, 6], "inflate": -0.2, "uv": [24, 43]}
					]
				},
				{
					"name": "head",
					"parent": "torso",
					"pivot": [0, 13, 0]
				},
				{
					"name": "face",
					"parent": "head",
					"pivot": [0, 1, 0],
					"cubes": [
						{"origin": [-3, 11, -4.4], "size": [6, 6, 7], "inflate": -0.001, "uv": [2, 17]}
					]
				},
				{
					"name": "nose",
					"parent": "face",
					"pivot": [0, 1, 0],
					"cubes": [
						{"origin": [-2, 12, -7], "size": [4, 3, 3], "uv": [33, 14]},
						{"origin": [-1, 13, -9], "size": [2, 2, 2], "uv": [15, 41]}
					]
				},
				{
					"name": "eyes",
					"parent": "head",
					"pivot": [0, 0, 8]
				},
				{
					"name": "eye1",
					"parent": "eyes",
					"pivot": [0, 0, 8],
					"cubes": [
						{"origin": [-3, 13, -4.4], "size": [0, 3, 2], "inflate": -0.0001, "uv": [0, 0]}
					]
				},
				{
					"name": "eyes2",
					"parent": "eyes",
					"pivot": [7, 0, 0],
					"cubes": [
						{"origin": [3, 13, -4.4], "size": [0, 3, 2], "inflate": -0.0001, "uv": [0, 0]}
					]
				},
				{
					"name": "smile",
					"parent": "head",
					"pivot": [0, 1, 0],
					"cubes": [
						{"origin": [-1, 11, -3], "size": [2, 1, 0], "uv": [25, 45]}
					]
				},
				{
					"name": "hands",
					"parent": "torso",
					"pivot": [0, -1, 0]
				},
				{
					"name": "hand0",
					"parent": "hands",
					"pivot": [3, 2, 0],
					"rotation": [0, 0, 17.5],
					"cubes": [
						{"origin": [1, 9.4, -2], "size": [3, 1, 4], "inflate": 0.2, "pivot": [3, 9, -1], "rotation": [0, 0, 7.5], "uv": [0, 47], "mirror": true}
					]
				},
				{
					"name": "hand_parte0",
					"parent": "hand0",
					"pivot": [-5, 1, 0],
					"cubes": [
						{"origin": [4, 8.9, -3], "size": [5, 2, 6], "pivot": [5, 9, 1], "rotation": [0, 0, 7.5], "uv": [0, 32]},
						{"origin": [8, 8.4, -1], "size": [5, 2, 2], "inflate": -0.01, "pivot": [9, 7, 2], "rotation": [0, 0, 7.5], "uv": [35, 23]},
						{"origin": [9, 9, -3], "size": [4, 1, 3], "pivot": [9, 7, -3], "rotation": [-0.6574, -7.4713, 7.5], "uv": [54, 4]},
						{"origin": [9, 9, 0], "size": [4, 1, 3], "pivot": [9, 7, 3], "rotation": [0.6574, 7.4713, 7.5], "uv": [54, 4]}
					]
				},
				{
					"name": "hand1",
					"parent": "hands",
					"pivot": [1, 2, 0],
					"rotation": [0, 0, -17.5],
					"cubes": [
						{"origin": [-4, 10.4, -2], "size": [3, 1, 4], "inflate": 0.2, "pivot": [-3, 10, -1], "rotation": [0, 0, -7.5], "uv": [0, 47]}
					]
				},
				{
					"name": "hand_parte1",
					"parent": "hand1",
					"pivot": [1, 2, 0],
					"cubes": [
						{"origin": [-9, 9.4, -3], "size": [5, 2, 6], "pivot": [-8, 9, 1], "rotation": [0, 0, -7.5], "uv": [23, 32]},
						{"origin": [-13, 10, 1], "size": [4, 1, 2], "pivot": [-9, 8, 3], "rotation": [0.6574, -7.4713, -7.5], "uv": [52, 5], "mirror": true},
						{"origin": [-13, 10, -3], "size": [4, 1, 2], "pivot": [-9, 8, -3], "rotation": [-0.6574, 7.4713, -7.5], "uv": [52, 5], "mirror": true},
						{"origin": [-13, 9.4, -1], "size": [5, 2, 2], "inflate": -0.01, "pivot": [-10, 8, 0], "rotation": [0, 0, -7.5], "uv": [0, 42]}
					]
				}
			]
		}
	]
}