{
    "enabled": true,
    "neededInstalledMods": [],
    "neededUninstalledMods": [],
    "spawns": [
        {
            "id": "excadrill-1",
            "pokemon": "excadrill",
            "presets": [ "natural" ],
            "type": "pokemon",
            "context": "grounded",
            "bucket": "uncommon",
            "level": "32-47",
            "weight": 7.6,
            "condition": {
                "biomes": [
                    "#cobblemon:is_savanna"
                    

                ]
            }
        },
        {
            "id": "excadrill-2",
            "pokemon": "excadrill",
            "presets": [ "natural" ],
            "type": "pokemon",
            "context": "grounded",
            "bucket": "rare",
            "level": "37-49",
            "weight": 7.6,
            "condition": {
                "biomes": [
                    "#cobblemon:is_desert"
                    

                ]
            }
        }
    ]
 
}