{
    "enabled": true,
    "neededInstalledMods": [],
    "neededUninstalledMods": [],
    "spawns": [
        {
            "id": "mienshao-1",
            "pokemon": "mienshao",
            "presets": [ "natural" ],
            "type": "pokemon",
            "context": "grounded",
            "bucket": "uncommon",
            "level": "50-57",
            "weight": 7.6,
            "condition": {
                "biomes": [
                    "#cobblemon:is_desert"
                    

                ]
            }
        },
        {
            "id": "mienshao-2",
            "pokemon": "mienshao",
            "presets": [ "natural" ],
            "type": "pokemon",
            "context": "grounded",
            "bucket": "rare",
            "level": "52-59",
            "weight": 7.6,
            "condition": {
                "biomes": [
                    "#cobblemon:is_savanna"
                    

                ]
            }
        }
    ]
 
}