{
    "enabled": true,
    "neededInstalledMods": [],
    "neededUninstalledMods": [],
    "spawns": [
        {
            "id": "pancham-1",
            "pokemon": "pancham",
            "presets": [
                "natural",
                "wild"
            ],
            "type": "pokemon",
            "context": "grounded",
            "bucket": "common",
            "level": "20-27",
            "weight": 7.6,
            "condition": {
                "biomes": [
                    "#cobblemon:is_bamboo_jungle"
                    

                ]
            }
        },
        {
            "id": "pancham-2",
            "pokemon": "pancham",
            "presets": [
                "natural",
                "wild"
            ],
            "type": "pokemon",
            "context": "grounded",
            "bucket": "common",
            "level": "20-27",
            "weight": 7.6,
            "condition": {
                "biomes": [
                    "#cobblemon:is_forest"
                    

                ]
            }
        }
    ]
 
}