{
    "enabled": true,
    "neededInstalledMods": [],
    "neededUninstalledMods": [],
    "spawns": [
        {
            "id": "pangoro-1",
            "pokemon": "pangoro",
            "presets": [
                "natural",
                "wild"
            ],
            "type": "pokemon",
            "context": "grounded",
            "bucket": "rare",
            "level": "48",
            "weight": 7.6,
            "condition": {
                "timeRange": "night",
                "biomes": [
                    "#cobblemon:is_bamboo_jungle"
                    

                ]
            }
        },
        {
            "id": "pangoro-2",
            "pokemon": "pangoro",
            "presets": [
                "natural",
                "wild"
            ],
            "type": "pokemon",
            "context": "grounded",
            "bucket": "rare",
            "level": "48",
            "weight": 7.6,
            "condition": {
                "timeRange": "night",
                "biomes": [
                    "#cobblemon:is_forest"
                    

                ]
            }
        }
    ]
 
}