{
    "enabled": true,
    "neededInstalledMods": [],
    "neededUninstalledMods": [],
    "spawns": [
        {
            "id": "coalossal-1",
            "pokemon": "coalossal",
            "presets": [
                "natural",
                "wild"
            ],
            "type": "pokemon",
            "context": "grounded",
            "bucket": "rare",
            "level": "48",
            "weight": 8,
            "condition": {
                "biomes": [
                    "#cobblemon:is_mountain"

                ]
            }
        },
        {
            "id": "coalossal-2",
            "pokemon": "coalossal",
            "presets": [
                "natural"
            ],
            "type": "pokemon",
            "context": "grounded",
            "bucket": "rare",
            "level": "48",
            "weight": 7.0,
            "condition": {
                "minSkyLight": 0,
                "maxSkyLight": 7,
                "biomes": [
                    "#cobblemon:is_overworld",
                    "#cobblemon:is_cave"
                ],
                "minY": 0
            },
            "anticondition": {
                "biomes": [
                    "#cobblemon:is_cave",
                    "#cobblemon:is_mountain"
                ]
            }
        }
    ]
}