{
	"format_version": "1.12.0",
	"minecraft:geometry": [
		{
			"description": {
				"identifier": "geometry.cutiefly",
				"texture_width": 64,
				"texture_height": 64,
				"visible_bounds_width": 3,
				"visible_bounds_height": 3.5,
				"visible_bounds_offset": [0, 1.25, 0]
			},
			"bones": [
				{
					"name": "cutiefly",
					"pivot": [0, 0, 0]
				},
				{
					"name": "body",
					"parent": "cutiefly",
					"pivot": [0, 14, 0]
				},
				{
					"name": "head",
					"parent": "body",
					"pivot": [0, 18, 3],
					"cubes": [
						{"origin": [3, 18, -13], "size": [0, 11, 11], "pivot": [2, 18, -5], "rotation": [9.6658, -2.57594, 14.78217], "uv": [0, 23]},
						{"origin": [-3, 18, -13], "size": [0, 11, 11], "pivot": [-2, 18, -5], "rotation": [9.6658, 2.57594, -14.78217], "uv": [0, 23], "mirror": true},
						{"origin": [-4, 10, -5], "size": [8, 8, 8], "uv": [0, 0]}
					]
				},
				{
					"name": "eyes",
					"parent": "head",
					"pivot": [0, 14.4, -5]
				},
				{
					"name": "eye_left",
					"parent": "eyes",
					"pivot": [2.8, 14.4, -5.01667],
					"cubes": [
						{"origin": [1.8, 12.4, -5.01], "size": [2, 4, 0], "uv": [32, 28]},
						{"origin": [2.3, 14.9, -5.02], "size": [1, 1, 0], "uv": [40, 28]},
						{"origin": [2.3, 12.9, -5.02], "size": [1, 1, 0], "uv": [40, 29]}
					]
				},
				{
					"name": "eyelid_left",
					"parent": "eye_left",
					"pivot": [2.61, 14.4, -4.42],
					"cubes": [
						{"origin": [1.72, 12.4, -4.92], "size": [2, 4, 1], "inflate": 0.01, "uv": [44, 27]}
					]
				},
				{
					"name": "eye_right",
					"parent": "eyes",
					"pivot": [-2.8, 14.4, -5.01667],
					"cubes": [
						{"origin": [-3.8, 12.4, -5.01], "size": [2, 4, 0], "uv": [36, 28], "mirror": true},
						{"origin": [-3.3, 14.9, -5.02], "size": [1, 1, 0], "uv": [42, 28], "mirror": true},
						{"origin": [-3.3, 12.9, -5.02], "size": [1, 1, 0], "uv": [42, 29], "mirror": true}
					]
				},
				{
					"name": "eyelid_right",
					"parent": "eye_right",
					"pivot": [-2.61, 14.4, -4.42],
					"cubes": [
						{"origin": [-3.72, 12.4, -4.92], "size": [2, 4, 1], "inflate": 0.01, "uv": [50, 27], "mirror": true}
					]
				},
				{
					"name": "wings",
					"parent": "head",
					"pivot": [0, 18, 1]
				},
				{
					"name": "wing_left",
					"parent": "wings",
					"pivot": [1, 18, 1],
					"rotation": [0, 0, 45],
					"cubes": [
						{"origin": [1, 18, -4], "size": [0, 10, 10], "uv": [0, 6]}
					]
				},
				{
					"name": "wing_right",
					"parent": "wings",
					"pivot": [-1, 18, 1],
					"rotation": [0, 0, -45],
					"cubes": [
						{"origin": [-1, 18, -4], "size": [0, 10, 10], "uv": [44, 7], "mirror": true}
					]
				},
				{
					"name": "needle",
					"parent": "head",
					"pivot": [0, 14, -5],
					"cubes": [
						{"origin": [-1, 14, -8], "size": [2, 0, 3], "uv": [-3, 0]}
					]
				},
				{
					"name": "needle2",
					"parent": "needle",
					"pivot": [0, 14, -8],
					"cubes": [
						{"origin": [-0.5, 14, -10], "size": [1, 0, 2], "uv": [2, 0]}
					]
				},
				{
					"name": "back_hair",
					"parent": "head",
					"pivot": [0, 18, 1],
					"cubes": [
						{"origin": [0, 17.5, -1], "size": [0, 3, 4], "inflate": 0.01, "uv": [0, -1]}
					]
				},
				{
					"name": "forehead_hair",
					"parent": "head",
					"pivot": [0, 16, -5],
					"rotation": [22.5, 0, 0],
					"cubes": [
						{"origin": [-1.5, 16, -5], "size": [3, 2, 0], "inflate": 0.01, "uv": [0, 6]}
					]
				},
				{
					"name": "forehead_hair2",
					"parent": "forehead_hair",
					"pivot": [0, 18, -5],
					"rotation": [-15, 0, 0],
					"cubes": [
						{"origin": [-1.5, 18, -5], "size": [3, 2, 0], "inflate": 0.01, "uv": [0, 26]}
					]
				},
				{
					"name": "torso",
					"parent": "head",
					"pivot": [0, 18, 3],
					"rotation": [-17.5, 0, 0],
					"cubes": [
						{"origin": [-4, 10, 3], "size": [8, 8, 4], "inflate": 0.01, "uv": [20, 16]}
					]
				},
				{
					"name": "torso_fluff",
					"parent": "torso",
					"pivot": [0, 4.5, 0]
				},
				{
					"name": "torso_fluff_left",
					"parent": "torso_fluff",
					"pivot": [4, 14.5, 4.5],
					"rotation": [0, 22.5, 0],
					"cubes": [
						{"origin": [4, 8.5, 4.5], "size": [0, 11, 4], "uv": [48, 2]}
					]
				},
				{
					"name": "torso_fluff_right",
					"parent": "torso_fluff",
					"pivot": [-4, 14.5, 4.5],
					"rotation": [0, -22.5, 0],
					"cubes": [
						{"origin": [-4, 8.5, 4.5], "size": [0, 11, 4], "uv": [56, 2]}
					]
				},
				{
					"name": "torso_fluff_top",
					"parent": "torso_fluff",
					"pivot": [0, 18, 4.5],
					"rotation": [22.5, 0, 0],
					"cubes": [
						{"origin": [-5.5, 18, 4.5], "size": [11, 0, 4], "uv": [20, 0]}
					]
				},
				{
					"name": "torso_fluff_bottom",
					"parent": "torso_fluff",
					"pivot": [0, 10, 4.5],
					"rotation": [-22.5, 0, 0],
					"cubes": [
						{"origin": [-5.5, 10, 4.5], "size": [11, 0, 4], "uv": [20, 4]}
					]
				},
				{
					"name": "tail_fluff",
					"parent": "torso",
					"pivot": [0, 4.5, 2.5]
				},
				{
					"name": "tail_fluff_left",
					"parent": "tail_fluff",
					"pivot": [3, 14.5, 7],
					"rotation": [0, 15, 0],
					"cubes": [
						{"origin": [3, 10, 7], "size": [0, 8, 3], "uv": [32, 5]}
					]
				},
				{
					"name": "tail_fluff_right",
					"parent": "tail_fluff",
					"pivot": [-3, 14.5, 7],
					"rotation": [0, -15, 0],
					"cubes": [
						{"origin": [-3, 10, 7], "size": [0, 8, 3], "uv": [38, 5]}
					]
				},
				{
					"name": "tail_fluff_top",
					"parent": "tail_fluff",
					"pivot": [0, 17, 7],
					"rotation": [15, 0, 0],
					"cubes": [
						{"origin": [-4, 17, 7], "size": [8, 0, 3], "uv": [43, 0]}
					]
				},
				{
					"name": "tail_fluff_bottom",
					"parent": "tail_fluff",
					"pivot": [0, 11, 7],
					"rotation": [-15, 0, 0],
					"cubes": [
						{"origin": [-4, 11, 7], "size": [8, 0, 3], "uv": [43, 3]}
					]
				},
				{
					"name": "legs",
					"parent": "body",
					"pivot": [0, 12, 3.5],
					"rotation": [-65, 0, 0]
				},
				{
					"name": "leg_front_left",
					"parent": "legs",
					"pivot": [3.5, 9.3, 3.4],
					"rotation": [0, 0, -45],
					"cubes": [
						{"origin": [3, 9.3, 3.4], "size": [1, 0, 3], "uv": [59, 0]}
					]
				},
				{
					"name": "leg_front_left2",
					"parent": "leg_front_left",
					"pivot": [3.5, 9.3, 6.4],
					"cubes": [
						{"origin": [3, 9.3, 6.4], "size": [1, 0, 2], "uv": [60, 3]}
					]
				},
				{
					"name": "leg_front_left3",
					"parent": "leg_front_left2",
					"pivot": [3.5, 9.3, 8.4],
					"cubes": [
						{"origin": [3, 9.3, 8.4], "size": [1, 0, 2], "uv": [44, 6]}
					]
				},
				{
					"name": "leg_front_left4",
					"parent": "leg_front_left3",
					"pivot": [3.5, 9.3, 10.4],
					"cubes": [
						{"origin": [3, 9.3, 10.4], "size": [1, 0, 2], "uv": [42, 8]}
					]
				},
				{
					"name": "leg_front_left5",
					"parent": "leg_front_left4",
					"pivot": [3.5, 9.3, 12.4],
					"cubes": [
						{"origin": [2.5, 8.3, 12.4], "size": [2, 2, 2], "uv": [0, 28]}
					]
				},
				{
					"name": "leg_front_right",
					"parent": "legs",
					"pivot": [-3.5, 9.3, 3.4],
					"rotation": [0, 0, 45],
					"cubes": [
						{"origin": [-4, 9.3, 3.4], "size": [1, 0, 3], "uv": [43, 8], "mirror": true}
					]
				},
				{
					"name": "leg_front_right2",
					"parent": "leg_front_right",
					"pivot": [-3.5, 9.3, 6.4],
					"cubes": [
						{"origin": [-4, 9.3, 6.4], "size": [1, 0, 2], "uv": [42, 10], "mirror": true}
					]
				},
				{
					"name": "leg_front_right3",
					"parent": "leg_front_right2",
					"pivot": [-3.5, 9.3, 8.4],
					"cubes": [
						{"origin": [-4, 9.3, 8.4], "size": [1, 0, 2], "uv": [44, 11], "mirror": true}
					]
				},
				{
					"name": "leg_front_right4",
					"parent": "leg_front_right3",
					"pivot": [-3.5, 9.3, 10.4],
					"cubes": [
						{"origin": [-4, 9.3, 10.4], "size": [1, 0, 2], "uv": [42, 12], "mirror": true}
					]
				},
				{
					"name": "leg_front_right5",
					"parent": "leg_front_right4",
					"pivot": [-3.5, 9.3, 12.4],
					"cubes": [
						{"origin": [-4.5, 8.3, 12.4], "size": [2, 2, 2], "uv": [8, 28], "mirror": true}
					]
				},
				{
					"name": "leg_back_left",
					"parent": "legs",
					"pivot": [3.5, 13.3, 3.4],
					"rotation": [0, 0, 45],
					"cubes": [
						{"origin": [3, 13.3, 3.4], "size": [1, 0, 3], "uv": [43, 13]}
					]
				},
				{
					"name": "leg_back_left2",
					"parent": "leg_back_left",
					"pivot": [3.5, 13.3, 6.4],
					"cubes": [
						{"origin": [3, 13.3, 6.4], "size": [1, 0, 2], "uv": [42, 14]}
					]
				},
				{
					"name": "leg_back_left3",
					"parent": "leg_back_left2",
					"pivot": [3.5, 13.3, 8.4],
					"cubes": [
						{"origin": [3, 13.3, 8.4], "size": [1, 0, 2], "uv": [38, 16]}
					]
				},
				{
					"name": "leg_back_left4",
					"parent": "leg_back_left3",
					"pivot": [3.5, 13.3, 10.4],
					"cubes": [
						{"origin": [3, 13.3, 10.4], "size": [1, 0, 2], "uv": [40, 16]}
					]
				},
				{
					"name": "leg_back_left5",
					"parent": "leg_back_left4",
					"pivot": [3.5, 13.3, 12.4],
					"cubes": [
						{"origin": [2.5, 12.3, 12.4], "size": [2, 2, 2], "uv": [16, 28]}
					]
				},
				{
					"name": "leg_back_right",
					"parent": "legs",
					"pivot": [-3.5, 13.3, 3.4],
					"rotation": [0, 0, -45],
					"cubes": [
						{"origin": [-4, 13.3, 3.4], "size": [1, 0, 3], "uv": [17, 16], "mirror": true}
					]
				},
				{
					"name": "leg_back_right2",
					"parent": "leg_back_right",
					"pivot": [-3.5, 13.3, 6.4],
					"cubes": [
						{"origin": [-4, 13.3, 6.4], "size": [1, 0, 2], "uv": [20, 16], "mirror": true}
					]
				},
				{
					"name": "leg_back_right3",
					"parent": "leg_back_right2",
					"pivot": [-3.5, 13.3, 8.4],
					"cubes": [
						{"origin": [-4, 13.3, 8.4], "size": [1, 0, 2], "uv": [38, 18], "mirror": true}
					]
				},
				{
					"name": "leg_back_right4",
					"parent": "leg_back_right3",
					"pivot": [-3.5, 13.3, 10.4],
					"cubes": [
						{"origin": [-4, 13.3, 10.4], "size": [1, 0, 2], "uv": [40, 18], "mirror": true}
					]
				},
				{
					"name": "leg_back_right5",
					"parent": "leg_back_right4",
					"pivot": [-3.5, 13.3, 12.4],
					"cubes": [
						{"origin": [-4.5, 12.3, 12.4], "size": [2, 2, 2], "uv": [24, 28], "mirror": true}
					]
				}
			]
		}
	]
}