{
    "enabled": true,
    "neededInstalledMods": [],
    "neededUninstalledMods": [],
    "spawns": [
        {
            "id": "zangoose-1",
            "pokemon": "zangoose",
            "presets": [
                "natural"
            ],
            "type": "pokemon",
            "context": "grounded",
            "bucket": "common",
            "level": "10-45",
            "weight": 3,
            "condition": {
        	"canSeeSky": true,
                "minSkyLight": 3,
                "maxSkyLight": 15,
                "biomes": [
                    "#cobblemon:is_grassland"
                ]
            }
        }
    ]
}

