{
	"credit": "Made with Blockbench",
	"texture_size": [32, 32],
	"textures": {
		"0": "cobblenav:item/pokenav_item_black",
		"particle": "cobblenav:item/pokenav_item_black"
	},
	"elements": [
		{
			"from": [4, 0, 0],
			"to": [12, 1, 8],
			"rotation": {"angle": 0, "axis": "y", "origin": [7, 0, 3]},
			"faces": {
				"north": {"uv": [0, 8, 4, 8.5], "texture": "#0"},
				"east": {"uv": [8, 0, 12, 0.5], "texture": "#0"},
				"south": {"uv": [8, 0.5, 12, 1], "texture": "#0"},
				"west": {"uv": [8, 1, 12, 1.5], "texture": "#0"},
				"up": {"uv": [4, 4, 0, 0], "texture": "#0"},
				"down": {"uv": [4, 4, 0, 8], "texture": "#0"}
			}
		},
		{
			"from": [4, 1, 7],
			"to": [12, 2, 8],
			"rotation": {"angle": 0, "axis": "y", "origin": [7, 1, 3]},
			"faces": {
				"north": {"uv": [8, 3.5, 12, 4], "texture": "#0"},
				"east": {"uv": [8, 5, 8.5, 5.5], "texture": "#0"},
				"south": {"uv": [4, 8, 8, 8.5], "texture": "#0"},
				"west": {"uv": [8, 5.5, 8.5, 6], "texture": "#0"},
				"up": {"uv": [12, 4.5, 8, 4], "texture": "#0"},
				"down": {"uv": [12, 4.5, 8, 5], "texture": "#0"}
			}
		},
		{
			"from": [4, 2.5, 7],
			"to": [12, 3.5, 15],
			"rotation": {"angle": -45, "axis": "x", "origin": [7, 2.5, 10]},
			"faces": {
				"north": {"uv": [8, 1.5, 12, 2], "texture": "#0"},
				"east": {"uv": [8, 2, 12, 2.5], "texture": "#0"},
				"south": {"uv": [8, 2.5, 12, 3], "texture": "#0"},
				"west": {"uv": [8, 3, 12, 3.5], "texture": "#0"},
				"up": {"uv": [8, 4, 4, 0], "texture": "#0"},
				"down": {"uv": [8, 4, 4, 8], "texture": "#0"}
			}
		},
		{
			"from": [4, 2.25, 10],
			"to": [12, 8.25, 11],
			"rotation": {"angle": 22.5, "axis": "x", "origin": [7, 2.25, 12]},
			"faces": {
				"north": {"uv": [4, 11.5, 0, 8.5], "rotation": 180, "texture": "#0"},
				"east": {"uv": [4, 9, 7, 9.5], "rotation": 90, "texture": "#0"},
				"south": {"uv": [4, 11.5, 0, 14.5], "texture": "#0"},
				"west": {"uv": [4, 10, 7, 10.5], "rotation": 270, "texture": "#0"},
				"up": {"uv": [4, 9.5, 7, 10], "texture": "#0"},
				"down": {"uv": [4, 8.5, 7, 9], "rotation": 180, "texture": "#0"}
			}
		}
	],
	"display": {
		"thirdperson_righthand": {
			"rotation": [-120, 0, 180],
			"translation": [0, 4, 2.25],
			"scale": [0.55, 0.55, 0.55]
		},
		"thirdperson_lefthand": {
			"rotation": [-120, 0, 180],
			"translation": [0, 4, 2.25],
			"scale": [0.55, 0.55, 0.55]
		},
		"firstperson_righthand": {
			"rotation": [-120, 0, 180],
			"translation": [0.5, 5, 2.25],
			"scale": [0.8, 0.8, 0.8]
		},
		"firstperson_lefthand": {
			"rotation": [-120, 0, 180],
			"translation": [0.5, 5, 2.25],
			"scale": [0.8, 0.8, 0.8]
		},
		"ground": {
			"translation": [0, 2, 0],
			"scale": [0.5, 0.5, 0.5]
		},
		"gui": {
			"rotation": [30, 225, 0],
			"translation": [-1, 3.5, 0],
			"scale": [0.8, 0.8, 0.8]
		},
		"fixed": {
			"rotation": [-63, 0, 0],
			"translation": [0, 4, -5.75]
		}
	},
	"groups": [
		{
			"name": "pokenav",
			"origin": [8, 8, 8],
			"color": 0,
			"children": [
				{
					"name": "base",
					"origin": [8, 8, 8],
					"color": 0,
					"children": [0, 1]
				},
				{
					"name": "screen",
					"origin": [8, 8, 8],
					"color": 0,
					"children": [2, 3]
				}
			]
		}
	]
}