{
	"format_version": "1.12.0",
	"minecraft:geometry": [
		{
			"description": {
				"identifier": "geometry.excadrill",
				"texture_width": 128,
				"texture_height": 128,
				"visible_bounds_width": 5,
				"visible_bounds_height": 4,
				"visible_bounds_offset": [0, 1, 0]
			},
			"bones": [
				{
					"name": "excadrill",
					"pivot": [0, 0, 0]
				},
				{
					"name": "allbody",
					"parent": "excadrill",
					"pivot": [0, 0, 0]
				},
				{
					"name": "legs",
					"parent": "allbody",
					"pivot": [0, 0, 0]
				},
				{
					"name": "leg0",
					"parent": "legs",
					"pivot": [-3, 0, 0]
				},
				{
					"name": "legmini0",
					"parent": "leg0",
					"pivot": [-3, 0, -1],
					"rotation": [0, 0, 5],
					"cubes": [
						{"origin": [-9, 2, -2], "size": [4, 5, 5], "uv": [0, 64]},
						{"origin": [-7.9, 4, -3], "size": [1, 3, 3], "inflate": 0.1, "pivot": [-8, 5, -2], "rotation": [15, 0, 0], "uv": [9, 75]}
					]
				},
				{
					"name": "legpart0",
					"parent": "leg0",
					"pivot": [-3, 0, 0],
					"cubes": [
						{"origin": [-8, 0, -3], "size": [2, 2, 4], "pivot": [1, 0, 0], "rotation": [7.5, 0, 0], "uv": [72, 28]},
						{"origin": [-8, 1, -1], "size": [2, 2, 2], "uv": [23, 53]}
					]
				},
				{
					"name": "leg1",
					"parent": "legs",
					"pivot": [12, 0, 0]
				},
				{
					"name": "legmini1",
					"parent": "leg1",
					"pivot": [12, 1, -1],
					"rotation": [0, 0, -5],
					"cubes": [
						{"origin": [5, 3, -2], "size": [4, 5, 5], "uv": [19, 67]},
						{"origin": [6.6, 5, -3], "size": [1, 3, 3], "inflate": 0.1, "pivot": [8, 6, -2], "rotation": [15, 0, 0], "uv": [74, 75]}
					]
				},
				{
					"name": "legpart1",
					"parent": "leg1",
					"pivot": [-1, 0, 0],
					"cubes": [
						{"origin": [6, 0, -3], "size": [2, 2, 4], "pivot": [-1, 0, 0], "rotation": [7.5, 0, 0], "uv": [72, 35]},
						{"origin": [6, 1, -1], "size": [2, 2, 2], "uv": [27, 78]}
					]
				},
				{
					"name": "torso",
					"parent": "allbody",
					"pivot": [0, 0, 0]
				},
				{
					"name": "head",
					"parent": "torso",
					"pivot": [0, 19, -3]
				},
				{
					"name": "face",
					"parent": "head",
					"pivot": [0, -1, 6],
					"cubes": [
						{"origin": [-3, 18, -7], "size": [6, 5, 5], "inflate": -0.001, "uv": [0, 53]},
						{"origin": [-5, 16, -3], "size": [10, 6, 8], "inflate": -0.3, "uv": [0, 26]},
						{"origin": [-4, 21, -3], "size": [8, 4, 7], "inflate": -0.3, "uv": [47, 0]},
						{"origin": [-7, 22, 14], "size": [2, 3, 3], "inflate": -0.3, "pivot": [-10, 4, 12], "rotation": [45, 0, 5], "uv": [74, 12]},
						{"origin": [5, 22, 14], "size": [2, 3, 3], "inflate": -0.3, "pivot": [10, 4, 12], "rotation": [45, 0, -5], "uv": [38, 74]}
					]
				},
				{
					"name": "nose",
					"parent": "face",
					"pivot": [0, 1, 9],
					"rotation": [7.5, 0, 0]
				},
				{
					"name": "smile",
					"parent": "nose",
					"pivot": [0, 1, 9]
				},
				{
					"name": "smilemini",
					"parent": "smile",
					"pivot": [0, 1, 9],
					"cubes": [
						{"origin": [-1, 20.6, -10], "size": [2, 1, 3], "pivot": [0, -1, -3], "rotation": [-7.5, 0, 0], "uv": [47, 21]}
					]
				},
				{
					"name": "nosemini",
					"parent": "nose",
					"pivot": [0, 1, 9],
					"cubes": [
						{"origin": [-2, 22, -8], "size": [4, 2, 4], "uv": [72, 21]},
						{"origin": [-1, 24.6, -5.8], "size": [2, 1, 2], "inflate": 0.1, "pivot": [0, 1, 5], "rotation": [10, 0, 0], "uv": [19, 125]}
					]
				},
				{
					"name": "drill",
					"parent": "face",
					"pivot": [0, 22, 3],
					"cubes": [
						{"origin": [-4, 22, -4.4], "size": [8, 3, 2], "inflate": 0.1, "uv": [38, 67]},
						{"origin": [-4, 22, -11.4], "size": [8, 3, 8], "inflate": -0.2, "pivot": [0, 25, -4], "rotation": [5, 0, 0], "uv": [0, 41]},
						{"origin": [-3, 22, -14.4], "size": [6, 3, 5], "inflate": -0.5, "pivot": [1, 25, -5], "rotation": [7.5, 0, 0], "uv": [60, 50]},
						{"origin": [-1, 22, -17.4], "size": [2, 3, 5], "inflate": -0.6, "pivot": [0, 25, -8], "rotation": [7.5, 0, 0], "uv": [40, 88]},
						{"origin": [0, 24.4, -13.4], "size": [0, 2, 5], "pivot": [-2, 27, -5], "rotation": [7.5, 0, 0], "uv": [73, 59]},
						{"origin": [0, 25, -9.4], "size": [0, 3, 7], "pivot": [-2, 28, -1], "rotation": [7.5, 0, 0], "uv": [59, 67]},
						{"origin": [0, 27, -6.7], "size": [0, 3, 4], "pivot": [-2, 30, -2], "rotation": [10, 0, 0], "uv": [0, 75]}
					]
				},
				{
					"name": "eyes",
					"parent": "face",
					"pivot": [-1, 31, -11]
				},
				{
					"name": "eye1",
					"parent": "eyes",
					"pivot": [-1, 30, -8],
					"cubes": [
						{"origin": [3, 22, -1], "size": [0, 2, 3], "pivot": [0, 1, 7], "rotation": [12.5, 0, 0], "uv": [122, -3]},
						{"origin": [3.1, 22.8, -1.4], "size": [0, 1, 1], "inflate": -0.0001, "pivot": [0, 0, 7], "rotation": [10, 0, 0], "uv": [126, 126]}
					]
				},
				{
					"name": "eye2",
					"parent": "eyes",
					"pivot": [1, 30, -8],
					"cubes": [
						{"origin": [-3, 22, -1], "size": [0, 2, 3], "pivot": [0, 1, 7], "rotation": [12.5, 0, 0], "uv": [122, -3], "mirror": true},
						{"origin": [-3.1, 22.8, -1.4], "size": [0, 1, 1], "inflate": -0.0001, "pivot": [0, 0, 7], "rotation": [10, 0, 0], "uv": [126, 126], "mirror": true}
					]
				},
				{
					"name": "hands",
					"parent": "torso",
					"pivot": [0, -1, 0]
				},
				{
					"name": "hand1",
					"parent": "hands",
					"pivot": [0, 0, 0]
				},
				{
					"name": "hand_parte1",
					"parent": "hand1",
					"pivot": [0, 0, 0],
					"cubes": [
						{"origin": [-11, 13, -2.6], "size": [6, 1, 6], "inflate": 0.1, "uv": [23, 59]}
					]
				},
				{
					"name": "hand_mini1",
					"parent": "hand_parte1",
					"pivot": [0, 0, 0],
					"cubes": [
						{"origin": [-19, 13, -4], "size": [8, 2, 9], "uv": [37, 26]},
						{"origin": [-16.6, 13, -4.6], "size": [3, 1.5, 1], "uv": [58, 78]}
					]
				},
				{
					"name": "nail_hand1",
					"parent": "hand_mini1",
					"pivot": [0, 0, 0]
				},
				{
					"name": "nail_hand_mini1",
					"parent": "nail_hand1",
					"pivot": [0, 0, 0]
				},
				{
					"name": "nail1",
					"parent": "nail_hand_mini1",
					"pivot": [0, 0, 0],
					"cubes": [
						{"origin": [-25, 13.6, -1], "size": [6, 1, 3], "inflate": 0.3, "uv": [51, 14]},
						{"origin": [-28, 13.6, 0.2], "size": [3, 1, 0], "uv": [67, 81]},
						{"origin": [-26, 14.6, 0.2], "size": [4, 1, 0], "uv": [74, 19]},
						{"origin": [-24, 14.6, 0.2], "size": [5, 3, 0], "uv": [58, 21]}
					]
				},
				{
					"name": "nail2",
					"parent": "nail_hand_mini1",
					"pivot": [0, 0, -3],
					"cubes": [
						{"origin": [-25, 14.6, 0], "size": [6, 1, 3], "inflate": -0.1, "pivot": [0, 1, 4], "rotation": [17.5, 0, 0], "uv": [0, 124]}
					]
				},
				{
					"name": "nail3",
					"parent": "nail_hand_mini1",
					"pivot": [0, 0, 3],
					"cubes": [
						{"origin": [-25, 15, -2], "size": [6, 1, 3], "inflate": -0.1, "pivot": [0, 1, -4], "rotation": [-17.5, 0, 0], "uv": [36, 84]}
					]
				},
				{
					"name": "hand2",
					"parent": "hands",
					"pivot": [0, 0, 0]
				},
				{
					"name": "hand_parte2",
					"parent": "hand2",
					"pivot": [0, 0, 0],
					"cubes": [
						{"origin": [5, 13, -2.6], "size": [6, 1, 6], "inflate": 0.1, "uv": [23, 59], "mirror": true}
					]
				},
				{
					"name": "hand_mini2",
					"parent": "hand_parte2",
					"pivot": [0, 0, 0],
					"cubes": [
						{"origin": [11, 13, -4], "size": [8, 2, 9], "uv": [37, 26], "mirror": true},
						{"origin": [13.6, 13, -4.6], "size": [3, 1.5, 1], "uv": [58, 78], "mirror": true}
					]
				},
				{
					"name": "nail_hand2",
					"parent": "hand_mini2",
					"pivot": [0, 0, 0]
				},
				{
					"name": "nail_hand_mini2",
					"parent": "nail_hand2",
					"pivot": [0, 0, 0]
				},
				{
					"name": "nail4",
					"parent": "nail_hand_mini2",
					"pivot": [0, 0, 0],
					"cubes": [
						{"origin": [19, 13.6, -1], "size": [6, 1, 3], "inflate": 0.3, "uv": [51, 14], "mirror": true},
						{"origin": [25, 13.6, 0.2], "size": [3, 1, 0], "uv": [67, 81], "mirror": true},
						{"origin": [22, 14.6, 0.2], "size": [4, 1, 0], "uv": [74, 19], "mirror": true},
						{"origin": [19, 14.6, 0.2], "size": [5, 3, 0], "uv": [58, 21], "mirror": true}
					]
				},
				{
					"name": "nail5",
					"parent": "nail_hand_mini2",
					"pivot": [0, 0, -3],
					"cubes": [
						{"origin": [19, 14.6, 0], "size": [6, 1, 3], "inflate": -0.1, "pivot": [0, 1, 4], "rotation": [17.5, 0, 0], "uv": [0, 124], "mirror": true}
					]
				},
				{
					"name": "nail6",
					"parent": "nail_hand_mini2",
					"pivot": [0, 0, 3],
					"cubes": [
						{"origin": [19, 15, -2], "size": [6, 1, 3], "inflate": -0.1, "pivot": [0, 1, -4], "rotation": [-17.5, 0, 0], "uv": [36, 84], "mirror": true}
					]
				},
				{
					"name": "torso_parte",
					"parent": "torso",
					"pivot": [0, 0, 0],
					"cubes": [
						{"origin": [-6, 4, -6], "size": [12, 11, 12], "inflate": -0.3, "uv": [0, 85]},
						{"origin": [-5, 14, -4], "size": [10, 3, 9], "inflate": 0.2, "uv": [2, 2]},
						{"origin": [-0.2, 5, 5], "size": [4, 4, 2], "pivot": [1, 5, 6], "rotation": [12.5, 7.5, -45], "uv": [72, 42]},
						{"origin": [-3, 9, 4], "size": [2, 5, 2], "pivot": [-4, 9, 5], "rotation": [0, 0, -25], "uv": [49, 74]},
						{"origin": [1, 9, 4], "size": [2, 5, 2], "pivot": [4, 9, 5], "rotation": [0, 0, 25], "uv": [74, 67]}
					]
				}
			]
		}
	]
}