{
	"format_version": "1.12.0",
	"minecraft:geometry": [
		{
			"description": {
				"identifier": "geometry.mienshao",
				"texture_width": 128,
				"texture_height": 128,
				"visible_bounds_width": 5,
				"visible_bounds_height": 4.25,
				"visible_bounds_offset": [0, 1.875, 0]
			},
			"bones": [
				{
					"name": "mienshao",
					"pivot": [0, 0, 0]
				},
				{
					"name": "allbody",
					"parent": "mienshao",
					"pivot": [0, 0, 0]
				},
				{
					"name": "legs",
					"parent": "allbody",
					"pivot": [0, 0, 1]
				},
				{
					"name": "leg1",
					"parent": "legs",
					"pivot": [-2, -1, 1],
					"cubes": [
						{"origin": [-8, 6, -1], "size": [5, 6, 6], "pivot": [-7, 6, 3], "rotation": [5, 0, 10], "uv": [23, 57]}
					]
				},
				{
					"name": "legparte1",
					"parent": "leg1",
					"pivot": [-7, 2, 3],
					"cubes": [
						{"origin": [-7, 1, -1], "size": [3, 6, 4], "pivot": [-6, -1, 0], "rotation": [-5, 0, 2.5], "uv": [69, 57]}
					]
				},
				{
					"name": "legwalk1",
					"parent": "legparte1",
					"pivot": [-2, -1, 1],
					"cubes": [
						{"origin": [-8, 0, -3], "size": [4, 2, 7], "uv": [0, 58]},
						{"origin": [-8, 0, -5], "size": [0, 1, 2], "uv": [77, 24]},
						{"origin": [-4, 0, -5], "size": [0, 1, 2], "uv": [77, 28]},
						{"origin": [-6, 0, -5], "size": [0, 1, 2], "uv": [11, 78]}
					]
				},
				{
					"name": "leg2",
					"parent": "legs",
					"pivot": [2, -1, 1],
					"cubes": [
						{"origin": [3, 6, -1], "size": [5, 6, 6], "pivot": [7, 6, 3], "rotation": [5, 0, -10], "uv": [46, 57]}
					]
				},
				{
					"name": "legparte2",
					"parent": "leg2",
					"pivot": [7, 2, 3],
					"cubes": [
						{"origin": [4, 1, -1], "size": [3, 6, 4], "pivot": [6, -1, 0], "rotation": [-5, 0, -2.5], "uv": [69, 68]}
					]
				},
				{
					"name": "legwalk2",
					"parent": "legparte2",
					"pivot": [2, -1, 1],
					"cubes": [
						{"origin": [4, 0, -3], "size": [4, 2, 7], "uv": [64, 32]},
						{"origin": [8, 0, -5], "size": [0, 1, 2], "uv": [16, 79]},
						{"origin": [4, 0, -5], "size": [0, 1, 2], "uv": [21, 79]},
						{"origin": [6, 0, -5], "size": [0, 1, 2], "uv": [26, 79]}
					]
				},
				{
					"name": "torso",
					"parent": "allbody",
					"pivot": [0, 0, 0]
				},
				{
					"name": "torsoparte",
					"parent": "torso",
					"pivot": [0, 0, 1],
					"rotation": [7.5, 0, 0],
					"cubes": [
						{"origin": [-5, 9, -1], "size": [10, 5, 8], "uv": [0, 18]},
						{"origin": [-3, 7, 1], "size": [6, 2, 3], "inflate": -0.0001, "uv": [64, 42]}
					]
				},
				{
					"name": "torsonime",
					"parent": "torsoparte",
					"pivot": [0, 1, 3],
					"cubes": [
						{"origin": [-3, 13, 1], "size": [6, 10, 5], "inflate": 0.1, "pivot": [-1, 13, 2], "rotation": [12.5, 0, 0], "uv": [41, 32]}
					]
				},
				{
					"name": "torsonime2",
					"parent": "torsonime",
					"pivot": [0, 11, 3],
					"cubes": [
						{"origin": [-3, 22, -1.2], "size": [6, 10, 5], "pivot": [-1, 22, 0], "rotation": [-12.5, 0, 0], "uv": [0, 42]}
					]
				},
				{
					"name": "line",
					"parent": "torsonime2",
					"pivot": [0, 0, -2],
					"rotation": [-10, 0, 0],
					"cubes": [
						{"origin": [-2, 14, 3], "size": [4, 0, 10], "uv": [37, 10]}
					]
				},
				{
					"name": "line2",
					"parent": "line",
					"pivot": [0, 0, -2],
					"cubes": [
						{"origin": [-2, 14, 12], "size": [4, 0, 10], "pivot": [1, 14, 13], "rotation": [-15, 0, 0], "uv": [37, 21]}
					]
				},
				{
					"name": "head",
					"parent": "torso",
					"pivot": [0, 31, -1]
				},
				{
					"name": "face",
					"parent": "head",
					"pivot": [0, 0, -1],
					"cubes": [
						{"origin": [-4, 29.74335, -0.08421], "size": [8, 8, 9], "pivot": [0, 0, -1], "rotation": [7.5, 0, 0], "uv": [0, 0]}
					]
				},
				{
					"name": "nose",
					"parent": "head",
					"pivot": [0, 33, 0],
					"rotation": [-10, 0, 0],
					"cubes": [
						{"origin": [-2, 31.45946, -6.17846], "size": [4, 4, 5], "pivot": [0, 31.45946, -2.17846], "rotation": [45, 0, 0], "uv": [0, 68]},
						{"origin": [-1, 29.45946, -7.17846], "size": [2, 2, 1], "pivot": [0, 29.45946, -7.17846], "rotation": [45, 0, 0], "uv": [34, 42]}
					]
				},
				{
					"name": "horejas",
					"parent": "head",
					"pivot": [0, 0, -1]
				},
				{
					"name": "horeja1",
					"parent": "horejas",
					"pivot": [0, 0, -1],
					"cubes": [
						{"origin": [4, 38, -1], "size": [0, 4, 5], "pivot": [3, 37, 3], "rotation": [7.5, 0, 0], "uv": [45, 70]}
					]
				},
				{
					"name": "horeja2",
					"parent": "horejas",
					"pivot": [-8, 0, -1],
					"cubes": [
						{"origin": [-4, 38, -1], "size": [0, 4, 5], "pivot": [-5, 37, 3], "rotation": [7.5, 0, 0], "uv": [56, 70]}
					]
				},
				{
					"name": "eyes",
					"parent": "head",
					"pivot": [0, 0, -1]
				},
				{
					"name": "eye1",
					"parent": "eyes",
					"pivot": [0, 0, -1],
					"cubes": [
						{"origin": [-4.1, 33, -4], "size": [0, 3, 5], "pivot": [-3, 33, 0], "rotation": [20, 0, 0], "uv": [76, 0]}
					]
				},
				{
					"name": "eyeminec1",
					"parent": "eye1",
					"pivot": [0, 0, -1],
					"cubes": [
						{"origin": [-4, 32, -4.4], "size": [1, 3, 0], "pivot": [-4, 32, -5], "rotation": [12.5, 0, 0], "uv": [3, 2]}
					]
				},
				{
					"name": "eye2",
					"parent": "eyes",
					"pivot": [8, 0, -1],
					"cubes": [
						{"origin": [4.1, 33, -4], "size": [0, 3, 5], "pivot": [5, 33, 0], "rotation": [20, 0, 0], "uv": [0, 78]}
					]
				},
				{
					"name": "eyeminec2",
					"parent": "eye2",
					"pivot": [7, 0, -1],
					"cubes": [
						{"origin": [3, 32, -4.4], "size": [1, 3, 0], "pivot": [3, 32, -5], "rotation": [12.5, 0, 0], "uv": [3, 2]}
					]
				},
				{
					"name": "cejas",
					"parent": "head",
					"pivot": [0, 0, -1]
				},
				{
					"name": "ceja1",
					"parent": "cejas",
					"pivot": [-3, 36, 0],
					"cubes": [
						{"origin": [-4.1, 36.1, -5], "size": [0, 2, 6], "pivot": [-3, 36, 0], "rotation": [20, 0, 0], "uv": [19, 70]}
					]
				},
				{
					"name": "ceja2",
					"parent": "cejas",
					"pivot": [6, 36, 0],
					"cubes": [
						{"origin": [4.1, 36.1, -5], "size": [0, 2, 6], "pivot": [6, 36, 0], "rotation": [20, 0, 0], "uv": [32, 70]}
					]
				},
				{
					"name": "bigotes",
					"parent": "head",
					"pivot": [0, 0, -1]
				},
				{
					"name": "bigote1",
					"parent": "bigotes",
					"pivot": [0, 22, 0],
					"rotation": [0, 0, -17.5],
					"cubes": [
						{"origin": [-6, 31, -6], "size": [7, 2, 0], "uv": [79, 2]},
						{"origin": [-12, 31.2, -6], "size": [6, 2, 0], "pivot": [-7, 31, -7], "rotation": [0, 0, 15], "uv": [94, 2]}
					]
				},
				{
					"name": "bigote2",
					"parent": "bigotes",
					"pivot": [0, 22, 0],
					"rotation": [0, 0, 17.5],
					"cubes": [
						{"origin": [-1, 31, -6], "size": [7, 2, 0], "uv": [79, 2], "mirror": true},
						{"origin": [6, 31.2, -6], "size": [6, 2, 0], "pivot": [7, 31, -7], "rotation": [0, 0, -15], "uv": [94, 2], "mirror": true}
					]
				},
				{
					"name": "hands",
					"parent": "torso",
					"pivot": [0, 0, -2]
				},
				{
					"name": "hand1",
					"parent": "hands",
					"pivot": [4, 23, 11],
					"cubes": [
						{"origin": [3, 23, -4], "size": [7, 3, 6], "uv": [0, 32]}
					]
				},
				{
					"name": "hand_parte1",
					"parent": "hand1",
					"pivot": [4, 23, 11],
					"cubes": [
						{"origin": [10, 23, -4], "size": [7, 3, 6], "uv": [0, 32]}
					]
				},
				{
					"name": "handparte1",
					"parent": "hand_parte1",
					"pivot": [4, 23, 11],
					"cubes": [
						{"origin": [17, 24, -4], "size": [8, 2, 6], "uv": [23, 48]}
					]
				},
				{
					"name": "handmine",
					"parent": "handparte1",
					"pivot": [4, 23, 11],
					"cubes": [
						{"origin": [25, 26, -4], "size": [6, 0, 6], "uv": [66, 10]}
					]
				},
				{
					"name": "handnime",
					"parent": "handmine",
					"pivot": [4, 23, 11],
					"cubes": [
						{"origin": [25, 24, -2], "size": [3, 2, 2], "uv": [23, 42]}
					]
				},
				{
					"name": "hand2",
					"parent": "hands",
					"pivot": [-4, 23, 11],
					"cubes": [
						{"origin": [-10, 23, -4], "size": [7, 3, 6], "uv": [0, 32], "mirror": true}
					]
				},
				{
					"name": "hand_parte2",
					"parent": "hand2",
					"pivot": [-4, 23, 11],
					"cubes": [
						{"origin": [-17, 23, -4], "size": [7, 3, 6], "uv": [0, 32], "mirror": true}
					]
				},
				{
					"name": "handparte2",
					"parent": "hand_parte2",
					"pivot": [-4, 23, 11],
					"cubes": [
						{"origin": [-25, 24, -4], "size": [8, 2, 6], "uv": [23, 48], "mirror": true}
					]
				},
				{
					"name": "handmine2",
					"parent": "handparte2",
					"pivot": [-4, 23, 11],
					"cubes": [
						{"origin": [-31, 26, -4], "size": [6, 0, 6], "uv": [66, 10], "mirror": true}
					]
				},
				{
					"name": "handnime2",
					"parent": "handmine2",
					"pivot": [-4, 23, 11],
					"cubes": [
						{"origin": [-28, 24, -2], "size": [3, 2, 2], "uv": [23, 42], "mirror": true}
					]
				}
			]
		}
	]
}