{
	"format_version": "1.12.0",
	"minecraft:geometry": [
		{
			"description": {
				"identifier": "geometry.coalossal",
				"texture_width": 256,
				"texture_height": 256,
				"visible_bounds_width": 7,
				"visible_bounds_height": 6,
				"visible_bounds_offset": [0, 2, 0]
			},
			"bones": [
				{
					"name": "coalossal",
					"pivot": [0, 0, 0]
				},
				{
					"name": "allbody",
					"parent": "coalossal",
					"pivot": [0, 0, 0]
				},
				{
					"name": "legs",
					"parent": "allbody",
					"pivot": [0, 0, 0]
				},
				{
					"name": "leg1",
					"parent": "legs",
					"pivot": [-2, 2, 1],
					"cubes": [
						{"origin": [6, 8, -3], "size": [9, 11, 11], "pivot": [1, 9, 4], "rotation": [7.5, 0, -2.5], "uv": [41, 106]}
					]
				},
				{
					"name": "legpart1",
					"parent": "leg1",
					"pivot": [-2, 2, 1],
					"cubes": [
						{"origin": [8, 2, -2], "size": [6, 7, 8], "pivot": [9, 4, 4], "rotation": [-2.5, 0, 0], "uv": [111, 123]}
					]
				},
				{
					"name": "legwalk1",
					"parent": "legpart1",
					"pivot": [-2, 2, 1],
					"cubes": [
						{"origin": [7, 0, -5], "size": [8, 3, 12], "uv": [112, 16]},
						{"origin": [13, 0, -8], "size": [0, 2, 3], "uv": [56, 151]},
						{"origin": [8, 0, -8], "size": [0, 2, 3], "uv": [63, 151]},
						{"origin": [10.6, 0, -8], "size": [0, 2, 3], "uv": [70, 151]}
					]
				},
				{
					"name": "leg2",
					"parent": "legs",
					"pivot": [2, 2, 1],
					"cubes": [
						{"origin": [-15, 8, -3], "size": [9, 11, 11], "pivot": [-1, 9, 4], "rotation": [7.5, 0, 2.5], "uv": [41, 106], "mirror": true}
					]
				},
				{
					"name": "legpart2",
					"parent": "leg2",
					"pivot": [2, 2, 1],
					"cubes": [
						{"origin": [-14, 2, -2], "size": [6, 7, 8], "pivot": [-9, 4, 4], "rotation": [-2.5, 0, 0], "uv": [111, 123], "mirror": true}
					]
				},
				{
					"name": "legwalk2",
					"parent": "legpart2",
					"pivot": [2, 2, 1],
					"cubes": [
						{"origin": [-15, 0, -5], "size": [8, 3, 12], "uv": [112, 16], "mirror": true},
						{"origin": [-13, 0, -8], "size": [0, 2, 3], "uv": [56, 151], "mirror": true},
						{"origin": [-8, 0, -8], "size": [0, 2, 3], "uv": [63, 151], "mirror": true},
						{"origin": [-10.6, 0, -8], "size": [0, 2, 3], "uv": [70, 151], "mirror": true}
					]
				},
				{
					"name": "torso",
					"parent": "allbody",
					"pivot": [0, -3, 0],
					"cubes": [
						{"origin": [-7, 19, -9], "size": [7, 8, 1], "pivot": [-3, 20, -8], "rotation": [-2.5, 0, 0], "uv": [41, 65]},
						{"origin": [1, 11, -9], "size": [6, 8, 1], "pivot": [4, 12, -8], "rotation": [-2.5, 0, 0], "uv": [30, 143]},
						{"origin": [2, 20, -9], "size": [5, 6, 1], "pivot": [4, 21, -8], "rotation": [-5, 0, 0], "uv": [130, 148]},
						{"origin": [-7, 11, -9], "size": [6, 6, 1], "pivot": [-5, 12, -8], "rotation": [-2.5, 0, 0], "uv": [104, 148]}
					]
				},
				{
					"name": "torso_parte",
					"parent": "torso",
					"pivot": [0, -6, 0],
					"cubes": [
						{"origin": [-8, 10, -8], "size": [16, 22, 18], "pivot": [9, 8, -4], "rotation": [-2.5, 0, 0], "uv": [0, 0]},
						{"origin": [-8, 11, 10], "size": [16, 22, 4], "inflate": -0.9, "pivot": [5, 9, 14], "rotation": [5, 0, 0], "uv": [0, 65]},
						{"origin": [-6, 8, -7], "size": [12, 3, 16], "uv": [59, 41]}
					]
				},
				{
					"name": "torso_mini",
					"parent": "torso_parte",
					"pivot": [-2, -10, -1],
					"rotation": [0, 45, 0],
					"cubes": [
						{"origin": [-9, 32, -5], "size": [14, 7, 15], "uv": [0, 41]},
						{"origin": [-8, 37, -3], "size": [11, 8, 12], "uv": [61, 62]},
						{"origin": [-7, 44, -1], "size": [9, 6, 9], "uv": [72, 25]},
						{"origin": [-8, 50, 1], "size": [6, 2, 6], "pivot": [-4, -7, 3], "rotation": [0, 90, 0], "uv": [131, 82]}
					]
				},
				{
					"name": "hands",
					"parent": "torso_parte",
					"pivot": [0, -6, 0]
				},
				{
					"name": "hand1",
					"parent": "hands",
					"pivot": [10, 27, 0]
				},
				{
					"name": "hand_parte1",
					"parent": "hand1",
					"pivot": [0, -6, 0],
					"cubes": [
						{"origin": [8, 22, -4], "size": [9, 10, 12], "uv": [69, 0]},
						{"origin": [9, 32, -1], "size": [7, 7, 6], "pivot": [10, 32, 0], "rotation": [-12.5, 0, 5], "uv": [35, 129]},
						{"origin": [10, 38, 1], "size": [5, 10, 5], "pivot": [11, 38, 2], "rotation": [-12.5, 0, 10], "uv": [129, 102]}
					]
				},
				{
					"name": "hand_mini1",
					"parent": "hand_parte1",
					"pivot": [10, 27, 0],
					"cubes": [
						{"origin": [17, 24, -2], "size": [9, 6, 8], "uv": [0, 115]}
					]
				},
				{
					"name": "fist1",
					"parent": "hand_mini1",
					"pivot": [9, 27, 0]
				},
				{
					"name": "fist",
					"parent": "fist1",
					"pivot": [9, 27, 0],
					"cubes": [
						{"origin": [25, 24, -3], "size": [10, 7, 10], "uv": [86, 85]}
					]
				},
				{
					"name": "nail_left",
					"parent": "fist1",
					"pivot": [8, 27, 0]
				},
				{
					"name": "nail1",
					"parent": "nail_left",
					"pivot": [7, 27, 1],
					"rotation": [0, 2.5, 0],
					"cubes": [
						{"origin": [34, 26, -3], "size": [5, 3, 3], "uv": [41, 75]}
					]
				},
				{
					"name": "nail_mini1",
					"parent": "nail1",
					"pivot": [7, 27, 1],
					"cubes": [
						{"origin": [39, 26, -3], "size": [2, 3, 3], "uv": [149, 66]}
					]
				},
				{
					"name": "nail2",
					"parent": "nail_left",
					"pivot": [7, 27, 8],
					"rotation": [0, -2.5, 0],
					"cubes": [
						{"origin": [34, 26, 4], "size": [5, 3, 3], "uv": [45, 143]}
					]
				},
				{
					"name": "nail_mini2",
					"parent": "nail2",
					"pivot": [7, 27, 8],
					"cubes": [
						{"origin": [39, 26, 4], "size": [2, 3, 3], "uv": [149, 73]}
					]
				},
				{
					"name": "nail3",
					"parent": "nail_left",
					"pivot": [8, 27, 4],
					"cubes": [
						{"origin": [35, 26, 0], "size": [5, 3, 4], "uv": [140, 118]}
					]
				},
				{
					"name": "nail_mini3",
					"parent": "nail3",
					"pivot": [8, 27, 4],
					"cubes": [
						{"origin": [40, 26, 0], "size": [2, 3, 4], "uv": [143, 148]}
					]
				},
				{
					"name": "hand2",
					"parent": "hands",
					"pivot": [-10, 27, 0]
				},
				{
					"name": "hand_parte2",
					"parent": "hand2",
					"pivot": [0, -6, 0],
					"cubes": [
						{"origin": [-17, 22, -4], "size": [9, 10, 12], "uv": [69, 0], "mirror": true},
						{"origin": [-16, 29, -1], "size": [7, 7, 6], "pivot": [-10, 32, 0], "rotation": [-12.5, 0, -5], "uv": [35, 129], "mirror": true},
						{"origin": [-16, 32, 2], "size": [5, 10, 5], "pivot": [-11, 38, 2], "rotation": [-17.5, 0, -22.5], "uv": [129, 102], "mirror": true}
					]
				},
				{
					"name": "hand_mini2",
					"parent": "hand_parte2",
					"pivot": [-10, 27, 0],
					"cubes": [
						{"origin": [-26, 24, -2], "size": [9, 6, 8], "uv": [0, 115], "mirror": true}
					]
				},
				{
					"name": "fist2",
					"parent": "hand_mini2",
					"pivot": [-9, 27, 0]
				},
				{
					"name": "fist3",
					"parent": "fist2",
					"pivot": [-9, 27, 0],
					"cubes": [
						{"origin": [-35, 24, -3], "size": [10, 7, 10], "uv": [86, 85], "mirror": true}
					]
				},
				{
					"name": "nail_right",
					"parent": "fist2",
					"pivot": [-8, 27, 0]
				},
				{
					"name": "nail4",
					"parent": "nail_right",
					"pivot": [-7, 27, 1],
					"rotation": [0, -2.5, 0],
					"cubes": [
						{"origin": [-39, 26, -3], "size": [5, 3, 3], "uv": [41, 75], "mirror": true}
					]
				},
				{
					"name": "nail_mini4",
					"parent": "nail4",
					"pivot": [-7, 27, 1],
					"cubes": [
						{"origin": [-41, 26, -3], "size": [2, 3, 3], "uv": [149, 66], "mirror": true}
					]
				},
				{
					"name": "nail5",
					"parent": "nail_right",
					"pivot": [-7, 27, 8],
					"rotation": [0, 2.5, 0],
					"cubes": [
						{"origin": [-39, 26, 4], "size": [5, 3, 3], "uv": [45, 143], "mirror": true}
					]
				},
				{
					"name": "nail_mini5",
					"parent": "nail5",
					"pivot": [-7, 27, 8],
					"cubes": [
						{"origin": [-41, 26, 4], "size": [2, 3, 3], "uv": [149, 73], "mirror": true}
					]
				},
				{
					"name": "nail6",
					"parent": "nail_right",
					"pivot": [-8, 27, 4],
					"cubes": [
						{"origin": [-40, 26, 0], "size": [5, 3, 4], "uv": [140, 118], "mirror": true}
					]
				},
				{
					"name": "nail_mini6",
					"parent": "nail6",
					"pivot": [-8, 27, 4],
					"cubes": [
						{"origin": [-42, 26, 0], "size": [2, 3, 4], "uv": [143, 148], "mirror": true}
					]
				},
				{
					"name": "head",
					"parent": "torso_parte",
					"pivot": [0, 30, -8],
					"rotation": [22.5, 0, 0]
				},
				{
					"name": "face",
					"parent": "head",
					"pivot": [0, -11.39104, 1.93853],
					"cubes": [
						{"origin": [-5, 25.60896, -13.06147], "size": [9, 9, 10], "uv": [110, 61]},
						{"origin": [4, 26.60896, -8.06147], "size": [2, 5, 5], "pivot": [5, 26.60896, -4.06147], "rotation": [12.5, 0, 0], "uv": [0, 143]},
						{"origin": [-7, 26.60896, -8.06147], "size": [2, 5, 5], "pivot": [-6, 26.60896, -4.06147], "rotation": [12.5, 0, 0], "uv": [15, 143]},
						{"origin": [-2, 31.60896, -14.06147], "size": [3, 3, 6], "pivot": [-1, 32.60896, -13.06147], "rotation": [10, 0, 0], "uv": [62, 129]},
						{"origin": [-5, 34.60896, -12.06147], "size": [9, 1, 9], "uv": [116, 47]}
					]
				},
				{
					"name": "mouchs",
					"parent": "head",
					"pivot": [0, -10.39104, 6.93853],
					"rotation": [5, 0, 0]
				},
				{
					"name": "mounch3",
					"parent": "mouchs",
					"pivot": [13, -12.39104, 4.93853],
					"rotation": [0, 45, 0],
					"cubes": [
						{"origin": [11, 28.60896, -17.06147], "size": [5, 3, 5], "uv": [104, 139]}
					]
				},
				{
					"name": "mounch2",
					"parent": "mouchs",
					"pivot": [-25, -7.39104, -4.06147],
					"rotation": [0, -45, 0],
					"cubes": [
						{"origin": [-14, 31.60896, -28.06147], "size": [5, 3, 5], "uv": [125, 139]}
					]
				},
				{
					"name": "eyes",
					"parent": "head",
					"pivot": [0, -8.39104, 1.93853]
				},
				{
					"name": "eye1",
					"parent": "eyes",
					"pivot": [0, -8.39104, 1.93853]
				},
				{
					"name": "eye_parte1",
					"parent": "eye1",
					"pivot": [0, -8.39104, 1.93853],
					"cubes": [
						{"origin": [2.1, 27.60896, -13.16147], "size": [2, 5, 0], "uv": [35, 115]}
					]
				},
				{
					"name": "eye_mini1",
					"parent": "eye1",
					"pivot": [0, -8.39104, 1.93853],
					"cubes": [
						{"origin": [4.1, 27.60896, -13.16147], "size": [0, 5, 5], "uv": [21, 130]}
					]
				},
				{
					"name": "ceja1",
					"parent": "eye1",
					"pivot": [0, -11.39104, 1.93853],
					"cubes": [
						{"origin": [4, 32.60896, -13.06147], "size": [1, 2, 9], "pivot": [4, 31.60896, -5.06147], "rotation": [12.5, 0, 0], "uv": [62, 139]},
						{"origin": [2, 30.60896, -14.06147], "size": [3, 2, 1], "pivot": [3, 30.60896, -14.06147], "rotation": [12.5, 0, 0], "uv": [129, 118]}
					]
				},
				{
					"name": "eye2",
					"parent": "eyes",
					"pivot": [-1, -8.39104, 1.93853]
				},
				{
					"name": "eye_parte2",
					"parent": "eye2",
					"pivot": [-1, -8.39104, 1.93853],
					"cubes": [
						{"origin": [-5.1, 27.60896, -13.16147], "size": [2, 5, 0], "uv": [35, 115], "mirror": true}
					]
				},
				{
					"name": "eye_mini2",
					"parent": "eye2",
					"pivot": [-1, -8.39104, 1.93853],
					"cubes": [
						{"origin": [-5.1, 27.60896, -13.16147], "size": [0, 5, 5], "uv": [21, 130], "mirror": true}
					]
				},
				{
					"name": "ceja2",
					"parent": "eye2",
					"pivot": [-1, -11.39104, 1.93853],
					"cubes": [
						{"origin": [-6, 32.60896, -13.06147], "size": [1, 2, 9], "pivot": [-5, 31.60896, -5.06147], "rotation": [12.5, 0, 0], "uv": [62, 139], "mirror": true},
						{"origin": [-6, 30.60896, -14.06147], "size": [3, 2, 1], "pivot": [-4, 30.60896, -14.06147], "rotation": [12.5, 0, 0], "uv": [129, 118], "mirror": true}
					]
				}
			]
		}
	]
}