{
	"format_version": "1.12.0",
	"minecraft:geometry": [
		{
			"description": {
				"identifier": "geometry.gulpin",
				"texture_width": 64,
				"texture_height": 64,
				"visible_bounds_width": 3,
				"visible_bounds_height": 2.5,
				"visible_bounds_offset": [0, 0.75, 0]
			},
			"bones": [
				{
					"name": "gulpin",
					"pivot": [0, 0, 0]
				},
				{
					"name": "allbody",
					"parent": "gulpin",
					"pivot": [0, 0, 0]
				},
				{
					"name": "torso",
					"parent": "allbody",
					"pivot": [0, 4, 0]
				},
				{
					"name": "torso_parte",
					"parent": "torso",
					"pivot": [0, 0, 0]
				},
				{
					"name": "head",
					"parent": "torso_parte",
					"pivot": [0, 4, 0],
					"cubes": [
						{"origin": [-6, 0, -6], "size": [12, 10, 12], "inflate": -0.001, "uv": [0, 0]}
					]
				},
				{
					"name": "eyes",
					"parent": "head",
					"pivot": [0, 5, -4]
				},
				{
					"name": "eye1",
					"parent": "eyes",
					"pivot": [0, 0, 0],
					"cubes": [
						{"origin": [-5, 5, -6], "size": [3, 1, 0], "pivot": [-4, 5, -5], "rotation": [0, 0, -7.5], "uv": [11, 37]}
					]
				},
				{
					"name": "eye2",
					"parent": "eyes",
					"pivot": [0, 0, 0],
					"cubes": [
						{"origin": [2, 5, -6], "size": [3, 1, 0], "pivot": [3, 5, -5], "rotation": [0, 0, 7.5], "uv": [34, 29]}
					]
				},
				{
					"name": "hands",
					"parent": "head",
					"pivot": [0, 0, 0],
					"cubes": [
						{"origin": [5, 1, -7], "size": [2, 2, 3], "pivot": [6, 1, -5], "rotation": [0, -7.5, 0], "uv": [34, 23]},
						{"origin": [-7, 1, -7], "size": [2, 2, 3], "pivot": [-6, 1, -5], "rotation": [0, 7.5, 0], "uv": [0, 35]}
					]
				},
				{
					"name": "cola",
					"parent": "head",
					"pivot": [0, 0, 7],
					"cubes": [
						{"origin": [-2, 0, 5], "size": [4, 3, 4], "pivot": [0, 0, 7], "rotation": [-7.5, 0, 0], "uv": [17, 23]}
					]
				},
				{
					"name": "pelo",
					"parent": "head",
					"pivot": [-1, 11, 2],
					"cubes": [
						{"origin": [-2, 8, -1], "size": [4, 5, 0], "pivot": [-1, 8, 1], "rotation": [-25, 0, 0], "uv": [4, 27]},
						{"origin": [-1, 11, 0], "size": [2, 3, 0], "pivot": [-1, 11, 2], "rotation": [-50, 0, 0], "uv": [5, 27]}
					]
				},
				{
					"name": "labio",
					"parent": "head",
					"pivot": [0, 0, 0],
					"cubes": [
						{"origin": [-1, 3, -6], "size": [2, 2, 0], "uv": [2, 2]}
					]
				},
				{
					"name": "boca",
					"parent": "head",
					"pivot": [0, 3, -7]
				},
				{
					"name": "boca2",
					"parent": "boca",
					"pivot": [0, 0, 0],
					"cubes": [
						{"origin": [-1, 4, -8], "size": [2, 2, 3], "pivot": [0, 6, -7], "rotation": [-7.5, 0, 0], "uv": [28, 31]}
					]
				},
				{
					"name": "part_boca",
					"parent": "boca",
					"pivot": [0, 6, -7],
					"cubes": [
						{"origin": [-1, 2, -8], "size": [2, 2, 3], "pivot": [0, 4, -7], "rotation": [7.5, 0, 0], "uv": [17, 31]}
					]
				}
			]
		}
	]
}