{
 "parent": "minecraft:block/carved_pumpkin",
 "textures": {
  "layer0": "item/carved_pumpkin"
 },
 
 "overrides": [
    {"predicate": {"custom_model_data":101}, "model": "block/custom/pkmnredhat"},
    {"predicate": {"custom_model_data":102}, "model": "block/custom/pkmnleafhat"},
    {"predicate": {"custom_model_data":103}, "model": "block/custom/pkmnbluehat"},
    {"predicate": {"custom_model_data":150}, "model": "block/custom/pkmnrockethat"},
    {"predicate": {"custom_model_data":201}, "model": "block/custom/pkmngoldhat"},
    {"predicate": {"custom_model_data":202}, "model": "block/custom/pkmnkrishat"},
    {"predicate": {"custom_model_data":203}, "model": "block/custom/pkmnlyrahat"},
    {"predicate": {"custom_model_data":204}, "model": "block/custom/pkmnsilverhat"},
    {"predicate": {"custom_model_data":301}, "model": "block/custom/pkmnbrendanhat"},
    {"predicate": {"custom_model_data":302}, "model": "block/custom/pkmnmayhat"},
    {"predicate": {"custom_model_data":350}, "model": "block/custom/pkmnaquahat"},
    {"predicate": {"custom_model_data":351}, "model": "block/custom/pkmnmagmahat"},
    {"predicate": {"custom_model_data":401}, "model": "block/custom/pkmnlucashat"},
    {"predicate": {"custom_model_data":402}, "model": "block/custom/pkmndawnhat"},
    {"predicate": {"custom_model_data":403}, "model": "block/custom/pkmnbarryhat"},
    {"predicate": {"custom_model_data":450}, "model": "block/custom/pkmngalacticwig"},
    {"predicate": {"custom_model_data":501}, "model": "block/custom/pkmnhilberthat"},
    {"predicate": {"custom_model_data":502}, "model": "block/custom/pkmnhildahat"},
    {"predicate": {"custom_model_data":503}, "model": "block/custom/pkmnnatehat"},
    {"predicate": {"custom_model_data":504}, "model": "block/custom/pkmnrosahat"},
    {"predicate": {"custom_model_data":505}, "model": "block/custom/pkmnnhat"},
    {"predicate": {"custom_model_data":506}, "model": "block/custom/pkmnbiancahat"},
    {"predicate": {"custom_model_data":550}, "model": "block/custom/pkmnplasmahat"},
    {"predicate": {"custom_model_data":601}, "model": "block/custom/pkmncalemhat"},
    {"predicate": {"custom_model_data":602}, "model": "block/custom/pkmnserenahat"},
    {"predicate": {"custom_model_data":650}, "model": "block/custom/pkmnflareglasses"},
    {"predicate": {"custom_model_data":701}, "model": "block/custom/pkmneliohat"},
    {"predicate": {"custom_model_data":702}, "model": "block/custom/pkmnselenehat"},
    {"predicate": {"custom_model_data":703}, "model": "block/custom/pkmnhauhat"},
    {"predicate": {"custom_model_data":704}, "model": "block/custom/pkmnlilliehat"},
    {"predicate": {"custom_model_data":705}, "model": "block/custom/pkmngladionhat"},
    {"predicate": {"custom_model_data":750}, "model": "block/custom/pkmnskullhat"},
    {"predicate": {"custom_model_data":751}, "model": "block/custom/pkmnaetherhat"},
    {"predicate": {"custom_model_data":801}, "model": "block/custom/pkmnvictorhat"},
    {"predicate": {"custom_model_data":802}, "model": "block/custom/pkmngloriahat"},
    {"predicate": {"custom_model_data":803}, "model": "block/custom/pkmnhophat"},
    {"predicate": {"custom_model_data":804}, "model": "block/custom/pkmnmarniehat"},
    {"predicate": {"custom_model_data":901}, "model": "block/custom/pkmnnemonahat"},
    {"predicate": {"custom_model_data":902}, "model": "block/custom/pkmnpennyhat"},
    {"predicate": {"custom_model_data":950}, "model": "block/custom/pkmnstarhelmet"},
    {"predicate": {"custom_model_data":1011}, "model": "block/custom/pkmnredhatnh"},
    {"predicate": {"custom_model_data":1022}, "model": "block/custom/pkmnleafhatnh"},
    {"predicate": {"custom_model_data":2011}, "model": "block/custom/pkmngoldhatnh"},
    {"predicate": {"custom_model_data":2033}, "model": "block/custom/pkmnlyrahatnh"},
    {"predicate": {"custom_model_data":3022}, "model": "block/custom/pkmnmayhatnh"},
    {"predicate": {"custom_model_data":4011}, "model": "block/custom/pkmnlucashatnh"},
    {"predicate": {"custom_model_data":4022}, "model": "block/custom/pkmndawnhatnh"},
    {"predicate": {"custom_model_data":5011}, "model": "block/custom/pkmnhilberthatnh"},
    {"predicate": {"custom_model_data":5022}, "model": "block/custom/pkmnhildahatnh"},
    {"predicate": {"custom_model_data":5033}, "model": "block/custom/pkmnnatehatnh"},
    {"predicate": {"custom_model_data":5044}, "model": "block/custom/pkmnrosahatnh"},
    {"predicate": {"custom_model_data":5066}, "model": "block/custom/pkmnnhatnh"},
    {"predicate": {"custom_model_data":5077}, "model": "block/custom/pkmnbiancahatnh"},
    {"predicate": {"custom_model_data":6011}, "model": "block/custom/pkmncalemhatnh"},
    {"predicate": {"custom_model_data":6022}, "model": "block/custom/pkmnserenahatnh"},
    {"predicate": {"custom_model_data":7011}, "model": "block/custom/pkmneliohatnh"},
    {"predicate": {"custom_model_data":7022}, "model": "block/custom/pkmnselenehatnh"},
    {"predicate": {"custom_model_data":8011}, "model": "block/custom/pkmnvictorhatnh"},
    {"predicate": {"custom_model_data":8022}, "model": "block/custom/pkmngloriahatnh"}
 ]
}