{
	"format_version": "1.12.0",
	"minecraft:geometry": [
		{
			"description": {
				"identifier": "geometry.aromatisse",
				"texture_width": 128,
				"texture_height": 128,
				"visible_bounds_width": 3,
				"visible_bounds_height": 3.5,
				"visible_bounds_offset": [0, 1.25, 0]
			},
			"bones": [
				{
					"name": "aromatisse",
					"pivot": [0, 0, 0]
				},
				{
					"name": "allbody",
					"parent": "aromatisse",
					"pivot": [0, 0, 0]
				},
				{
					"name": "legs",
					"parent": "allbody",
					"pivot": [0, 0, 1]
				},
				{
					"name": "leg1",
					"parent": "legs",
					"pivot": [0, 0, 2]
				},
				{
					"name": "leg_mini1",
					"parent": "leg1",
					"pivot": [0, 0, 2],
					"cubes": [
						{"origin": [-6, 0, 0], "size": [4, 4, 3], "uv": [0, 72]}
					]
				},
				{
					"name": "leg_parte1",
					"parent": "leg1",
					"pivot": [0, 0, 2],
					"cubes": [
						{"origin": [-7, 3, -1], "size": [6, 7, 5], "pivot": [-2, 5, 2], "rotation": [-5, 0, 0], "uv": [45, 41]}
					]
				},
				{
					"name": "leg2",
					"parent": "legs",
					"pivot": [0, 0, 1]
				},
				{
					"name": "leg_mini2",
					"parent": "leg2",
					"pivot": [0, 0, 1],
					"cubes": [
						{"origin": [2, 0, -1], "size": [4, 4, 3], "uv": [63, 73]}
					]
				},
				{
					"name": "leg_parte2",
					"parent": "leg2",
					"pivot": [0, 0, 1],
					"cubes": [
						{"origin": [1, 3, -2], "size": [6, 7, 5], "pivot": [2, 5, 1], "rotation": [-5, 0, 0], "uv": [0, 50]}
					]
				},
				{
					"name": "torso",
					"parent": "allbody",
					"pivot": [0, 0, 0]
				},
				{
					"name": "torso_parte",
					"parent": "torso",
					"pivot": [0, 0, 2],
					"cubes": [
						{"origin": [-6, 16, -2], "size": [12, 3, 8], "uv": [45, 29]},
						{"origin": [6, 18, 1], "size": [2, 2, 2], "pivot": [7, 18, 2], "rotation": [0, 0, -7.5], "uv": [0, 80]},
						{"origin": [-8, 18, 1], "size": [2, 2, 2], "pivot": [-7, 18, 2], "rotation": [0, 0, 7.5], "uv": [37, 80]},
						{"origin": [5, 17, 1.6], "size": [2, 1, 1], "pivot": [6, 17, 2], "rotation": [0, 0, 7.5], "uv": [69, 81]},
						{"origin": [-7, 17, 1.6], "size": [2, 1, 1], "pivot": [-6, 17, 2], "rotation": [0, 0, -7.5], "uv": [76, 81]},
						{"origin": [-4.6, 18, -6], "size": [9, 0, 4], "pivot": [0, 18, -2], "rotation": [25, 0, 0], "uv": [23, 54]}
					]
				},
				{
					"name": "torso_mini",
					"parent": "torso",
					"pivot": [0, 0, 0],
					"cubes": [
						{"origin": [-9, 4, -7], "size": [18, 12, 16], "uv": [0, 0]},
						{"origin": [7, 7, 0], "size": [3, 0, 3], "pivot": [8, 7, 2], "rotation": [0, -5, 12.5], "uv": [23, 50]},
						{"origin": [7, 7.2, 0], "size": [3, 0, 3], "pivot": [8, 7, 2], "rotation": [0, -5, -12.5], "uv": [15, 77]},
						{"origin": [-10, 7.2, 0], "size": [3, 0, 3], "pivot": [-8, 7, 2], "rotation": [0, 5, 12.5], "uv": [78, 73]},
						{"origin": [-10, 7, 0], "size": [3, 0, 3], "pivot": [-8, 7, 2], "rotation": [0, 5, -12.5], "uv": [78, 77]},
						{"origin": [8, 12, 0], "size": [3, 2, 3], "pivot": [9, 12, 1], "rotation": [0, 2.5, -10], "uv": [68, 48]},
						{"origin": [-11, 12, 0], "size": [3, 2, 3], "pivot": [-9, 12, 1], "rotation": [0, -2.5, 10], "uv": [40, 74]},
						{"origin": [8, 10, 1], "size": [2, 2, 1], "pivot": [9, 10, 2], "rotation": [0, -5, 0], "uv": [44, 59]},
						{"origin": [-10, 10, 1], "size": [2, 2, 1], "pivot": [-9, 10, 2], "rotation": [0, 5, 0], "uv": [62, 81]}
					]
				},
				{
					"name": "head",
					"parent": "torso",
					"pivot": [0, 20, 2]
				},
				{
					"name": "face",
					"parent": "head",
					"pivot": [0, 0, 2],
					"cubes": [
						{"origin": [-6, 19, -3], "size": [12, 10, 10], "uv": [0, 29]},
						{"origin": [-5, 19, -4], "size": [10, 8, 1], "uv": [52, 54]}
					]
				},
				{
					"name": "nose",
					"parent": "face",
					"pivot": [0, 0, 2],
					"cubes": [
						{"origin": [-2, 22, -5], "size": [4, 4, 5], "pivot": [0, 22, -1], "rotation": [35, 0, 0], "uv": [44, 64]}
					]
				},
				{
					"name": "cuernos",
					"parent": "face",
					"pivot": [0, -1, 2]
				},
				{
					"name": "cuerno1",
					"parent": "cuernos",
					"pivot": [0, -1, 2],
					"cubes": [
						{"origin": [-9, 24, 1], "size": [4, 2, 2], "pivot": [-6, 24, 2], "rotation": [0, 0, -12.5], "uv": [75, 54]},
						{"origin": [-12, 25, 1], "size": [7, 6, 2], "inflate": -0.001, "pivot": [-6, 26, 2], "rotation": [0, 0, 35], "uv": [63, 64]},
						{"origin": [-11, 29, 1], "size": [5, 7, 2], "inflate": -0.0001, "uv": [69, 7]},
						{"origin": [-3, 28, 1], "size": [2, 4, 2], "uv": [53, 74]}
					]
				},
				{
					"name": "cuerno2",
					"parent": "cuernos",
					"pivot": [0, -1, 2],
					"cubes": [
						{"origin": [5, 24, 1], "size": [4, 2, 2], "pivot": [6, 24, 2], "rotation": [0, 0, 12.5], "uv": [75, 59]},
						{"origin": [5, 25, 1], "size": [7, 6, 2], "inflate": -0.001, "pivot": [6, 26, 2], "rotation": [0, 0, -35], "uv": [21, 68]},
						{"origin": [6, 29, 1], "size": [5, 7, 2], "inflate": -0.0001, "uv": [69, 17]},
						{"origin": [1, 28, 1], "size": [2, 4, 2], "uv": [28, 77]}
					]
				},
				{
					"name": "eyes",
					"parent": "face",
					"pivot": [0, 0, 2]
				},
				{
					"name": "eye1",
					"parent": "eyes",
					"pivot": [0, 0, 2]
				},
				{
					"name": "eye_parte2",
					"parent": "eye1",
					"pivot": [0, 0, 2],
					"cubes": [
						{"origin": [-5, 21, -4.1], "size": [3, 5, 0], "uv": [46, 80]},
						{"origin": [-5, 22, -4.2], "size": [2, 3, 0], "uv": [15, 72]},
						{"origin": [-3.6, 22.6, -4.3], "size": [1, 2, 0], "uv": [85, 22], "mirror": true}
					]
				},
				{
					"name": "ceja2",
					"parent": "eye1",
					"pivot": [0, 0, 2],
					"cubes": [
						{"origin": [-7.6, 21, -4], "size": [3, 5, 0], "pivot": [-5, 21, -3], "rotation": [0, 12.5, 0], "uv": [81, 48]},
						{"origin": [-9.6, 24, -4], "size": [4, 2, 0], "pivot": [-6, 21, -3], "rotation": [0, 12.5, 10], "uv": [53, 81]}
					]
				},
				{
					"name": "eye2",
					"parent": "eyes",
					"pivot": [0, 0, 2]
				},
				{
					"name": "eye_parte1",
					"parent": "eye2",
					"pivot": [0, 0, 2],
					"cubes": [
						{"origin": [2, 21, -4.1], "size": [3, 5, 0], "uv": [9, 81]},
						{"origin": [3, 22, -4.2], "size": [2, 3, 0], "uv": [23, 81]},
						{"origin": [2.6, 22.6, -4.3], "size": [1, 2, 0], "uv": [84, 22]}
					]
				},
				{
					"name": "ceja1",
					"parent": "eye2",
					"pivot": [0, 0, 2],
					"cubes": [
						{"origin": [4.6, 21, -4], "size": [3, 5, 0], "pivot": [5, 21, -3], "rotation": [0, -12.5, 0], "uv": [16, 81]},
						{"origin": [5.6, 24, -4], "size": [4, 2, 0], "pivot": [6, 21, -3], "rotation": [0, -12.5, -10], "uv": [36, 50]}
					]
				},
				{
					"name": "hands",
					"parent": "torso",
					"pivot": [0, 2, 6],
					"rotation": [15, 0, 0]
				},
				{
					"name": "hand1",
					"parent": "hands",
					"pivot": [1, 2, 7]
				},
				{
					"name": "hand_parte1",
					"parent": "hand1",
					"pivot": [1, 2, 7],
					"cubes": [
						{"origin": [-10, 18, 1], "size": [6, 2, 4], "pivot": [-5, 18, 4], "rotation": [0, -40, 0], "uv": [68, 41]}
					]
				},
				{
					"name": "hand_mini1",
					"parent": "hand1",
					"pivot": [1, 2, 7],
					"cubes": [
						{"origin": [-10, 17.4, -4], "size": [4, 2, 6], "pivot": [-8, 17, 0], "rotation": [25, 42.5, 0], "uv": [23, 59]},
						{"origin": [-9, 16, -5], "size": [0, 1, 2], "pivot": [-10, 16, -4], "rotation": [27.5, 35, 0], "uv": [82, 64]},
						{"origin": [-12, 16, -2], "size": [0, 1, 2], "pivot": [-13, 16, -1], "rotation": [25, 45, 0], "uv": [82, 68]},
						{"origin": [-10, 16, -3], "size": [0, 1, 2], "pivot": [-11, 16, -2], "rotation": [25, 45, 0], "uv": [83, 81]}
					]
				},
				{
					"name": "hand2",
					"parent": "hands",
					"pivot": [-1, 2, 7]
				},
				{
					"name": "hand_parte2",
					"parent": "hand2",
					"pivot": [-1, 2, 7],
					"cubes": [
						{"origin": [4, 18, 1], "size": [6, 2, 4], "pivot": [5, 18, 4], "rotation": [0, 40, 0], "uv": [69, 0]}
					]
				},
				{
					"name": "hand_mini2",
					"parent": "hand2",
					"pivot": [-1, 2, 7],
					"cubes": [
						{"origin": [6, 17.4, -4], "size": [4, 2, 6], "pivot": [8, 17, 0], "rotation": [25, -42.5, 0], "uv": [0, 63]},
						{"origin": [9, 16, -5], "size": [0, 1, 2], "pivot": [10, 16, -4], "rotation": [27.5, -35, 0], "uv": [84, 7]},
						{"origin": [12, 16, -2], "size": [0, 1, 2], "pivot": [13, 16, -1], "rotation": [25, -45, 0], "uv": [84, 11]},
						{"origin": [10, 16, -3], "size": [0, 1, 2], "pivot": [11, 16, -2], "rotation": [25, -45, 0], "uv": [84, 15]}
					]
				}
			]
		}
	]
}