{
	"format_version": "1.8.0",
	"animations": {
		"animation.togedemaru.pose": {
			"loop": true,
			"bones": {
				"torso": {
					"rotation": [5, 0, 0],
					"position": [0, 0.4981, -0.04358]
				},
				"Left_hand": {
					"rotation": [77.26585, 7.99365, 31.60659]
				},
				"Right_hand": {
					"rotation": [77.26585, -7.99365, -31.60659]
				},
				"tail": {
					"rotation": [-62.58437, 68.07801, -49.08841],
					"position": [0, 0.5, 0]
				},
				"Right_Back_Bottom_Spine": {
					"rotation": [-85, 0, 0]
				},
				"Left_Top_Spine_back": {
					"rotation": [0, 0, 82.5]
				},
				"Left_Middle_Spine_front": {
					"rotation": [0, 0, 85]
				},
				"Left_Middle_Spine_back": {
					"rotation": [0, 0, 85]
				},
				"Left_Bottom_Spine_front": {
					"rotation": [0, 0, 85]
				},
				"Left_Bottom_Spine_back": {
					"rotation": [0, 0, 85]
				},
				"Right_Top_Spine_front": {
					"rotation": [0, 0, -85]
				},
				"Right_Top_Spine_back": {
					"rotation": [0, 0, -85]
				},
				"Right_Middle_Spine_front": {
					"rotation": [0, 0, -85]
				},
				"Right_Middle_Spine_back": {
					"rotation": [0, 0, -85]
				},
				"Right_Bottom_Spine_front": {
					"rotation": [0, 0, -85]
				},
				"Right_Bottom_Spine_back": {
					"rotation": [0, 0, -85]
				},
				"Left_Back_Top_Spine": {
					"rotation": [-85, 0, 0]
				},
				"Right_Back_Top_Spine": {
					"rotation": [-85, 0, 0]
				},
				"Left_Back_Middle_Spine": {
					"rotation": [-85, 0, 0]
				},
				"Right_Back_Middle_Spine": {
					"rotation": [-85, 0, 0]
				},
				"Left_Back_Bottom_Spine": {
					"rotation": [-85, 0, 0]
				},
				"Left_Front_Spine_front": {
					"rotation": [0, 0, 82.5]
				},
				"mouth_closed": {
					"position": [0, 0, 1]
				},
				"eyes_open": {
					"position": [0, 0, 0]
				},
				"Right_Ear": {
					"rotation": [12.5, 0, 0]
				},
				"Left_Ear": {
					"rotation": [12.5, 0, 0]
				},
				"eyes_angry": {
					"position": [0, 0, -1]
				},
				"mouth_open": {
					"position": [0, 0, -1]
				},
				"eyes_closed": {
					"position": [0, 0, 0]
				},
				"Left_foot": {
					"rotation": [0, -5, 0]
				},
				"Right_foot": {
					"rotation": [0, 5, 0]
				}
			}
		},
		"animation.togedemaru.ground_base": {
			"loop": true,
			"animation_length": 1.5,
			"bones": {
				"torso": {
					"rotation": [5, 0, 0],
					"position": [0, 0.4981, -0.04358],
					"scale": 1
				},
				"Left_hand": {
					"rotation": [77.2659, 7.99365, 31.6066]
				},
				"Right_hand": {
					"rotation": [77.2659, -7.99365, -31.6066]
				},
				"tail": {
					"rotation": [-62.5844, 68.07801, -49.08841],
					"position": [-0.37924, -0.45098, -0.11969]
				},
				"Right_Back_Bottom_Spine": {
					"rotation": [-85, 0, 0]
				},
				"Left_Top_Spine_back": {
					"rotation": [0, 0, 82.5]
				},
				"Left_Middle_Spine_front": {
					"rotation": [0, 0, 85]
				},
				"Left_Middle_Spine_back": {
					"rotation": [0, 0, 85]
				},
				"Left_Bottom_Spine_front": {
					"rotation": [0, 0, 85]
				},
				"Left_Bottom_Spine_back": {
					"rotation": [0, 0, 85]
				},
				"Right_Top_Spine_front": {
					"rotation": [0, 0, -85]
				},
				"Right_Top_Spine_back": {
					"rotation": [0, 0, -85]
				},
				"Right_Middle_Spine_front": {
					"rotation": [0, 0, -85]
				},
				"Right_Middle_Spine_back": {
					"rotation": [0, 0, -85]
				},
				"Right_Bottom_Spine_front": {
					"rotation": [0, 0, -85]
				},
				"Right_Bottom_Spine_back": {
					"rotation": [0, 0, -85]
				},
				"Left_Back_Top_Spine": {
					"rotation": [-85, 0, 0]
				},
				"Right_Back_Top_Spine": {
					"rotation": [-85, 0, 0]
				},
				"Left_Back_Middle_Spine": {
					"rotation": [-85, 0, 0]
				},
				"Right_Back_Middle_Spine": {
					"rotation": [-85, 0, 0]
				},
				"Left_Back_Bottom_Spine": {
					"rotation": [-85, 0, 0]
				},
				"Left_Front_Spine_front": {
					"rotation": [0, 0, 82.5]
				},
				"mouth_closed": {
					"position": [0, 0, 0]
				},
				"eyes_open": {
					"position": [0, 0, 0]
				},
				"Right_Ear": {
					"rotation": [12.5, 0, 0]
				},
				"Left_Ear": {
					"rotation": [12.5, 0, 0]
				},
				"eyes_angry": {
					"position": [0, 0, 1]
				},
				"mouth_open": {
					"position": [0, 0, 0]
				},
				"togedemaru": {
					"rotation": [0, 0, 0]
				}
			}
		},
		"animation.togedemaru.ground_idle": {
			"loop": true,
			"animation_length": 3,
			"bones": {
				"torso": {
					"rotation": ["5+math.sin((query.anim_time)*480)*1", 0, 0],
					"position": [0, "0.4981-math.sin((query.anim_time)*480)*0.3", -0.04358],
					"scale": 1
				},
				"Left_hand": {
					"rotation": ["77.2659-math.sin((query.anim_time-0.1)*480)*3", 7.99365, "31.6066-math.sin((query.anim_time-0.1)*480)*3"]
				},
				"Right_hand": {
					"rotation": ["77.2659-math.sin((query.anim_time-0.1)*480)*3", -7.99365, "-31.6066+math.sin((query.anim_time-0.1)*480)*3"]
				},
				"tail": {
					"rotation": ["-62.5844-math.sin((query.anim_time-0.1)*480)*3", 68.07801, -49.08841],
					"position": [-0.37924, -0.45098, -0.11969]
				},
				"Right_Back_Bottom_Spine": {
					"rotation": [-85, 0, 0]
				},
				"Left_Top_Spine_back": {
					"rotation": [0, 0, 82.5]
				},
				"Left_Middle_Spine_front": {
					"rotation": [0, 0, 85]
				},
				"Left_Middle_Spine_back": {
					"rotation": [0, 0, 85]
				},
				"Left_Bottom_Spine_front": {
					"rotation": [0, 0, 85]
				},
				"Left_Bottom_Spine_back": {
					"rotation": [0, 0, 85]
				},
				"Right_Top_Spine_front": {
					"rotation": [0, 0, -85]
				},
				"Right_Top_Spine_back": {
					"rotation": [0, 0, -85]
				},
				"Right_Middle_Spine_front": {
					"rotation": [0, 0, -85]
				},
				"Right_Middle_Spine_back": {
					"rotation": [0, 0, -85]
				},
				"Right_Bottom_Spine_front": {
					"rotation": [0, 0, -85]
				},
				"Right_Bottom_Spine_back": {
					"rotation": [0, 0, -85]
				},
				"Left_Back_Top_Spine": {
					"rotation": [-85, 0, 0]
				},
				"Right_Back_Top_Spine": {
					"rotation": [-85, 0, 0]
				},
				"Left_Back_Middle_Spine": {
					"rotation": [-85, 0, 0]
				},
				"Right_Back_Middle_Spine": {
					"rotation": [-85, 0, 0]
				},
				"Left_Back_Bottom_Spine": {
					"rotation": [-85, 0, 0]
				},
				"Left_Front_Spine_front": {
					"rotation": [0, 0, 82.5]
				},
				"mouth_closed": {
					"position": [0, 0, 0]
				},
				"eyes_open": {
					"position": [0, 0, 0]
				},
				"Right_Ear": {
					"rotation": ["12.5+math.sin((query.anim_time-0.1)*480)*2", 0, 0]
				},
				"Left_Ear": {
					"rotation": ["12.5+math.sin((query.anim_time-0.1)*480)*2", 0, 0]
				},
				"eyes_angry": {
					"position": [0, 0, 0]
				},
				"mouth_open": {
					"position": [0, 0, 0]
				},
				"togedemaru": {
					"rotation": [0, 0, 0]
				}
			}
		},
		"animation.togedemaru.ground_walk": {
			"loop": true,
			"animation_length": 1,
			"bones": {
				"torso": {
					"rotation": ["12.5+math.cos(q.anim_time*90*4*2)*1", "0-math.sin(q.anim_time*90*4)*8", "0+math.cos(q.anim_time*90*4)*6"],
					"position": [0, "2+math.sin(q.anim_time*90*4*2)*0.3", "-1.25+math.sin(q.anim_time*90*4*2)*0.3"],
					"scale": 1
				},
				"Left_hand": {
					"rotation": ["41.4909-math.sin((query.anim_time-0.06)*720)*10", 0.694, 21.42311]
				},
				"Right_hand": {
					"rotation": ["41.4909-math.sin((query.anim_time-0.06)*720)*10", -0.694, -21.42311]
				},
				"tail": {
					"rotation": ["-35-math.sin((query.anim_time-0.06)*360)*5", "0+math.sin((query.anim_time-0.1)*360)*10", "0+math.sin((query.anim_time-0.1)*360)*10"],
					"position": [-0.37924, -0.45098, -0.11969]
				},
				"Right_Back_Bottom_Spine": {
					"rotation": [-85, 0, 0]
				},
				"Left_Top_Spine_back": {
					"rotation": [0, 0, 82.5]
				},
				"Left_Middle_Spine_front": {
					"rotation": [0, 0, 85]
				},
				"Left_Middle_Spine_back": {
					"rotation": [0, 0, 85]
				},
				"Left_Bottom_Spine_front": {
					"rotation": [0, 0, 85]
				},
				"Left_Bottom_Spine_back": {
					"rotation": [0, 0, 85]
				},
				"Right_Top_Spine_front": {
					"rotation": [0, 0, -85]
				},
				"Right_Top_Spine_back": {
					"rotation": [0, 0, -85]
				},
				"Right_Middle_Spine_front": {
					"rotation": [0, 0, -85]
				},
				"Right_Middle_Spine_back": {
					"rotation": [0, 0, -85]
				},
				"Right_Bottom_Spine_front": {
					"rotation": [0, 0, -85]
				},
				"Right_Bottom_Spine_back": {
					"rotation": [0, 0, -85]
				},
				"Left_Back_Top_Spine": {
					"rotation": [-85, 0, 0]
				},
				"Right_Back_Top_Spine": {
					"rotation": [-85, 0, 0]
				},
				"Left_Back_Middle_Spine": {
					"rotation": [-85, 0, 0]
				},
				"Right_Back_Middle_Spine": {
					"rotation": [-85, 0, 0]
				},
				"Left_Back_Bottom_Spine": {
					"rotation": [-85, 0, 0]
				},
				"Left_Front_Spine_front": {
					"rotation": [0, 0, 82.5]
				},
				"mouth_closed": {
					"position": [0, 0, 0]
				},
				"eyes_open": {
					"position": [0, 0, 0]
				},
				"Right_Ear": {
					"rotation": ["12.5-math.sin((query.anim_time-0.06)*720)*10", 0, 0]
				},
				"Left_Ear": {
					"rotation": ["12.5-math.sin((query.anim_time-0.06)*720)*10", 0, 0]
				},
				"eyes_angry": {
					"position": [0, 0, 0]
				},
				"mouth_open": {
					"position": [0, 0, 0]
				},
				"togedemaru": {
					"rotation": [0, 0, 0],
					"position": [0, 0, 0]
				},
				"Left_foot": {
					"rotation": ["15+math.cos(q.anim_time*90*4)*10", 0, 0],
					"position": [0.5, "1+math.clamp(math.cos(q.anim_time*90*4-180)*3/2,0,20)", "math.sin(q.anim_time*90*4)*1"]
				},
				"Right_foot": {
					"rotation": ["15-math.cos(q.anim_time*90*4)*10", 0, 0],
					"position": [-0.5, "1+math.clamp(math.cos(q.anim_time*90*4)*3/2,0,20)", "0-math.sin(q.anim_time*90*4)*1"]
				},
				"Left_foot2": {
					"rotation": {
						"0.0": [-20, 0, 0],
						"0.0833": [-20, 0, 0],
						"0.3333": {
							"pre": [6.5, 0, 0],
							"post": [6.5, 0, 0],
							"lerp_mode": "catmullrom"
						},
						"0.5": {
							"post": [34, 0, 0],
							"lerp_mode": "catmullrom"
						},
						"0.625": {
							"post": [-2.5, 0, 0],
							"lerp_mode": "catmullrom"
						},
						"0.75": {
							"post": [-10, 0, 0],
							"lerp_mode": "catmullrom"
						},
						"1.0": [-20, 0, 0]
					}
				},
				"Right_foot2": {
					"rotation": {
						"0.0": {
							"post": [34, 0, 0],
							"lerp_mode": "catmullrom"
						},
						"0.125": {
							"post": [-2.5, 0, 0],
							"lerp_mode": "catmullrom"
						},
						"0.25": {
							"post": [-10, 0, 0],
							"lerp_mode": "catmullrom"
						},
						"0.5": [-20, 0, 0],
						"0.5833": [-20, 0, 0],
						"0.8333": {
							"pre": [6.5, 0, 0],
							"post": [6.5, 0, 0],
							"lerp_mode": "catmullrom"
						},
						"1.0": {
							"post": [34, 0, 0],
							"lerp_mode": "catmullrom"
						}
					}
				}
			}
		},
		"animation.togedemaru.sleep": {
			"loop": true,
			"animation_length": 3,
			"bones": {
				"torso": {
					"rotation": ["-5+math.sin((query.anim_time)*120)*1", 0, 0],
					"position": [0, -0.5019, -0.04358],
					"scale": 1
				},
				"Left_hand": {
					"rotation": [77.2659, 7.99365, 31.6066],
					"position": [0, 1, 0]
				},
				"Right_hand": {
					"rotation": [77.2659, -7.99365, -31.6066],
					"position": [0, 1, 0]
				},
				"tail": {
					"rotation": ["-62.5844+math.sin((query.anim_time-0.1)*120)*2", 68.07801, -49.08841],
					"position": [-0.37924, -0.45098, -0.11969]
				},
				"Right_Back_Bottom_Spine": {
					"rotation": [-85, 0, 0]
				},
				"Left_Top_Spine_back": {
					"rotation": [0, 0, 82.5]
				},
				"Left_Middle_Spine_front": {
					"rotation": [0, 0, 85]
				},
				"Left_Middle_Spine_back": {
					"rotation": [0, 0, 85]
				},
				"Left_Bottom_Spine_front": {
					"rotation": [0, 0, 85]
				},
				"Left_Bottom_Spine_back": {
					"rotation": [0, 0, 85]
				},
				"Right_Top_Spine_front": {
					"rotation": [0, 0, -85]
				},
				"Right_Top_Spine_back": {
					"rotation": [0, 0, -85]
				},
				"Right_Middle_Spine_front": {
					"rotation": [0, 0, -85]
				},
				"Right_Middle_Spine_back": {
					"rotation": [0, 0, -85]
				},
				"Right_Bottom_Spine_front": {
					"rotation": [0, 0, -85]
				},
				"Right_Bottom_Spine_back": {
					"rotation": [0, 0, -85]
				},
				"Left_Back_Top_Spine": {
					"rotation": [-85, 0, 0]
				},
				"Right_Back_Top_Spine": {
					"rotation": [-85, 0, 0]
				},
				"Left_Back_Middle_Spine": {
					"rotation": [-85, 0, 0]
				},
				"Right_Back_Middle_Spine": {
					"rotation": [-85, 0, 0]
				},
				"Left_Back_Bottom_Spine": {
					"rotation": [-85, 0, 0]
				},
				"Left_Front_Spine_front": {
					"rotation": [0, 0, 82.5]
				},
				"mouth_closed": {
					"position": [0, 0, 0]
				},
				"eyes_open": {
					"position": [0, 0, 1]
				},
				"Right_Ear": {
					"rotation": ["12.5+math.sin((query.anim_time-0.1)*120)*2", 0, 0]
				},
				"Left_Ear": {
					"rotation": ["12.5+math.sin((query.anim_time-0.1)*120)*2", 0, 0]
				},
				"eyes_angry": {
					"position": [0, 0, 1]
				},
				"mouth_open": {
					"position": [0, 0, 0]
				},
				"togedemaru": {
					"rotation": [0, 0, 0]
				},
				"tucked_body": {
					"position": [0, -1, -1]
				},
				"eyes_closed": {
					"position": [0, 0, -1]
				},
				"Left_foot": {
					"scale": 0
				},
				"Right_foot": {
					"scale": 0
				}
			}
		},
		"animation.togedemaru.blink": {
			"animation_length": 0.3333,
			"bones": {
				"eyes_open": {
					"position": {
						"0.0": [0, 0, 0],
						"0.0417": [0, 0, 1],
						"0.2917": [0, 0, 1],
						"0.3333": [0, 0, 0]
					}
				},
				"eyes_angry": {
					"position": [0, 0, 0]
				},
				"eyes_closed": {
					"position": {
						"0.0": [0, 0, 0],
						"0.0417": [0, 0, -1],
						"0.2917": [0, 0, -1],
						"0.3333": [0, 0, 0]
					}
				}
			}
		},
		"animation.togedemaru.cry": {
			"animation_length": 3,
			"bones": {
				"mouth_closed": {
					"position": {
						"0.1667": [0, 0, 0],
						"0.2083": [0, 0, 1],
						"0.9167": [0, 0, 1],
						"0.9583": [0, 0, 0]
					}
				},
				"mouth_happy": {
					"position": {
						"0.1667": [0, 0, 0],
						"0.2083": [0, 0, -1],
						"0.4167": [0, 0, -1],
						"0.4583": [0, 0, 0]
					}
				},
				"mouth_open": {
					"position": {
						"0.4167": [0, 0, 0],
						"0.4583": [0, 0, -1],
						"0.9167": [0, 0, -1],
						"0.9583": [0, 0, 0]
					}
				}
			},
			"sound_effects": {
				"0.2083": {
					"effect": "pokemon.togedemaru.cry"
				}
			}
		},
		"animation.togedemaru.faint": {
			"loop": true,
			"animation_length": 3,
			"bones": {
				"torso": {
					"rotation": {
						"0.0": {
							"post": [5, 0, 0],
							"lerp_mode": "catmullrom"
						},
						"0.2917": {
							"post": [25, 0, 0],
							"lerp_mode": "catmullrom"
						},
						"0.8333": {
							"post": [-4.96207, 0.43399, 9.99067],
							"lerp_mode": "catmullrom"
						},
						"1.25": {
							"post": [5.03793, 0.43399, 9.99067],
							"lerp_mode": "catmullrom"
						},
						"1.625": {
							"post": [-5.20096, -0.47153, -2.42876],
							"lerp_mode": "catmullrom"
						},
						"1.8333": {
							"post": [-10.20096, -0.47153, -2.42876],
							"lerp_mode": "catmullrom"
						},
						"2.0417": [7.27177, -0.78861, 0.0512],
						"2.125": [7.27177, -0.78861, 0.0512],
						"2.2083": [7.27177, -0.78861, 0.0512]
					},
					"position": {
						"0.0": {
							"post": [0, 0.4981, -0.04358],
							"lerp_mode": "catmullrom"
						},
						"0.2917": {
							"post": [0, 1, -2.29],
							"lerp_mode": "catmullrom"
						},
						"0.8333": {
							"post": [1, 1.5, 2.96],
							"lerp_mode": "catmullrom"
						},
						"1.25": {
							"post": [1, 1.75, 1.96],
							"lerp_mode": "catmullrom"
						},
						"1.625": {
							"post": [0.21, 1.99, 2.54],
							"lerp_mode": "catmullrom"
						},
						"1.8333": {
							"post": [0.21, 2.99, 2.54],
							"lerp_mode": "catmullrom"
						},
						"2.0417": [0.21, -0.01, 2.54],
						"2.125": [0.21, 0.49, 2.54],
						"2.2083": [0.21, -0.01, 2.54]
					}
				},
				"Left_hand": {
					"rotation": {
						"0.0": {
							"post": [77.2659, 7.99365, 31.6066],
							"lerp_mode": "catmullrom"
						},
						"0.2917": {
							"post": [27.2659, 7.99365, 31.6066],
							"lerp_mode": "catmullrom"
						},
						"1.1667": {
							"post": [58.4918, 1.00542, 15.50234],
							"lerp_mode": "catmullrom"
						},
						"1.7083": {
							"post": [36.87417, 2.00278, 27.07366],
							"lerp_mode": "catmullrom"
						},
						"2.125": {
							"post": [77.2659, 7.99365, 31.6066],
							"lerp_mode": "catmullrom"
						},
						"2.2083": {
							"post": [67.2659, 7.99365, 31.6066],
							"lerp_mode": "catmullrom"
						},
						"2.2917": [77.2659, 7.99365, 31.6066]
					}
				},
				"Right_hand": {
					"rotation": {
						"0.0": {
							"post": [77.2659, -7.99365, -31.6066],
							"lerp_mode": "catmullrom"
						},
						"0.2917": {
							"post": [27.2659, -7.99365, -31.6066],
							"lerp_mode": "catmullrom"
						},
						"1.1667": {
							"post": [58.4918, -1.00542, -15.50234],
							"lerp_mode": "catmullrom"
						},
						"1.7083": {
							"post": [36.87417, -2.00278, -27.07366],
							"lerp_mode": "catmullrom"
						},
						"2.125": {
							"post": [77.2659, -7.99365, -31.6066],
							"lerp_mode": "catmullrom"
						},
						"2.2083": {
							"post": [67.2659, -7.99365, -31.6066],
							"lerp_mode": "catmullrom"
						},
						"2.2917": [77.2659, -7.99365, -31.6066]
					}
				},
				"tail": {
					"rotation": {
						"0.0": {
							"post": [-62.5844, 68.07801, -49.08841],
							"lerp_mode": "catmullrom"
						},
						"0.3333": {
							"post": [-36.45152, 70.92443, -46.01852],
							"lerp_mode": "catmullrom"
						},
						"0.75": {
							"post": [-70.30757, 74.62126, -40.15551],
							"lerp_mode": "catmullrom"
						},
						"1.125": {
							"post": [-60.30757, 74.62126, -40.15551],
							"lerp_mode": "catmullrom"
						},
						"1.4167": {
							"post": [-63.87719, 74.02504, -40.94429],
							"lerp_mode": "catmullrom"
						},
						"1.8333": {
							"post": [-40.32895, 71.51808, -44.29006],
							"lerp_mode": "catmullrom"
						},
						"2.125": {
							"post": [-90.0844, 68.07801, -49.08841],
							"lerp_mode": "catmullrom"
						},
						"2.2083": {
							"post": [-85.0844, 68.07801, -49.08841],
							"lerp_mode": "catmullrom"
						},
						"2.2917": [-90.0844, 68.07801, -49.08841]
					},
					"position": [-0.37924, -0.45098, -0.11969]
				},
				"Right_Back_Bottom_Spine": {
					"rotation": [-85, 0, 0]
				},
				"Left_Top_Spine_back": {
					"rotation": [0, 0, 82.5]
				},
				"Left_Middle_Spine_front": {
					"rotation": [0, 0, 85]
				},
				"Left_Middle_Spine_back": {
					"rotation": [0, 0, 85]
				},
				"Left_Bottom_Spine_front": {
					"rotation": [0, 0, 85]
				},
				"Left_Bottom_Spine_back": {
					"rotation": [0, 0, 85]
				},
				"Right_Top_Spine_front": {
					"rotation": [0, 0, -85]
				},
				"Right_Top_Spine_back": {
					"rotation": [0, 0, -85]
				},
				"Right_Middle_Spine_front": {
					"rotation": [0, 0, -85]
				},
				"Right_Middle_Spine_back": {
					"rotation": [0, 0, -85]
				},
				"Right_Bottom_Spine_front": {
					"rotation": [0, 0, -85]
				},
				"Right_Bottom_Spine_back": {
					"rotation": [0, 0, -85]
				},
				"Left_Back_Top_Spine": {
					"rotation": [-85, 0, 0]
				},
				"Right_Back_Top_Spine": {
					"rotation": [-85, 0, 0]
				},
				"Left_Back_Middle_Spine": {
					"rotation": [-85, 0, 0]
				},
				"Right_Back_Middle_Spine": {
					"rotation": [-85, 0, 0]
				},
				"Left_Back_Bottom_Spine": {
					"rotation": [-85, 0, 0]
				},
				"Left_Front_Spine_front": {
					"rotation": [0, 0, 82.5]
				},
				"mouth_closed": {
					"position": {
						"0.0": [0, 0, 0],
						"0.0417": [0, 0, 1]
					}
				},
				"eyes_open": {
					"position": {
						"0.0": [0, 0, 0],
						"0.25": [0, 0, 0],
						"0.2917": [0, 0, 1]
					}
				},
				"Right_Ear": {
					"rotation": {
						"0.0": {
							"post": [12.5, 0, 0],
							"lerp_mode": "catmullrom"
						},
						"0.5": {
							"post": [37.5, 0, 0],
							"lerp_mode": "catmullrom"
						},
						"1.0": {
							"post": [7.5, 0, 0],
							"lerp_mode": "catmullrom"
						},
						"1.3333": {
							"post": [24.77, 0, 0],
							"lerp_mode": "catmullrom"
						},
						"1.9583": {
							"post": [12.5, 0, 0],
							"lerp_mode": "catmullrom"
						},
						"2.0417": {
							"post": [30.67, 0, 0],
							"lerp_mode": "catmullrom"
						},
						"2.2083": [20, 0, 0]
					}
				},
				"Left_Ear": {
					"rotation": {
						"0.0": {
							"post": [12.5, 0, 0],
							"lerp_mode": "catmullrom"
						},
						"0.5": {
							"post": [37.5, 0, 0],
							"lerp_mode": "catmullrom"
						},
						"1.0": {
							"post": [7.5, 0, 0],
							"lerp_mode": "catmullrom"
						},
						"1.3333": {
							"post": [24.77, 0, 0],
							"lerp_mode": "catmullrom"
						},
						"1.9583": {
							"post": [12.5, 0, 0],
							"lerp_mode": "catmullrom"
						},
						"2.0417": {
							"post": [30.67, 0, 0],
							"lerp_mode": "catmullrom"
						},
						"2.2083": [20, 0, 0]
					}
				},
				"eyes_angry": {
					"position": {
						"0.0": [0, 0, 1],
						"0.25": [0, 0, 1],
						"0.2917": [0, 0, -2]
					}
				},
				"mouth_open": {
					"position": {
						"0.0": [0, 0, 0],
						"0.0417": [0, 0, -1],
						"1.875": [0, 0, -1],
						"1.9167": [0, 0, 0]
					}
				},
				"togedemaru": {
					"rotation": [0, 0, 0]
				},
				"mouth_angry": {
					"position": {
						"1.875": [0, 0, 0],
						"1.9167": [0, 0, -1]
					}
				},
				"Left_foot": {
					"rotation": {
						"0.0": [0, 0, 0],
						"1.0": [42.5, 0, 0],
						"1.25": [52.5, 0, 0],
						"1.4583": [50.24003, 0.33372, 1.29722],
						"1.625": [61.93206, 0.6007, 2.335],
						"1.7917": [83.04479, -0.64935, -9.03522],
						"1.9167": [7.04588, 1.06791, 4.1511]
					},
					"position": {
						"0.0": [0, 0, 0],
						"1.0": [0, 1.5, 0],
						"1.25": [0, 1.5, -0.5],
						"1.4583": [0, 1.65, -0.5],
						"1.625": [0, 2.58, -0.5],
						"1.7917": [0, 4.25, -0.5],
						"1.9167": [0, 2.5, 1],
						"1.9583": [0, 1.44, 1],
						"2.0": [0, 0.54, 1],
						"2.0833": [0, 0.25, 1],
						"2.125": [0, 0.5, 1],
						"2.2083": [0, 0.25, 1]
					}
				},
				"Right_foot": {
					"rotation": {
						"0.0": [0, 0, 0],
						"1.0": [15.50409, 14.47751, 3.96713],
						"1.25": [28.00409, 14.47751, 3.96713],
						"1.625": [39.84072, 3.7153, -1.65319],
						"1.7917": [59.54588, -1.06791, -4.1511],
						"1.9167": [7.04588, -1.06791, -4.1511]
					},
					"position": {
						"0.0": [0, 0, 0],
						"0.4167": [0, 0.54, 0.42],
						"0.8333": [0, 2.44, 0.83],
						"1.0": [0, 2.5, 1],
						"1.625": [0, 2.79, 1],
						"1.7917": [0, 3.5, 1],
						"1.9167": [0, 2.5, 1],
						"1.9583": [0, 1.44, 1],
						"2.0": [0, 0.54, 1],
						"2.0833": [0, 0.25, 1],
						"2.125": [0, 0.5, 1],
						"2.2083": [0, 0.25, 1]
					}
				},
				"Left_foot2": {
					"rotation": {
						"0.0": [0, 0, 0],
						"1.0": [-32.5, 0, 0],
						"1.25": [-47.5, 0, 0],
						"1.625": [-35, 0, 0],
						"2.0833": [-47.5, 0, 0]
					}
				},
				"Right_foot2": {
					"rotation": {
						"0.0": [0, 0, 0],
						"1.0": [-5, 0, 0],
						"1.625": [-27.89, 0, 0],
						"1.7917": [-15, 0, 0],
						"2.0833": [-47.5, 0, 0]
					}
				}
			}
		},
		"animation.togedemaru.recoil": {
			"animation_length": 1.5,
			"bones": {
				"torso": {
					"rotation": {
						"0.0": [0, 0, 0],
						"0.0833": {
							"pre": [7.5, 0, 0],
							"post": [7.5, 0, 0],
							"lerp_mode": "catmullrom"
						},
						"0.5417": {
							"post": [-2.9, 1.5, 0],
							"lerp_mode": "catmullrom"
						},
						"1.1667": {
							"post": [-0.3, 0, 0],
							"lerp_mode": "catmullrom"
						},
						"1.5": [0, 0, 0]
					}
				},
				"eyes_open": {
					"rotation": [0, 0, 0],
					"position": {
						"0.0": [0, 0, 0],
						"0.0417": [0, 0, 1],
						"1.25": [0, 0, 1],
						"1.2917": [0, 0, 0]
					}
				},
				"eyes_angry": {
					"position": {
						"0.0": [0, 0, 0],
						"0.0417": [0, 0, -2],
						"1.25": [0, 0, -2],
						"1.2917": [0, 0, 0]
					}
				},
				"mouth_closed": {
					"position": {
						"0.0833": [0, 0, 0],
						"0.125": [0, 0, 1],
						"1.3333": [0, 0, 1],
						"1.375": [0, 0, 0]
					}
				},
				"mouth_happy": {
					"position": [0, 0, 0]
				},
				"mouth_open": {
					"position": {
						"0.0833": [0, 0, 0],
						"0.125": [0, 0, -1],
						"0.5": [0, 0, -1],
						"0.5417": [0, 0, 0]
					}
				},
				"mouth_angry": {
					"position": {
						"0.5": [0, 0, 0],
						"0.5417": [0, 0, -1],
						"1.3333": [0, 0, -1],
						"1.375": [0, 0, 0]
					}
				},
				"tail": {
					"rotation": {
						"0.0": {
							"post": [0, 0, 0],
							"lerp_mode": "catmullrom"
						},
						"0.375": {
							"post": [0, 0, 15],
							"lerp_mode": "catmullrom"
						},
						"1.0417": {
							"post": [0, 0, 0],
							"lerp_mode": "catmullrom"
						},
						"1.5": {
							"post": [0, 0, 0],
							"lerp_mode": "catmullrom"
						}
					}
				},
				"Left_Ear": {
					"rotation": {
						"0.0": [0, 0, 0],
						"0.25": {
							"pre": [20, 0, 0],
							"post": [20, 0, 0],
							"lerp_mode": "catmullrom"
						},
						"0.8333": {
							"post": [5, 0, 0],
							"lerp_mode": "catmullrom"
						},
						"1.0": [0, 0, 0],
						"1.4167": [0, 0, 0]
					}
				},
				"Right_Ear": {
					"rotation": {
						"0.0": [0, 0, 0],
						"0.25": {
							"pre": [20, 0, 0],
							"post": [20, 0, 0],
							"lerp_mode": "catmullrom"
						},
						"0.8333": {
							"post": [5, 0, 0],
							"lerp_mode": "catmullrom"
						},
						"1.0": [0, 0, 0],
						"1.4167": [0, 0, 0]
					}
				}
			}
		},
		"animation.togedemaru.physical": {
			"loop": true,
			"animation_length": 3,
			"bones": {
				"torso": {
					"rotation": {
						"0.0": [5, 0, 0],
						"0.1667": [12.5, 0, 0],
						"0.3333": [20, 0, 0],
						"0.625": {
							"pre": [-10, 0, 0],
							"post": [-10, 0, 0],
							"lerp_mode": "catmullrom"
						},
						"0.8333": {
							"post": [-5, 0, 0],
							"lerp_mode": "catmullrom"
						},
						"1.125": {
							"post": [150, 0, 0],
							"lerp_mode": "catmullrom"
						},
						"1.625": {
							"post": [400, 0, 0],
							"lerp_mode": "catmullrom"
						},
						"1.7917": {
							"post": [375, 0, 0],
							"lerp_mode": "catmullrom"
						},
						"2.0": {
							"post": [375, 0, 0],
							"lerp_mode": "catmullrom"
						},
						"2.2083": {
							"post": [387.5, 0, 0],
							"lerp_mode": "catmullrom"
						},
						"2.4167": {
							"post": [280, 0, 0],
							"lerp_mode": "catmullrom"
						},
						"2.7917": [0, 0, 0],
						"3.0": [5, 0, 0]
					},
					"position": {
						"0.0": [0, 0.4981, -0.04358],
						"0.1667": [0, 0.4981, -1.29358],
						"0.3333": [0, 0.4981, -2.29358],
						"0.625": {
							"pre": [0, 22.43807, -1.70838],
							"post": [0, 22.43807, -1.70838],
							"lerp_mode": "catmullrom"
						},
						"0.8333": {
							"post": [0, 22.43807, -1.70838],
							"lerp_mode": "catmullrom"
						},
						"1.125": {
							"post": [0, -3.01118, -2.69219],
							"lerp_mode": "catmullrom"
						},
						"1.625": {
							"post": [0, 0.99, -34.69],
							"lerp_mode": "catmullrom"
						},
						"1.7917": {
							"post": [0, 0.50704, -34.56059],
							"lerp_mode": "catmullrom"
						},
						"2.0": {
							"post": [0, 0.50704, -34.56059],
							"lerp_mode": "catmullrom"
						},
						"2.2083": {
							"post": [0, 1.21175, -35.80544],
							"lerp_mode": "catmullrom"
						},
						"2.4167": {
							"post": [0, 11.99, -10.69],
							"lerp_mode": "catmullrom"
						},
						"2.875": [0, 0.4981, -0.04358],
						"3.0": [0, 0.4981, -0.04358]
					},
					"scale": 1
				},
				"Left_hand": {
					"rotation": {
						"0.0": {
							"post": [77.2659, 7.99365, 31.6066],
							"lerp_mode": "catmullrom"
						},
						"0.25": {
							"post": [17.54787, 4.605, 23.30708],
							"lerp_mode": "catmullrom"
						},
						"0.3333": {
							"post": [34.7659, 7.99365, 31.6066],
							"lerp_mode": "catmullrom"
						},
						"0.4583": {
							"post": [77.2659, 7.99365, 31.6066],
							"lerp_mode": "catmullrom"
						},
						"0.75": {
							"post": [-52.7709, -4.90631, 38.34119],
							"lerp_mode": "catmullrom"
						},
						"0.8333": {
							"post": [77.2659, 7.99365, 31.6066],
							"lerp_mode": "catmullrom"
						},
						"1.5417": {
							"post": [77.27, 7.99, 31.61],
							"lerp_mode": "catmullrom"
						},
						"1.6667": {
							"post": [24.11775, -21.34845, 1.27449],
							"lerp_mode": "catmullrom"
						},
						"1.9583": {
							"post": [24.11775, -21.34845, 1.27449],
							"lerp_mode": "catmullrom"
						},
						"2.0833": {
							"post": [47.2659, 7.99365, 31.6066],
							"lerp_mode": "catmullrom"
						},
						"2.25": {
							"post": [47.2659, 7.99365, 31.6066],
							"lerp_mode": "catmullrom"
						},
						"2.4583": {
							"post": [22.2659, 7.99365, 31.6066],
							"lerp_mode": "catmullrom"
						},
						"2.8333": {
							"post": [77.2659, 7.99365, 31.6066],
							"lerp_mode": "catmullrom"
						},
						"3.0": {
							"post": [77.2659, 7.99365, 31.6066],
							"lerp_mode": "catmullrom"
						}
					},
					"position": {
						"0.0": [0, 0, 0],
						"0.6667": [0, 0, 0],
						"0.7083": [0, -0.33348, -0.94276],
						"0.75": [0, -0.33, -0.94],
						"0.8333": [0, 0, 0],
						"1.5417": [0, 0, 0]
					}
				},
				"Right_hand": {
					"rotation": {
						"0.0": {
							"post": [77.2659, -7.99365, -31.6066],
							"lerp_mode": "catmullrom"
						},
						"0.25": {
							"post": [17.54787, -4.605, -23.30708],
							"lerp_mode": "catmullrom"
						},
						"0.3333": {
							"post": [34.7659, -7.99365, -31.6066],
							"lerp_mode": "catmullrom"
						},
						"0.4583": {
							"post": [77.2659, -7.99365, -31.6066],
							"lerp_mode": "catmullrom"
						},
						"0.75": {
							"post": [-52.7709, 4.90631, -38.34119],
							"lerp_mode": "catmullrom"
						},
						"0.8333": {
							"post": [77.2659, -7.99365, -31.6066],
							"lerp_mode": "catmullrom"
						},
						"1.5417": {
							"post": [77.27, -7.99, -31.61],
							"lerp_mode": "catmullrom"
						},
						"1.6667": {
							"post": [24.11775, 21.34845, -1.27449],
							"lerp_mode": "catmullrom"
						},
						"1.9583": {
							"post": [24.11775, 21.34845, -1.27449],
							"lerp_mode": "catmullrom"
						},
						"2.0833": {
							"post": [47.2659, -7.99365, -31.6066],
							"lerp_mode": "catmullrom"
						},
						"2.25": {
							"post": [47.2659, -7.99365, -31.6066],
							"lerp_mode": "catmullrom"
						},
						"2.4583": {
							"post": [22.2659, -7.99365, -31.6066],
							"lerp_mode": "catmullrom"
						},
						"2.8333": {
							"post": [77.2659, -7.99365, -31.6066],
							"lerp_mode": "catmullrom"
						},
						"3.0": {
							"post": [77.2659, -7.99365, -31.6066],
							"lerp_mode": "catmullrom"
						}
					},
					"position": {
						"0.0": [0, 0, 0],
						"0.6667": [0, 0, 0],
						"0.7083": [0, -0.33348, -0.94276],
						"0.75": [0, -0.33, -0.94],
						"0.8333": [0, 0, 0],
						"1.5417": [0, 0, 0]
					}
				},
				"tail": {
					"rotation": {
						"0.0": {
							"post": [-62.5844, 68.07801, -49.08841],
							"lerp_mode": "catmullrom"
						},
						"0.375": {
							"post": [-54.29139, 75.07276, -40.36524],
							"lerp_mode": "catmullrom"
						},
						"0.7083": {
							"post": [-67.68636, 58.4015, -54.78106],
							"lerp_mode": "catmullrom"
						},
						"1.1667": {
							"post": [-87.75893, 79.35952, -28.54991],
							"lerp_mode": "catmullrom"
						},
						"1.4583": {
							"post": [-87.75893, 79.35952, -28.54991],
							"lerp_mode": "catmullrom"
						},
						"1.7083": {
							"post": [-20.25893, 79.35952, -28.54991],
							"lerp_mode": "catmullrom"
						},
						"1.875": {
							"post": [-67.68636, 58.4015, -54.78106],
							"lerp_mode": "catmullrom"
						},
						"2.4167": {
							"post": [-25.44109, 81.21995, -18.59138],
							"lerp_mode": "catmullrom"
						},
						"2.625": {
							"post": [-62.5844, 68.07801, -49.08841],
							"lerp_mode": "catmullrom"
						},
						"2.7917": {
							"post": [-73.16407, 60.58306, -49.73018],
							"lerp_mode": "catmullrom"
						},
						"3.0": {
							"post": [-62.5844, 68.07801, -49.08841],
							"lerp_mode": "catmullrom"
						}
					},
					"position": [-0.37924, -0.45098, -0.11969]
				},
				"Right_Back_Bottom_Spine": {
					"rotation": [-85, 0, 0]
				},
				"Left_Top_Spine_back": {
					"rotation": [0, 0, 82.5]
				},
				"Left_Middle_Spine_front": {
					"rotation": [0, 0, 85]
				},
				"Left_Middle_Spine_back": {
					"rotation": [0, 0, 85]
				},
				"Left_Bottom_Spine_front": {
					"rotation": [0, 0, 85]
				},
				"Left_Bottom_Spine_back": {
					"rotation": [0, 0, 85]
				},
				"Right_Top_Spine_front": {
					"rotation": [0, 0, -85]
				},
				"Right_Top_Spine_back": {
					"rotation": [0, 0, -85]
				},
				"Right_Middle_Spine_front": {
					"rotation": [0, 0, -85]
				},
				"Right_Middle_Spine_back": {
					"rotation": [0, 0, -85]
				},
				"Right_Bottom_Spine_front": {
					"rotation": [0, 0, -85]
				},
				"Right_Bottom_Spine_back": {
					"rotation": [0, 0, -85]
				},
				"Left_Back_Top_Spine": {
					"rotation": [-85, 0, 0]
				},
				"Right_Back_Top_Spine": {
					"rotation": [-85, 0, 0]
				},
				"Left_Back_Middle_Spine": {
					"rotation": [-85, 0, 0]
				},
				"Right_Back_Middle_Spine": {
					"rotation": [-85, 0, 0]
				},
				"Left_Back_Bottom_Spine": {
					"rotation": [-85, 0, 0]
				},
				"Left_Front_Spine_front": {
					"rotation": [0, 0, 82.5]
				},
				"mouth_closed": {
					"position": {
						"0.0": [0, 0, 0],
						"0.125": [0, 0, 0],
						"0.1667": [0, -0.08716, 0.99619],
						"1.9583": [0, -0.09, 1],
						"2.0": [0, -0.09, 0]
					}
				},
				"eyes_open": {
					"position": {
						"0.0": [0, 0, 0],
						"0.2917": [0, 0, 0],
						"0.3333": [0, 0, 1],
						"1.8333": [0, 0, 1],
						"1.875": [0, 0, 0]
					}
				},
				"Right_Ear": {
					"rotation": {
						"0.0": {
							"post": [12.5, 0, 0],
							"lerp_mode": "catmullrom"
						},
						"0.375": {
							"post": [35, 0, 0],
							"lerp_mode": "catmullrom"
						},
						"0.8333": {
							"post": [10, 0, 0],
							"lerp_mode": "catmullrom"
						},
						"1.5417": {
							"post": [10, 0, 0],
							"lerp_mode": "catmullrom"
						},
						"1.7083": {
							"post": [35, 0, 0],
							"lerp_mode": "catmullrom"
						},
						"1.9583": {
							"post": [10, 0, 0],
							"lerp_mode": "catmullrom"
						},
						"2.5": {
							"post": [40, 0, 0],
							"lerp_mode": "catmullrom"
						},
						"2.7917": {
							"post": [12.5, 0, 0],
							"lerp_mode": "catmullrom"
						},
						"3.0": {
							"post": [12.5, 0, 0],
							"lerp_mode": "catmullrom"
						}
					}
				},
				"Left_Ear": {
					"rotation": {
						"0.0": {
							"post": [12.5, 0, 0],
							"lerp_mode": "catmullrom"
						},
						"0.375": {
							"post": [35, 0, 0],
							"lerp_mode": "catmullrom"
						},
						"0.8333": {
							"post": [10, 0, 0],
							"lerp_mode": "catmullrom"
						},
						"1.5417": {
							"post": [10, 0, 0],
							"lerp_mode": "catmullrom"
						},
						"1.7083": {
							"post": [35, 0, 0],
							"lerp_mode": "catmullrom"
						},
						"1.9583": {
							"post": [10, 0, 0],
							"lerp_mode": "catmullrom"
						},
						"2.5": {
							"post": [40, 0, 0],
							"lerp_mode": "catmullrom"
						},
						"2.7917": {
							"post": [12.5, 0, 0],
							"lerp_mode": "catmullrom"
						},
						"3.0": {
							"post": [12.5, 0, 0],
							"lerp_mode": "catmullrom"
						}
					}
				},
				"eyes_angry": {
					"position": {
						"0.0": [0, 0, 1],
						"0.2917": [0, 0, 1],
						"0.3333": [0, 0, -2],
						"1.625": [0, 0, -2],
						"1.6667": [0, 0, -1]
					}
				},
				"mouth_open": {
					"position": {
						"0.0": [0, 0, 0],
						"0.125": [0, 0, 0],
						"0.1667": [0, 0, -1],
						"0.2917": [0, 0, -1],
						"0.3333": [0, 0, 0]
					}
				},
				"togedemaru": {
					"rotation": [0, 0, 0]
				},
				"eyes_closed": {
					"position": {
						"0.0": [0, 0, 0],
						"1.625": [0, 0, 0],
						"1.6667": [0, 0, -1],
						"1.8333": [0, 0, -1],
						"1.875": [0, 0, 0]
					}
				},
				"mouth_angry": {
					"position": {
						"0.2917": [0, 0, 0],
						"0.3333": [0, 0, -1],
						"1.9583": [0, 0, -1],
						"2.0": [0, 0, 0]
					}
				},
				"tucked_body": {
					"rotation": [0, 0, 0],
					"position": {
						"0.0": [0, 0, 0],
						"0.7917": [0, 0, 0],
						"0.8333": [0, -1, -1],
						"1.4583": [0, -1, -1],
						"1.5": [0, 0, 0],
						"2.25": [0, -1, 0],
						"2.3333": [0, -1, -1],
						"2.7083": [0, -1, -1],
						"2.75": [0, -1, 0]
					}
				},
				"Left_foot": {
					"rotation": {
						"0.0": [0.4312, -12.4449, -1.45326],
						"0.1667": [-0.10287, -12.01777, 1.06721],
						"0.3333": [-0.59293, -11.25142, 3.4968],
						"0.625": [108.18522, -8.98729, -3.76693],
						"0.7917": [-23.25392, 15.79344, -0.24906],
						"0.8333": [0.45594, 22.55412, -1.18545],
						"1.0417": [0.46, 22.55, -1.19],
						"1.4167": [0.46, 22.55, -1.19],
						"1.5": [-49.5688, -12.4449, -1.45326],
						"1.5417": [-34.3285, -9.15057, 3.88124],
						"1.7083": [2.42341, -11.8001, 1.03228],
						"1.9583": [4.92341, -11.8001, 1.03228],
						"2.125": {
							"pre": [7.42341, -11.8001, 1.03228],
							"post": [7.42341, -11.8001, 1.03228],
							"lerp_mode": "catmullrom"
						},
						"2.25": {
							"post": [-20.07659, -11.8001, 1.03228],
							"lerp_mode": "catmullrom"
						},
						"2.2917": {
							"post": [-40.0961, -11.8215, 0.94848],
							"lerp_mode": "catmullrom"
						},
						"2.3333": {
							"post": [-102.99194, -11.84819, 0.84193],
							"lerp_mode": "catmullrom"
						},
						"2.75": {
							"post": [-30.77882, -12.27824, -0.87585],
							"lerp_mode": "catmullrom"
						},
						"2.7917": {
							"post": [16.02332, -12.32967, -1.0801],
							"lerp_mode": "catmullrom"
						},
						"3.0": {
							"post": [0.4312, -12.4449, -1.45326],
							"lerp_mode": "catmullrom"
						}
					},
					"position": {
						"0.0": [0.05411, 0.02127, -0.24315],
						"0.3333": [0.05411, 0.02127, -0.24315],
						"0.375": [0.05, 2.35, -0.14],
						"0.5": [0.05, 13.32, 0.16],
						"0.625": [0.05, 22.76, 0.46],
						"0.75": [0.05, 26.76, -3.28],
						"0.7917": [0.05, 25.51, -4.96],
						"0.8333": [0.05, 26.03, 0.96],
						"0.9583": [0.05, 13.69, 5.26],
						"1.0833": [0.05, 5.35013, 2.55743],
						"1.25": [0.05, 1.35, -4.44],
						"1.4167": [0.05, 1.35, -19.44],
						"1.5": [0.70096, 0.0151, -32.17257],
						"1.5417": [0.57, 0.36, -33.13],
						"1.625": [0.51, 0.53, -33.11],
						"1.7083": [0.44, 0.7, -33.08],
						"1.7917": [0.44, 0.7, -35.08],
						"1.8333": [0.44, 0.7, -35.33],
						"1.9583": [0.44, 0.7, -35.08],
						"2.0": [0.4, 0.5, -35.11],
						"2.125": [0.28, -0.08, -36.19],
						"2.1667": [0.26, 0.29, -36.21],
						"2.2083": [0.23, -0.34, -34.23],
						"2.25": [0.21, 1.02, -31.25],
						"2.2917": [0.18, 4.95, -30.16],
						"2.3333": [0.17, 11.88, -24.11],
						"2.375": [0.17, 13.64, -13.13],
						"2.4167": [0.17, 17.18, -10.42],
						"2.5": [0.16, 15.66, -6.27],
						"2.6667": {
							"pre": [0.12, 9.44, 0.19],
							"post": [0.12, 9.44, 0.19],
							"lerp_mode": "catmullrom"
						},
						"2.7083": {
							"post": [0.11, 5.75, 1],
							"lerp_mode": "catmullrom"
						},
						"2.75": {
							"post": [0.1, 2.57, -2.56],
							"lerp_mode": "catmullrom"
						},
						"3.0": {
							"post": [0.05411, 0.02127, -0.24315],
							"lerp_mode": "catmullrom"
						}
					}
				},
				"Right_foot": {
					"rotation": {
						"0.0": [0.4312, 12.4449, 1.45326],
						"0.1667": [-0.10287, 12.01777, -1.06721],
						"0.3333": [-0.59293, 11.25142, -3.4968],
						"0.5": [17.26422, 11.25142, -3.4968],
						"0.625": [6.90707, 11.25142, -3.4968],
						"0.7917": [-23.25392, -15.79344, 0.24906],
						"0.8333": [0.45594, -22.55412, 1.18545],
						"1.0417": [0.46, -22.55, 1.19],
						"1.4167": [0.46, -22.55, 1.19],
						"1.5": [-49.5688, 12.4449, 1.45326],
						"1.5417": [-34.3285, 9.15057, -3.88124],
						"1.7083": [2.13302, 5.78328, -0.74621],
						"1.9583": [2.42341, 11.8001, -1.03228],
						"2.125": {
							"pre": [7.42341, 11.8001, -1.03228],
							"post": [7.42341, 11.8001, -1.03228],
							"lerp_mode": "catmullrom"
						},
						"2.25": {
							"post": [-20.07659, 11.8001, -1.03228],
							"lerp_mode": "catmullrom"
						},
						"2.2917": {
							"post": [-31.16003, 14.0317, -0.58007],
							"lerp_mode": "catmullrom"
						},
						"2.3333": {
							"post": [-102.99194, 11.84819, -0.84193],
							"lerp_mode": "catmullrom"
						},
						"2.4167": {
							"post": [61.39596, 26.16543, 1.95046],
							"lerp_mode": "catmullrom"
						},
						"2.75": {
							"post": [-30.77882, 12.27824, 0.87585],
							"lerp_mode": "catmullrom"
						},
						"2.7917": {
							"post": [15.14994, 11.49958, 0.91234],
							"lerp_mode": "catmullrom"
						},
						"3.0": {
							"post": [0.4312, 12.4449, 1.45326],
							"lerp_mode": "catmullrom"
						}
					},
					"position": {
						"0.0": [-0.05411, 0.02127, -0.24315],
						"0.3333": [0.05411, 0.02127, -0.24315],
						"0.375": [0.03, 1.9, -0.24],
						"0.4167": [0, 5.77, -0.24],
						"0.5": [-0.05, 13.52, -0.24],
						"0.625": [-0.05411, 23.02127, -0.24315],
						"0.75": [-0.05, 26.76, -3.28],
						"0.7917": [-0.05, 25.51, -4.96],
						"0.8333": [-0.05, 26.25346, 1.36357],
						"0.9583": [-0.05, 13.8, 6.46],
						"1.0833": [-0.05, 5.35013, 3.55743],
						"1.25": [-0.05, 1.35, -4.44],
						"1.4167": [-0.05, 1.35, -18.44],
						"1.5": [-0.70096, 0.0151, -32.17257],
						"1.5417": [-0.57, 0.36, -33.13],
						"1.625": [-0.56, 0.53, -32.86],
						"1.7083": [-0.56, 0.7, -33.08],
						"1.7917": [-0.52, 0.7, -35.08],
						"1.8333": [-0.5, 0.7, -35.33],
						"1.9583": [-0.44, 0.7, -35.08],
						"2.0": [-0.4, 0.5, -35.11],
						"2.125": [-0.28, -0.08, -36.19],
						"2.1667": [-0.12, 0.29, -36.21],
						"2.2083": [0.05, -0.34, -34.23],
						"2.25": [0.21, 1.02, -31.25],
						"2.2917": [0.2, 4.95, -30],
						"2.3333": [-0.17, 11.88, -24.11],
						"2.375": [-0.17, 13.64, -13.13],
						"2.4167": [0.17, 20.12, -11.26],
						"2.5": [-0.16, 16.66, -2.27],
						"2.5833": {
							"pre": [-0.16, 14.56, 3.16],
							"post": [-0.16, 14.56, 3.16],
							"lerp_mode": "catmullrom"
						},
						"2.625": {
							"post": [-0.14, 10.86, 1.94],
							"lerp_mode": "catmullrom"
						},
						"2.6667": {
							"post": [-0.12, 9.44, 0.19],
							"lerp_mode": "catmullrom"
						},
						"2.7083": {
							"post": [-0.11, 5.75, 3],
							"lerp_mode": "catmullrom"
						},
						"2.75": {
							"post": [-0.1, 2.57, -2.56],
							"lerp_mode": "catmullrom"
						},
						"3.0": {
							"post": [-0.05411, 0.02127, -0.24315],
							"lerp_mode": "catmullrom"
						}
					}
				},
				"fully_tucked": {
					"position": [0, 0, 0]
				}
			}
		},
		"animation.togedemaru.special": {
			"loop": true,
			"animation_length": 3,
			"bones": {
				"torso": {
					"rotation": {
						"0.0": [5, 0, 0],
						"0.1667": [12.5, 0, 0],
						"0.3333": [20, 0, 0],
						"0.625": {
							"pre": [-10, 0, 0],
							"post": [-10, 0, 0],
							"lerp_mode": "catmullrom"
						},
						"0.8333": {
							"post": [-5, 0, 0],
							"lerp_mode": "catmullrom"
						},
						"1.0": {
							"post": [7.5, 0, 0],
							"lerp_mode": "catmullrom"
						},
						"1.125": {
							"post": [-9.53, 0, 0],
							"lerp_mode": "catmullrom"
						},
						"1.625": {
							"post": [-7.03, 0, 0],
							"lerp_mode": "catmullrom"
						},
						"1.75": {
							"post": [12.97, 0, 0],
							"lerp_mode": "catmullrom"
						},
						"1.8333": {
							"post": [-9.53, 0, 0],
							"lerp_mode": "catmullrom"
						},
						"2.0": {
							"post": [-17.03, 0, 0],
							"lerp_mode": "catmullrom"
						},
						"2.125": {
							"post": [-17.03, 0, 0],
							"lerp_mode": "catmullrom"
						},
						"2.375": {
							"post": [12.97, 0, 0],
							"lerp_mode": "catmullrom"
						},
						"2.4583": {
							"post": [20.47, 0, 0],
							"lerp_mode": "catmullrom"
						},
						"2.8333": {
							"post": [5, 0, 0],
							"lerp_mode": "catmullrom"
						},
						"3.0": {
							"post": [5, 0, 0],
							"lerp_mode": "catmullrom"
						}
					},
					"position": {
						"0.0": [0, 0.4981, -0.04358],
						"0.1667": [0, 0.4981, -1.29358],
						"0.3333": [0, 0.4981, -2.29358],
						"0.625": {
							"pre": [0, 10.43807, -1.70838],
							"post": [0, 10.43807, -1.70838],
							"lerp_mode": "catmullrom"
						},
						"0.8333": {
							"post": [0, 10.43807, -1.70838],
							"lerp_mode": "catmullrom"
						},
						"1.0": {
							"post": [0, 9.44, -1.71],
							"lerp_mode": "catmullrom"
						},
						"1.0833": {
							"post": [-0.75, 10.19, -1.71],
							"lerp_mode": "catmullrom"
						},
						"1.125": {
							"post": [-0.25, 9.19, -1.71],
							"lerp_mode": "catmullrom"
						},
						"1.1667": {
							"post": [-0.5, 10.19, -1.71],
							"lerp_mode": "catmullrom"
						},
						"1.2083": {
							"post": [0.5, 10.94, -1.71],
							"lerp_mode": "catmullrom"
						},
						"1.25": {
							"post": [0, 10.19, -1.71],
							"lerp_mode": "catmullrom"
						},
						"1.2917": {
							"post": [1, 9.69, -1.71],
							"lerp_mode": "catmullrom"
						},
						"1.3333": {
							"post": [0.5, 10.19, -1.71],
							"lerp_mode": "catmullrom"
						},
						"1.375": {
							"post": [0.25, 9.69, -1.71],
							"lerp_mode": "catmullrom"
						},
						"1.4167": {
							"post": [1, 9.69, -1.71],
							"lerp_mode": "catmullrom"
						},
						"1.4583": {
							"post": [0.5, 10.19, -1.71],
							"lerp_mode": "catmullrom"
						},
						"1.5": {
							"post": [0.25, 9.69, -1.71],
							"lerp_mode": "catmullrom"
						},
						"1.625": {
							"post": [0, 9.44, -1.71],
							"lerp_mode": "catmullrom"
						},
						"1.75": {
							"post": [0, 6.94, -2.46],
							"lerp_mode": "catmullrom"
						},
						"1.8333": {
							"post": [0, 8.94, -2.46],
							"lerp_mode": "catmullrom"
						},
						"2.0": {
							"post": [0, 10.94, -2.46],
							"lerp_mode": "catmullrom"
						},
						"2.125": {
							"post": [0, 10.94, -2.46],
							"lerp_mode": "catmullrom"
						},
						"2.375": {
							"post": [0, 0.94, -4.46],
							"lerp_mode": "catmullrom"
						},
						"2.4167": {
							"post": [0, 0.5, -5.33],
							"lerp_mode": "catmullrom"
						},
						"2.4583": {
							"post": [0, 0.19, -5.46],
							"lerp_mode": "catmullrom"
						},
						"2.6667": {
							"post": [0, 3.19, -1.46],
							"lerp_mode": "catmullrom"
						},
						"2.8333": {
							"post": [0, 0.4981, -0.04358],
							"lerp_mode": "catmullrom"
						},
						"3.0": {
							"post": [0, 0.4981, -0.04358],
							"lerp_mode": "catmullrom"
						}
					},
					"scale": 1
				},
				"Left_hand": {
					"rotation": {
						"0.0": {
							"post": [77.2659, 7.99365, 31.6066],
							"lerp_mode": "catmullrom"
						},
						"0.25": {
							"post": [17.54787, 4.605, 23.30708],
							"lerp_mode": "catmullrom"
						},
						"0.3333": {
							"post": [34.7659, 7.99365, 31.6066],
							"lerp_mode": "catmullrom"
						},
						"0.4583": {
							"post": [77.2659, 7.99365, 31.6066],
							"lerp_mode": "catmullrom"
						},
						"0.75": {
							"post": [-52.7709, -4.90631, 38.34119],
							"lerp_mode": "catmullrom"
						},
						"0.8333": {
							"post": [77.2659, 7.99365, 31.6066],
							"lerp_mode": "catmullrom"
						},
						"1.7917": {
							"post": [77.27, 7.99, 31.61],
							"lerp_mode": "catmullrom"
						},
						"1.8333": {
							"post": [24.77, 7.99, 31.61],
							"lerp_mode": "catmullrom"
						},
						"2.0": {
							"post": [-37.53443, -5.90927, 42.27098],
							"lerp_mode": "catmullrom"
						},
						"2.125": {
							"post": [-37.53443, -5.90927, 42.27098],
							"lerp_mode": "catmullrom"
						},
						"2.375": {
							"post": [77.2659, 7.99365, 31.6066],
							"lerp_mode": "catmullrom"
						},
						"3.0": {
							"post": [77.2659, 7.99365, 31.6066],
							"lerp_mode": "catmullrom"
						}
					},
					"position": {
						"0.0": [0, 0, 0],
						"0.6667": [0, 0, 0],
						"0.7083": [0, -0.33348, -0.94276],
						"0.75": [0, -0.33, -0.94],
						"0.8333": [0.25, 0.5, 0],
						"1.9583": [0, 0, 0],
						"2.0": [0, 0, -1],
						"2.125": [0, 0, -1],
						"2.375": [0, 0, 0],
						"3.0": [0, 0, 0]
					}
				},
				"Right_hand": {
					"rotation": {
						"0.0": {
							"post": [77.2659, -7.99365, -31.6066],
							"lerp_mode": "catmullrom"
						},
						"0.25": {
							"post": [17.54787, -4.605, -23.30708],
							"lerp_mode": "catmullrom"
						},
						"0.3333": {
							"post": [34.7659, -7.99365, -31.6066],
							"lerp_mode": "catmullrom"
						},
						"0.4583": {
							"post": [77.2659, -7.99365, -31.6066],
							"lerp_mode": "catmullrom"
						},
						"0.75": {
							"post": [-52.7709, 4.90631, -38.34119],
							"lerp_mode": "catmullrom"
						},
						"0.8333": {
							"post": [77.2659, -7.99365, -31.6066],
							"lerp_mode": "catmullrom"
						},
						"1.7917": {
							"post": [77.27, -7.99, -31.61],
							"lerp_mode": "catmullrom"
						},
						"1.8333": {
							"post": [32.27, -7.99, -31.61],
							"lerp_mode": "catmullrom"
						},
						"2.0": {
							"post": [-37.53443, 5.90927, -42.27098],
							"lerp_mode": "catmullrom"
						},
						"2.125": {
							"post": [-37.53443, 5.90927, -42.27098],
							"lerp_mode": "catmullrom"
						},
						"2.375": {
							"post": [77.2659, -7.99365, -31.6066],
							"lerp_mode": "catmullrom"
						},
						"3.0": {
							"post": [77.2659, -7.99365, -31.6066],
							"lerp_mode": "catmullrom"
						}
					},
					"position": {
						"0.0": [0, 0, 0],
						"0.6667": [0, 0, 0],
						"0.7083": [0, -0.33348, -0.94276],
						"0.75": [0, -0.33, -0.94],
						"0.8333": [-0.25, 0.5, 0],
						"1.9583": [0, 0, 0],
						"2.0": [0, 0, -1],
						"2.125": [0, 0, -1],
						"2.375": [0, 0, 0],
						"3.0": [0, 0, 0]
					}
				},
				"tail": {
					"rotation": {
						"0.0": {
							"post": [-62.5844, 68.07801, -49.08841],
							"lerp_mode": "catmullrom"
						},
						"0.2917": {
							"post": [-44.29139, 75.07276, -40.36524],
							"lerp_mode": "catmullrom"
						},
						"0.4583": {
							"post": [-80.18636, 58.4015, -54.78106],
							"lerp_mode": "catmullrom"
						},
						"0.8333": {
							"post": [-80.18636, 58.4015, -54.78106],
							"lerp_mode": "catmullrom"
						},
						"1.0833": {
							"post": [-52.96665, 53.40508, -55.11921],
							"lerp_mode": "catmullrom"
						},
						"1.8333": {
							"post": [-67.68636, 58.4015, -54.78106],
							"lerp_mode": "catmullrom"
						},
						"2.0": {
							"post": [-44.29139, 75.07276, -40.36524],
							"lerp_mode": "catmullrom"
						},
						"2.4583": {
							"post": [-44.29139, 75.07276, -40.36524],
							"lerp_mode": "catmullrom"
						},
						"2.625": {
							"post": [-44.29139, 75.07276, -40.36524],
							"lerp_mode": "catmullrom"
						},
						"2.875": {
							"post": [-62.5844, 68.07801, -49.08841],
							"lerp_mode": "catmullrom"
						},
						"3.0": {
							"post": [-62.5844, 68.07801, -49.08841],
							"lerp_mode": "catmullrom"
						}
					},
					"position": [-0.37924, -0.45098, -0.11969]
				},
				"Right_Back_Bottom_Spine": {
					"rotation": {
						"0.0": [-85, 0, 0],
						"1.0": [-85, 0, 0],
						"1.0833": [-20, 0, 0],
						"1.7083": [-20, 0, 0],
						"1.875": [-85, 0, 0]
					}
				},
				"Left_Top_Spine_back": {
					"rotation": {
						"0.0": [0, 0, 82.5],
						"1.0": [0, 0, 82.5],
						"1.0833": [0, 0, 20],
						"1.7083": [0, 0, 20],
						"1.875": [0, 0, 82.5]
					}
				},
				"Left_Middle_Spine_front": {
					"rotation": {
						"0.0": [0, 0, 85],
						"1.0": [0, 0, 82.5],
						"1.0833": [0, 0, 20],
						"1.7083": [0, 0, 20],
						"1.875": [0, 0, 82.5]
					}
				},
				"Left_Middle_Spine_back": {
					"rotation": {
						"0.0": [0, 0, 85],
						"1.0": [0, 0, 82.5],
						"1.0833": [0, 0, 20],
						"1.7083": [0, 0, 20],
						"1.875": [0, 0, 82.5]
					}
				},
				"Left_Bottom_Spine_front": {
					"rotation": {
						"0.0": [0, 0, 85],
						"1.0": [0, 0, 82.5],
						"1.0833": [0, 0, 20],
						"1.7083": [0, 0, 20],
						"1.875": [0, 0, 82.5]
					}
				},
				"Left_Bottom_Spine_back": {
					"rotation": {
						"0.0": [0, 0, 85],
						"1.0": [0, 0, 82.5],
						"1.0833": [0, 0, 20],
						"1.7083": [0, 0, 20],
						"1.875": [0, 0, 82.5]
					}
				},
				"Right_Top_Spine_front": {
					"rotation": {
						"0.0": [0, 0, -85],
						"1.0": [0, 0, -85],
						"1.0833": [0, 0, -20],
						"1.7083": [0, 0, -20],
						"1.875": [0, 0, -85]
					}
				},
				"Right_Top_Spine_back": {
					"rotation": {
						"0.0": [0, 0, -85],
						"1.0": [0, 0, -85],
						"1.0833": [0, 0, -20],
						"1.7083": [0, 0, -20],
						"1.875": [0, 0, -85]
					}
				},
				"Right_Middle_Spine_front": {
					"rotation": {
						"0.0": [0, 0, -85],
						"1.0": [0, 0, -85],
						"1.0833": [0, 0, -20],
						"1.7083": [0, 0, -20],
						"1.875": [0, 0, -85]
					}
				},
				"Right_Middle_Spine_back": {
					"rotation": {
						"0.0": [0, 0, -85],
						"1.0": [0, 0, -85],
						"1.0833": [0, 0, -20],
						"1.7083": [0, 0, -20],
						"1.875": [0, 0, -85]
					}
				},
				"Right_Bottom_Spine_front": {
					"rotation": {
						"0.0": [0, 0, -85],
						"1.0": [0, 0, -85],
						"1.0833": [0, 0, -20],
						"1.7083": [0, 0, -20],
						"1.875": [0, 0, -85]
					}
				},
				"Right_Bottom_Spine_back": {
					"rotation": {
						"0.0": [0, 0, -85],
						"1.0": [0, 0, -85],
						"1.0833": [0, 0, -20],
						"1.7083": [0, 0, -20],
						"1.875": [0, 0, -85]
					}
				},
				"Left_Back_Top_Spine": {
					"rotation": {
						"0.0": [-85, 0, 0],
						"1.0": [-85, 0, 0],
						"1.0833": [-20, 0, 0],
						"1.7083": [-20, 0, 0],
						"1.875": [-85, 0, 0]
					}
				},
				"Right_Back_Top_Spine": {
					"rotation": {
						"0.0": [-85, 0, 0],
						"1.0": [-85, 0, 0],
						"1.0833": [-20, 0, 0],
						"1.7083": [-20, 0, 0],
						"1.875": [-85, 0, 0]
					}
				},
				"Left_Back_Middle_Spine": {
					"rotation": {
						"0.0": [-85, 0, 0],
						"1.0": [-85, 0, 0],
						"1.0833": [-20, 0, 0],
						"1.7083": [-20, 0, 0],
						"1.875": [-85, 0, 0]
					}
				},
				"Right_Back_Middle_Spine": {
					"rotation": {
						"0.0": [-85, 0, 0],
						"1.0": [-85, 0, 0],
						"1.0833": [-20, 0, 0],
						"1.7083": [-20, 0, 0],
						"1.875": [-85, 0, 0]
					}
				},
				"Left_Back_Bottom_Spine": {
					"rotation": {
						"0.0": [-85, 0, 0],
						"1.0": [-85, 0, 0],
						"1.0833": [-20, 0, 0],
						"1.7083": [-20, 0, 0],
						"1.875": [-85, 0, 0]
					}
				},
				"Left_Front_Spine_front": {
					"rotation": {
						"0.0": [0, 0, 82.5],
						"1.0": [0, 0, 82.5],
						"1.0833": [0, 0, 20],
						"1.7083": [0, 0, 20],
						"1.875": [0, 0, 82.5]
					}
				},
				"mouth_closed": {
					"position": {
						"0.0": [0, 0, 0],
						"0.25": [0, 0, 0],
						"0.2917": [0, 0, 1],
						"2.4167": [0, 0, 1],
						"2.4583": [0, 0, 0]
					}
				},
				"eyes_open": {
					"position": {
						"0.0": [0, 0, 0],
						"0.125": [0, 0, 0],
						"0.1667": [0, 0, 1],
						"0.2917": [0, 0, 1],
						"0.3333": [0, 0, 0],
						"0.9167": [0, 0, 0],
						"0.9583": [0, 0, 1],
						"1.9167": [0, 0, 1],
						"1.9583": [0, 0, 0],
						"2.3333": [0, 0, 0],
						"2.375": [0, 0, 1],
						"2.5833": [0, 0, 1],
						"2.625": [0, 0, 0]
					}
				},
				"Right_Ear": {
					"rotation": {
						"0.0": {
							"post": [12.5, 0, 0],
							"lerp_mode": "catmullrom"
						},
						"0.375": {
							"post": [45, 0, 0],
							"lerp_mode": "catmullrom"
						},
						"0.6667": {
							"post": [10, 0, 0],
							"lerp_mode": "catmullrom"
						},
						"1.0": {
							"post": [27.5, 0, 0],
							"lerp_mode": "catmullrom"
						},
						"1.125": {
							"post": [10, 0, 0],
							"lerp_mode": "catmullrom"
						},
						"1.25": {
							"post": [17.5, 0, 0],
							"lerp_mode": "catmullrom"
						},
						"1.375": {
							"post": [10, 0, 0],
							"lerp_mode": "catmullrom"
						},
						"1.5": {
							"post": [17.5, 0, 0],
							"lerp_mode": "catmullrom"
						},
						"1.625": {
							"post": [10, 0, 0],
							"lerp_mode": "catmullrom"
						},
						"1.7917": {
							"post": [27.5, 0, 0],
							"lerp_mode": "catmullrom"
						},
						"1.9167": {
							"post": [10, 0, 0],
							"lerp_mode": "catmullrom"
						},
						"2.1667": {
							"post": [10, 0, 0],
							"lerp_mode": "catmullrom"
						},
						"2.4167": {
							"post": [45, 0, 0],
							"lerp_mode": "catmullrom"
						},
						"2.5833": {
							"post": [27.5, 0, 0],
							"lerp_mode": "catmullrom"
						},
						"2.875": {
							"post": [12.5, 0, 0],
							"lerp_mode": "catmullrom"
						},
						"3.0": {
							"post": [12.5, 0, 0],
							"lerp_mode": "catmullrom"
						}
					}
				},
				"Left_Ear": {
					"rotation": {
						"0.0": {
							"post": [12.5, 0, 0],
							"lerp_mode": "catmullrom"
						},
						"0.375": {
							"post": [45, 0, 0],
							"lerp_mode": "catmullrom"
						},
						"0.6667": {
							"post": [10, 0, 0],
							"lerp_mode": "catmullrom"
						},
						"1.0": {
							"post": [27.5, 0, 0],
							"lerp_mode": "catmullrom"
						},
						"1.125": {
							"post": [10, 0, 0],
							"lerp_mode": "catmullrom"
						},
						"1.25": {
							"post": [17.5, 0, 0],
							"lerp_mode": "catmullrom"
						},
						"1.375": {
							"post": [10, 0, 0],
							"lerp_mode": "catmullrom"
						},
						"1.5": {
							"post": [17.5, 0, 0],
							"lerp_mode": "catmullrom"
						},
						"1.625": {
							"post": [10, 0, 0],
							"lerp_mode": "catmullrom"
						},
						"1.7917": {
							"post": [27.5, 0, 0],
							"lerp_mode": "catmullrom"
						},
						"1.9167": {
							"post": [10, 0, 0],
							"lerp_mode": "catmullrom"
						},
						"2.1667": {
							"post": [10, 0, 0],
							"lerp_mode": "catmullrom"
						},
						"2.4167": {
							"post": [45, 0, 0],
							"lerp_mode": "catmullrom"
						},
						"2.5833": {
							"post": [27.5, 0, 0],
							"lerp_mode": "catmullrom"
						},
						"2.875": {
							"post": [12.5, 0, 0],
							"lerp_mode": "catmullrom"
						},
						"3.0": {
							"post": [12.5, 0, 0],
							"lerp_mode": "catmullrom"
						}
					}
				},
				"eyes_angry": {
					"position": {
						"0.0": [0, 0, 1],
						"0.9167": [0, 0, -1],
						"0.9583": [0, 0, -2],
						"1.9167": [0, 0, -2],
						"1.9583": [0, 0, -1]
					}
				},
				"mouth_open": {
					"position": {
						"0.0": [0, 0, 0],
						"1.0417": [0, 0, 0],
						"1.0833": [0, 0, -1],
						"1.6667": [0, 0, -1],
						"1.7083": [0, 0, 0]
					}
				},
				"togedemaru": {
					"rotation": [0, 0, 0]
				},
				"tucked_body": {
					"rotation": [0, 0, 0],
					"position": {
						"0.0": [0, 0, 0],
						"0.7917": [0, 0, 0],
						"0.8333": [0, -1, -1],
						"1.7917": [0, -1, -1],
						"1.8333": [0, 0, 0]
					}
				},
				"eyes_closed": {
					"position": {
						"0.125": [0, 0, 0],
						"0.1667": [0, 0, -1],
						"0.2917": [0, 0, -1],
						"0.3333": [0, 0, 0],
						"1.9583": [0, 0, 0],
						"2.3333": [0, 0, 0],
						"2.375": [0, 0, -1],
						"2.5833": [0, 0, -1],
						"2.625": [0, 0, 0]
					}
				},
				"mouth_happy": {
					"position": {
						"1.9167": [0, 0, 0],
						"1.9583": [0, 0, -1],
						"2.4167": [0, 0, -1],
						"2.4583": [0, 0, 0]
					}
				},
				"mouth_angry": {
					"position": {
						"0.0": [0, 0, 0],
						"0.25": [0, 0, 0],
						"0.2917": [0, 0, -1],
						"1.0417": [0, 0, -1],
						"1.0833": [0, 0, 0],
						"1.6667": [0, 0, 0],
						"1.7083": [0, 0, -1],
						"1.9167": [0, 0, -1],
						"1.9583": [0, 0, 0]
					}
				},
				"Left_foot": {
					"rotation": {
						"0.0": [0.4312, -12.4449, -1.45326],
						"0.1667": [-0.10287, -12.01777, 1.06721],
						"0.3333": [0.40278, -11.25972, -1.60131],
						"0.625": [108.18522, -8.98729, -3.76693],
						"0.7083": [-42.04406, 22.55412, -1.18545],
						"0.7917": [-66.14, 22.55, -1.19],
						"1.7917": [0.46, 22.55, -1.19],
						"1.8333": [27.9312, -12.4449, -1.45326],
						"2.0": [74.66185, -14.54077, -8.85963],
						"2.125": [74.66185, -14.54077, -8.85963],
						"2.375": {
							"pre": [-2.0688, -12.4449, -1.45326],
							"post": [-2.0688, -12.4449, -1.45326],
							"lerp_mode": "catmullrom"
						},
						"2.4583": {
							"post": [9.40219, -11.3549, 3.53381],
							"lerp_mode": "catmullrom"
						},
						"2.625": [25.41508, -11.83935, 1.31733],
						"2.8333": [0.4312, -12.4449, -1.45326]
					},
					"position": {
						"0.0": [0.05411, 0.02127, -0.24315],
						"0.3333": [0.05411, 0.02127, -0.24315],
						"0.5": [0.05, 6.77, -0.24],
						"0.625": [0.05411, 10.52127, -0.24315],
						"0.7083": [0.05, 11.27, -5.24],
						"0.7917": [0.05, 10.41, -5.34],
						"0.8333": [0.05, 12.39, -1],
						"1.7917": [0.05, 10.02, 2.76],
						"1.8333": [0.05411, 9.02127, -0.24315],
						"2.0": [0.05, 10.53, -0.46],
						"2.125": [0.05, 10.51, -0.41],
						"2.25": {
							"pre": [0.05, 6.23, -0.32],
							"post": [0.05, 6.23, -0.32],
							"lerp_mode": "catmullrom"
						},
						"2.375": {
							"post": [0.05411, 0.02127, -0.24315],
							"lerp_mode": "catmullrom"
						},
						"2.4583": {
							"post": [0.05, 0.52, -0.24],
							"lerp_mode": "catmullrom"
						},
						"2.625": {
							"post": [0.05, 2.34, -0.24],
							"lerp_mode": "catmullrom"
						},
						"2.75": [0.05, 1.48, -0.24],
						"2.8333": [0.05411, 0.02127, -0.24315]
					}
				},
				"Right_foot": {
					"rotation": {
						"0.0": [0.4312, 12.4449, 1.45326],
						"0.1667": [-0.10287, 12.01777, -1.06721],
						"0.3333": [0.40278, 11.25972, 1.60131],
						"0.5": [12.26422, 11.25142, -3.4968],
						"0.625": [6.90707, 11.25142, -3.4968],
						"0.7083": [-42.04406, -22.55412, 1.18545],
						"0.7917": [-66.14, -22.55, 1.19],
						"1.7917": [0.46, -22.55, 1.19],
						"1.8333": [25.4312, 12.4449, 1.45326],
						"2.0": [74.66185, 14.54077, 8.85963],
						"2.125": [74.66185, 14.54077, 8.85963],
						"2.375": {
							"pre": [-2.0688, 12.4449, 1.45326],
							"post": [-2.0688, 12.4449, 1.45326],
							"lerp_mode": "catmullrom"
						},
						"2.4583": {
							"post": [6.90219, 11.3549, -3.53381],
							"lerp_mode": "catmullrom"
						},
						"2.625": [-7.08492, 11.83935, -1.31733],
						"2.8333": [0.4312, 12.4449, 1.45326]
					},
					"position": {
						"0.0": [-0.05411, 0.02127, -0.24315],
						"0.3333": [0.05411, 0.02127, -0.24315],
						"0.5": [-0.01, 6.52, -0.24],
						"0.625": [-0.05411, 11.02127, -0.24315],
						"0.7083": [-0.05, 11.25346, -5.63643],
						"0.7917": [-0.05, 10.41, -5.34],
						"0.8333": [-0.05, 12.4, -1.06],
						"1.7917": [-0.05, 10.25, 1.36],
						"1.8333": [-0.05411, 9.02127, -0.24315],
						"2.0": [-0.05, 10.52, -0.36],
						"2.125": [-0.05, 10.51, -0.33],
						"2.25": {
							"pre": [-0.05, 6.24, -0.28],
							"post": [-0.05, 6.24, -0.28],
							"lerp_mode": "catmullrom"
						},
						"2.375": {
							"post": [-0.05411, 0.02127, -0.24315],
							"lerp_mode": "catmullrom"
						},
						"2.4583": {
							"post": [-0.05, 0.41, -0.24],
							"lerp_mode": "catmullrom"
						},
						"2.625": [-0.05, 1.52, -0.24],
						"2.75": [-0.05, 1.12, -0.24],
						"2.8333": [-0.05411, 0.02127, -0.24315]
					}
				}
			}
		},
		"animation.togedemaru.status": {
			"loop": true,
			"animation_length": 3,
			"bones": {
				"torso": {
					"rotation": {
						"0.0": {
							"post": [5, 0, 0],
							"lerp_mode": "catmullrom"
						},
						"0.25": {
							"post": [-12.5, 0, 0],
							"lerp_mode": "catmullrom"
						},
						"0.5": {
							"post": [17.5, 0, 0],
							"lerp_mode": "catmullrom"
						},
						"1.0": {
							"post": [17.5, 0, 0],
							"lerp_mode": "catmullrom"
						},
						"1.25": {
							"post": [-12.5, 0, 0],
							"lerp_mode": "catmullrom"
						},
						"1.75": {
							"post": [-12.5, 0, 0],
							"lerp_mode": "catmullrom"
						},
						"2.2083": {
							"post": [17.5, 0, 0],
							"lerp_mode": "catmullrom"
						},
						"2.5417": {
							"post": [5, 0, 0],
							"lerp_mode": "catmullrom"
						},
						"3.0": {
							"post": [5, 0, 0],
							"lerp_mode": "catmullrom"
						}
					},
					"position": {
						"0.0": {
							"post": [0, 0.4981, -0.04358],
							"lerp_mode": "catmullrom"
						},
						"0.25": {
							"post": [0, 0.5, 0.96],
							"lerp_mode": "catmullrom"
						},
						"0.5": {
							"post": [0, 0.5, -2.04],
							"lerp_mode": "catmullrom"
						},
						"1.0": {
							"post": [0, 0.5, -2.04],
							"lerp_mode": "catmullrom"
						},
						"1.25": {
							"post": [0, 1.5, 0.96],
							"lerp_mode": "catmullrom"
						},
						"1.2917": {
							"post": [0, 1.99294, 1.01898],
							"lerp_mode": "catmullrom"
						},
						"1.3333": {
							"post": [0, 1.5, 0.96],
							"lerp_mode": "catmullrom"
						},
						"1.4583": {
							"post": [0, 1.5, 0.96],
							"lerp_mode": "catmullrom"
						},
						"1.5": {
							"post": [0, 1.99001, 1.02996],
							"lerp_mode": "catmullrom"
						},
						"1.5417": {
							"post": [0, 1.5, 0.96],
							"lerp_mode": "catmullrom"
						},
						"1.6667": {
							"post": [0, 1.5, 0.96],
							"lerp_mode": "catmullrom"
						},
						"1.7083": {
							"post": [0, 1.99294, 1.01898],
							"lerp_mode": "catmullrom"
						},
						"1.75": {
							"post": [0, 1.5, 0.96],
							"lerp_mode": "catmullrom"
						},
						"2.2083": {
							"post": [0, 0.5, -2.04],
							"lerp_mode": "catmullrom"
						},
						"2.5417": {
							"post": [0, 0.4981, -0.04358],
							"lerp_mode": "catmullrom"
						},
						"3.0": {
							"post": [0, 0.4981, -0.04358],
							"lerp_mode": "catmullrom"
						}
					},
					"scale": 1
				},
				"Left_hand": {
					"rotation": {
						"0.0": {
							"post": [77.2659, 7.99365, 31.6066],
							"lerp_mode": "catmullrom"
						},
						"0.25": {
							"post": [17.54787, 4.605, 23.30708],
							"lerp_mode": "catmullrom"
						},
						"0.3333": {
							"post": [34.7659, 7.99365, 31.6066],
							"lerp_mode": "catmullrom"
						},
						"0.4583": {
							"post": [77.2659, 7.99365, 31.6066],
							"lerp_mode": "catmullrom"
						},
						"0.875": {
							"post": [77.2659, 7.99365, 31.6066],
							"lerp_mode": "catmullrom"
						},
						"1.25": {
							"post": [-52.7709, -4.90631, 38.34119],
							"lerp_mode": "catmullrom"
						},
						"1.75": {
							"post": [-52.7709, -4.90631, 38.34119],
							"lerp_mode": "catmullrom"
						},
						"2.1667": {
							"post": [77.2659, 7.99365, 31.6066],
							"lerp_mode": "catmullrom"
						},
						"2.6667": {
							"post": [77.2659, 7.99365, 31.6066],
							"lerp_mode": "catmullrom"
						},
						"3.0": {
							"post": [77.2659, 7.99365, 31.6066],
							"lerp_mode": "catmullrom"
						}
					},
					"position": {
						"0.0": [0, 0, 0],
						"1.1667": [0, 0, 0],
						"1.2083": [0, -0.33348, -0.94276],
						"1.25": [0, -0.33, -0.94],
						"1.75": [0, -0.33, -0.94],
						"2.1667": [0, 0, 0]
					}
				},
				"Right_hand": {
					"rotation": {
						"0.0": {
							"post": [77.2659, -7.99365, -31.6066],
							"lerp_mode": "catmullrom"
						},
						"0.25": {
							"post": [17.54787, -4.605, -23.30708],
							"lerp_mode": "catmullrom"
						},
						"0.3333": {
							"post": [34.7659, -7.99365, -31.6066],
							"lerp_mode": "catmullrom"
						},
						"0.4583": {
							"post": [77.2659, -7.99365, -31.6066],
							"lerp_mode": "catmullrom"
						},
						"0.875": {
							"post": [77.2659, -7.99365, -31.6066],
							"lerp_mode": "catmullrom"
						},
						"1.25": {
							"post": [-52.7709, 4.90631, -38.34119],
							"lerp_mode": "catmullrom"
						},
						"1.75": {
							"post": [-52.7709, 4.90631, -38.34119],
							"lerp_mode": "catmullrom"
						},
						"2.1667": {
							"post": [77.2659, -7.99365, -31.6066],
							"lerp_mode": "catmullrom"
						},
						"2.6667": {
							"post": [77.2659, -7.99365, -31.6066],
							"lerp_mode": "catmullrom"
						},
						"3.0": {
							"post": [77.2659, -7.99365, -31.6066],
							"lerp_mode": "catmullrom"
						}
					},
					"position": {
						"0.0": [0, 0, 0],
						"1.1667": [0, 0, 0],
						"1.2083": [0, -0.33348, -0.94276],
						"1.25": [0, -0.33, -0.94],
						"1.75": [0, -0.33, -0.94],
						"2.1667": [0, 0, 0]
					}
				},
				"tail": {
					"rotation": {
						"0.0": {
							"post": [-62.5844, 68.07801, -49.08841],
							"lerp_mode": "catmullrom"
						},
						"0.2917": {
							"post": [-44.29139, 75.07276, -40.36524],
							"lerp_mode": "catmullrom"
						},
						"0.4583": {
							"post": [-80.18636, 58.4015, -54.78106],
							"lerp_mode": "catmullrom"
						},
						"0.8333": {
							"post": [-80.18636, 58.4015, -54.78106],
							"lerp_mode": "catmullrom"
						},
						"1.0833": {
							"post": [-52.96665, 53.40508, -55.11921],
							"lerp_mode": "catmullrom"
						},
						"1.8333": {
							"post": [-67.68636, 58.4015, -54.78106],
							"lerp_mode": "catmullrom"
						},
						"2.0": {
							"post": [-44.29139, 75.07276, -40.36524],
							"lerp_mode": "catmullrom"
						},
						"2.4583": {
							"post": [-44.29139, 75.07276, -40.36524],
							"lerp_mode": "catmullrom"
						},
						"3.0": {
							"post": [-62.5844, 68.07801, -49.08841],
							"lerp_mode": "catmullrom"
						}
					},
					"position": [-0.37924, -0.45098, -0.11969]
				},
				"Right_Back_Bottom_Spine": {
					"rotation": {
						"0.0": [-85, 0, 0],
						"1.0": [-85, 0, 0],
						"1.0833": [-20, 0, 0],
						"1.8333": [-20, 0, 0],
						"2.0833": [-85, 0, 0]
					}
				},
				"Left_Top_Spine_back": {
					"rotation": {
						"0.0": [0, 0, 82.5],
						"1.0": [0, 0, 82.5],
						"1.0833": [0, 0, 20],
						"1.8333": [0, 0, 20],
						"2.0833": [0, 0, 82.5]
					}
				},
				"Left_Middle_Spine_front": {
					"rotation": {
						"0.0": [0, 0, 85],
						"1.0": [0, 0, 82.5],
						"1.0833": [0, 0, 20],
						"1.8333": [0, 0, 20],
						"2.0833": [0, 0, 82.5]
					}
				},
				"Left_Middle_Spine_back": {
					"rotation": {
						"0.0": [0, 0, 85],
						"1.0": [0, 0, 82.5],
						"1.0833": [0, 0, 20],
						"1.8333": [0, 0, 20],
						"2.0833": [0, 0, 82.5]
					}
				},
				"Left_Bottom_Spine_front": {
					"rotation": {
						"0.0": [0, 0, 85],
						"1.0": [0, 0, 82.5],
						"1.0833": [0, 0, 20],
						"1.8333": [0, 0, 20],
						"2.0833": [0, 0, 82.5]
					}
				},
				"Left_Bottom_Spine_back": {
					"rotation": {
						"0.0": [0, 0, 85],
						"1.0": [0, 0, 82.5],
						"1.0833": [0, 0, 20],
						"1.8333": [0, 0, 20],
						"2.0833": [0, 0, 82.5]
					}
				},
				"Right_Top_Spine_front": {
					"rotation": {
						"0.0": [0, 0, -85],
						"1.0": [0, 0, -85],
						"1.0833": [0, 0, -20],
						"1.8333": [0, 0, -20],
						"2.0833": [0, 0, -85]
					}
				},
				"Right_Top_Spine_back": {
					"rotation": {
						"0.0": [0, 0, -85],
						"1.0": [0, 0, -85],
						"1.0833": [0, 0, -20],
						"1.8333": [0, 0, -20],
						"2.0833": [0, 0, -85]
					}
				},
				"Right_Middle_Spine_front": {
					"rotation": {
						"0.0": [0, 0, -85],
						"1.0": [0, 0, -85],
						"1.0833": [0, 0, -20],
						"1.8333": [0, 0, -20],
						"2.0833": [0, 0, -85]
					}
				},
				"Right_Middle_Spine_back": {
					"rotation": {
						"0.0": [0, 0, -85],
						"1.0": [0, 0, -85],
						"1.0833": [0, 0, -20],
						"1.8333": [0, 0, -20],
						"2.0833": [0, 0, -85]
					}
				},
				"Right_Bottom_Spine_front": {
					"rotation": {
						"0.0": [0, 0, -85],
						"1.0": [0, 0, -85],
						"1.0833": [0, 0, -20],
						"1.8333": [0, 0, -20],
						"2.0833": [0, 0, -85]
					}
				},
				"Right_Bottom_Spine_back": {
					"rotation": {
						"0.0": [0, 0, -85],
						"1.0": [0, 0, -85],
						"1.0833": [0, 0, -20],
						"1.8333": [0, 0, -20],
						"2.0833": [0, 0, -85]
					}
				},
				"Left_Back_Top_Spine": {
					"rotation": {
						"0.0": [-85, 0, 0],
						"1.0": [-85, 0, 0],
						"1.0833": [-20, 0, 0],
						"1.8333": [-20, 0, 0],
						"2.0833": [-85, 0, 0]
					}
				},
				"Right_Back_Top_Spine": {
					"rotation": {
						"0.0": [-85, 0, 0],
						"1.0": [-85, 0, 0],
						"1.0833": [-20, 0, 0],
						"1.8333": [-20, 0, 0],
						"2.0833": [-85, 0, 0]
					}
				},
				"Left_Back_Middle_Spine": {
					"rotation": {
						"0.0": [-85, 0, 0],
						"1.0": [-85, 0, 0],
						"1.0833": [-20, 0, 0],
						"1.8333": [-20, 0, 0],
						"2.0833": [-85, 0, 0]
					}
				},
				"Right_Back_Middle_Spine": {
					"rotation": {
						"0.0": [-85, 0, 0],
						"1.0": [-85, 0, 0],
						"1.0833": [-20, 0, 0],
						"1.8333": [-20, 0, 0],
						"2.0833": [-85, 0, 0]
					}
				},
				"Left_Back_Bottom_Spine": {
					"rotation": {
						"0.0": [-85, 0, 0],
						"1.0": [-85, 0, 0],
						"1.0833": [-20, 0, 0],
						"1.8333": [-20, 0, 0],
						"2.0833": [-85, 0, 0]
					}
				},
				"Left_Front_Spine_front": {
					"rotation": {
						"0.0": [0, 0, 82.5],
						"1.0": [0, 0, 82.5],
						"1.0833": [0, 0, 20],
						"1.8333": [0, 0, 20],
						"2.0833": [0, 0, 82.5]
					}
				},
				"mouth_closed": {
					"position": {
						"0.0": [0, 0, 0],
						"0.25": [0, 0, 0],
						"0.2917": [0, 0, 1],
						"2.25": [0, 0, 1],
						"2.2917": [0, 0, 0]
					}
				},
				"eyes_open": {
					"position": {
						"0.0": [0, 0, 0],
						"0.9167": [0, 0, 0],
						"0.9583": [0, 0, 1],
						"1.9167": [0, 0, 1],
						"1.9583": [0, 0, 0],
						"2.3333": [0, 0, 0],
						"2.375": [0, 0, 1],
						"2.5833": [0, 0, 1],
						"2.625": [0, 0, 0]
					}
				},
				"Right_Ear": {
					"rotation": {
						"0.0": {
							"post": [12.5, 0, 0],
							"lerp_mode": "catmullrom"
						},
						"0.5": {
							"post": [12.5, 0, 0],
							"lerp_mode": "catmullrom"
						},
						"0.75": {
							"post": [45, 0, 0],
							"lerp_mode": "catmullrom"
						},
						"1.0": {
							"post": [27.5, 0, 0],
							"lerp_mode": "catmullrom"
						},
						"1.125": {
							"post": [10, 0, 0],
							"lerp_mode": "catmullrom"
						},
						"1.25": {
							"post": [17.5, 0, 0],
							"lerp_mode": "catmullrom"
						},
						"1.375": {
							"post": [10, 0, 0],
							"lerp_mode": "catmullrom"
						},
						"1.5": {
							"post": [17.5, 0, 0],
							"lerp_mode": "catmullrom"
						},
						"1.625": {
							"post": [10, 0, 0],
							"lerp_mode": "catmullrom"
						},
						"1.7917": {
							"post": [27.5, 0, 0],
							"lerp_mode": "catmullrom"
						},
						"1.9167": {
							"post": [10, 0, 0],
							"lerp_mode": "catmullrom"
						},
						"2.1667": {
							"post": [10, 0, 0],
							"lerp_mode": "catmullrom"
						},
						"2.4167": {
							"post": [45, 0, 0],
							"lerp_mode": "catmullrom"
						},
						"2.5833": {
							"post": [27.5, 0, 0],
							"lerp_mode": "catmullrom"
						},
						"2.875": {
							"post": [12.5, 0, 0],
							"lerp_mode": "catmullrom"
						},
						"3.0": {
							"post": [12.5, 0, 0],
							"lerp_mode": "catmullrom"
						}
					}
				},
				"Left_Ear": {
					"rotation": {
						"0.0": {
							"post": [12.5, 0, 0],
							"lerp_mode": "catmullrom"
						},
						"0.5": {
							"post": [12.5, 0, 0],
							"lerp_mode": "catmullrom"
						},
						"0.75": {
							"post": [45, 0, 0],
							"lerp_mode": "catmullrom"
						},
						"1.0": {
							"post": [27.5, 0, 0],
							"lerp_mode": "catmullrom"
						},
						"1.125": {
							"post": [10, 0, 0],
							"lerp_mode": "catmullrom"
						},
						"1.25": {
							"post": [17.5, 0, 0],
							"lerp_mode": "catmullrom"
						},
						"1.375": {
							"post": [10, 0, 0],
							"lerp_mode": "catmullrom"
						},
						"1.5": {
							"post": [17.5, 0, 0],
							"lerp_mode": "catmullrom"
						},
						"1.625": {
							"post": [10, 0, 0],
							"lerp_mode": "catmullrom"
						},
						"1.7917": {
							"post": [27.5, 0, 0],
							"lerp_mode": "catmullrom"
						},
						"1.9167": {
							"post": [10, 0, 0],
							"lerp_mode": "catmullrom"
						},
						"2.1667": {
							"post": [10, 0, 0],
							"lerp_mode": "catmullrom"
						},
						"2.4167": {
							"post": [45, 0, 0],
							"lerp_mode": "catmullrom"
						},
						"2.5833": {
							"post": [27.5, 0, 0],
							"lerp_mode": "catmullrom"
						},
						"2.875": {
							"post": [12.5, 0, 0],
							"lerp_mode": "catmullrom"
						},
						"3.0": {
							"post": [12.5, 0, 0],
							"lerp_mode": "catmullrom"
						}
					}
				},
				"eyes_angry": {
					"position": {
						"0.0": [0, 0, 1],
						"0.9167": [0, 0, -1],
						"0.9583": [0, 0, -2],
						"1.9167": [0, 0, -2],
						"1.9583": [0, 0, -1]
					}
				},
				"mouth_open": {
					"position": {
						"0.0": [0, 0, 0],
						"1.0417": [0, 0, 0],
						"1.0833": [0, 0, -1],
						"1.6667": [0, 0, -1],
						"1.7083": [0, 0, 0]
					}
				},
				"togedemaru": {
					"rotation": [0, 0, 0]
				},
				"tucked_body": {
					"position": [0, 0, 0]
				},
				"eyes_closed": {
					"position": {
						"1.9583": [0, 0, 0],
						"2.3333": [0, 0, 0],
						"2.375": [0, 0, -1],
						"2.5833": [0, 0, -1],
						"2.625": [0, 0, 0]
					}
				},
				"mouth_angry": {
					"position": {
						"0.0": [0, 0, 0],
						"0.25": [0, 0, 0],
						"0.2917": [0, 0, -1],
						"1.0417": [0, 0, -1],
						"1.0833": [0, 0, 0],
						"1.6667": [0, 0, 0],
						"1.7083": [0, 0, -1],
						"2.25": [0, 0, -1],
						"2.2917": [0, 0, 0]
					}
				},
				"Left_foot": {
					"rotation": {
						"0.0": [0.4312, -12.4449, -1.45326],
						"0.25": [50.02669, -10.1665, 0.15088],
						"0.5": [1.28381, -11.09521, 3.02155],
						"1.0": [1.28381, -11.09521, 3.02155],
						"1.25": [63.44732, -14.69655, -3.33706],
						"1.75": [63.44732, -14.69655, -3.33706],
						"2.2083": [1.28381, -11.09521, 3.02155],
						"2.5417": [0.4312, -12.4449, -1.45326]
					},
					"position": {
						"0.0": [0.05411, 0.02127, -0.24315],
						"0.25": [0.05, 2.02, -0.24],
						"0.5": [0.05, 0.02, -0.24],
						"1.0": [0.05, 0.02, -0.24],
						"1.25": [0.05, 2.77, -0.24],
						"1.75": [0.05, 2.77, -0.24],
						"2.2083": [0.05, 0.02, -0.24]
					}
				},
				"Right_foot": {
					"rotation": {
						"0.0": [0.4312, 12.4449, 1.45326],
						"0.25": [50.02669, 10.1665, -0.15088],
						"0.5": [1.28381, 11.09521, -3.02155],
						"1.0": [1.28381, 11.09521, -3.02155],
						"1.25": [63.44732, 14.69655, 3.33706],
						"1.75": [63.44732, 14.69655, 3.33706],
						"2.2083": [1.28381, 11.09521, -3.02155],
						"2.5417": [0.4312, 12.4449, 1.45326]
					},
					"position": {
						"0.0": [-0.05411, 0.02127, -0.24315],
						"0.25": [-0.05, 2.02, -0.24],
						"0.5": [-0.05, 0.02, -0.24],
						"1.0": [-0.05, 0.02, -0.24],
						"1.25": [-0.05, 2.77, -0.24],
						"1.75": [-0.05, 2.77, -0.24],
						"2.2083": [-0.05, 0.02, -0.24]
					}
				},
				"Left_foot2": {
					"rotation": {
						"0.0": [0, 0, 0],
						"0.0833": [-15.83, 0, 0],
						"0.25": [-32.5, 0, 0],
						"0.4167": [-15.83, 0, 0],
						"0.5": [-2.5, 0, 0],
						"0.7917": [-2.5, 0, 0],
						"1.0": [-2.5, 0, 0],
						"1.0833": [-20, 0, 0],
						"1.25": [-32.5, 0, 0],
						"1.75": [-32.5, 0, 0],
						"2.0417": [-20, 0, 0],
						"2.2083": [-2.5, 0, 0],
						"2.5417": [0, 0, 0]
					}
				},
				"Right_foot2": {
					"rotation": {
						"0.0": [0, 0, 0],
						"0.0833": [-15.83, 0, 0],
						"0.25": [-32.5, 0, 0],
						"0.4167": [-15.83, 0, 0],
						"0.5": [-2.5, 0, 0],
						"0.7917": [-2.5, 0, 0],
						"1.0": [-2.5, 0, 0],
						"1.0833": [-20, 0, 0],
						"1.25": [-32.5, 0, 0],
						"1.75": [-32.5, 0, 0],
						"2.0417": [-20, 0, 0],
						"2.2083": [-2.5, 0, 0],
						"2.5417": [0, 0, 0]
					}
				}
			}
		},
		"animation.togedemaru.look_around": {
			"animation_length": 3,
			"bones": {
				"torso": {
					"rotation": {
						"0.0": {
							"post": [0, 0, 0],
							"lerp_mode": "catmullrom"
						},
						"0.125": {
							"post": [-5, 0, 0],
							"lerp_mode": "catmullrom"
						},
						"0.25": {
							"post": [0, 0, 0],
							"lerp_mode": "catmullrom"
						},
						"0.5": {
							"post": [27.5, 0, 0],
							"lerp_mode": "catmullrom"
						},
						"1.2083": {
							"post": [27.5, 0, 0],
							"lerp_mode": "catmullrom"
						},
						"1.4583": {
							"post": [7.5, 0, 0],
							"lerp_mode": "catmullrom"
						},
						"1.7083": {
							"post": [9.13039, -34.65749, -5.22206],
							"lerp_mode": "catmullrom"
						},
						"2.0": {
							"post": [9.13039, -34.65749, -5.22206],
							"lerp_mode": "catmullrom"
						},
						"2.3333": {
							"post": [8.44236, 27.24513, 3.88714],
							"lerp_mode": "catmullrom"
						},
						"2.625": {
							"post": [8.44236, 27.24513, 3.88714],
							"lerp_mode": "catmullrom"
						},
						"2.9583": {
							"post": [0, 0, 0],
							"lerp_mode": "catmullrom"
						}
					},
					"position": {
						"0.0": [0, 0, 0],
						"0.125": [0, 0, 0.5],
						"0.25": [0, 0, 0],
						"0.5": [0, 1, -4.75],
						"1.2083": [0, 1, -4.75],
						"1.4583": [0, 1, -1.75],
						"1.7083": [0, 0.5, -0.75],
						"2.625": [0, 0.5, -0.75],
						"2.9583": [0, 0, 0]
					}
				},
				"Left_hand": {
					"rotation": {
						"0.0": {
							"post": [0, 0, 0],
							"lerp_mode": "catmullrom"
						},
						"0.125": {
							"post": [-32.5, 0, 12.5],
							"lerp_mode": "catmullrom"
						},
						"0.5": {
							"post": [14.64242, 1.6263, 13.35122],
							"lerp_mode": "catmullrom"
						},
						"1.2083": {
							"post": [14.64242, 1.6263, 13.35122],
							"lerp_mode": "catmullrom"
						},
						"1.4167": {
							"post": [10, 0, 0],
							"lerp_mode": "catmullrom"
						},
						"3.0": {
							"post": [0, 0, 0],
							"lerp_mode": "catmullrom"
						}
					}
				},
				"Right_hand": {
					"rotation": {
						"0.0": {
							"post": [0, 0, 0],
							"lerp_mode": "catmullrom"
						},
						"0.125": {
							"post": [-32.5, 0, -12.5],
							"lerp_mode": "catmullrom"
						},
						"0.5": {
							"post": [14.64242, -1.6263, -13.35122],
							"lerp_mode": "catmullrom"
						},
						"1.2083": {
							"post": [14.64242, -1.6263, -13.35122],
							"lerp_mode": "catmullrom"
						},
						"1.4167": {
							"post": [10, 0, 0],
							"lerp_mode": "catmullrom"
						},
						"3.0": {
							"post": [0, 0, 0],
							"lerp_mode": "catmullrom"
						}
					}
				},
				"Left_Front_Spine_front": {
					"rotation": {
						"0.0": [0, 0, 0],
						"0.125": [0, 0, 0],
						"0.5833": [0, 0, -82.5],
						"1.2917": [0, 0, -82.5],
						"1.5": [0, 0, 0]
					}
				},
				"Left_Top_Spine_back": {
					"rotation": {
						"0.0": [0, 0, 0],
						"0.125": [0, 0, 0],
						"0.5833": [0, 0, -82.5],
						"1.2917": [0, 0, -82.5],
						"1.5": [0, 0, 0]
					}
				},
				"Left_Middle_Spine_front": {
					"rotation": {
						"0.0": [0, 0, 0],
						"0.125": [0, 0, 0],
						"0.5833": [0, 0, -82.5],
						"1.2917": [0, 0, -82.5],
						"1.5": [0, 0, 0]
					}
				},
				"Left_Middle_Spine_back": {
					"rotation": {
						"0.0": [0, 0, 0],
						"0.125": [0, 0, 0],
						"0.5833": [0, 0, -82.5],
						"1.2917": [0, 0, -82.5],
						"1.5": [0, 0, 0]
					}
				},
				"Left_Bottom_Spine_front": {
					"rotation": {
						"0.0": [0, 0, 0],
						"0.125": [0, 0, 0],
						"0.5833": [0, 0, -82.5],
						"1.2917": [0, 0, -82.5],
						"1.5": [0, 0, 0]
					}
				},
				"Left_Bottom_Spine_back": {
					"rotation": {
						"0.0": [0, 0, 0],
						"0.125": [0, 0, 0],
						"0.5833": [0, 0, -82.5],
						"1.2917": [0, 0, -82.5],
						"1.5": [0, 0, 0]
					}
				},
				"eyes_open": {
					"position": {
						"0.25": [0, 0, 0],
						"0.2917": [0, 0, 1],
						"1.4583": [0, 0, 1],
						"1.5": [0, 0, 0]
					}
				},
				"eyes_angry": {
					"position": {
						"0.25": [0, 0, 0],
						"0.2917": [0, 0, -2],
						"1.4583": [0, 0, -2],
						"1.5": [0, 0, 0]
					}
				},
				"mouth_closed": {
					"position": {
						"0.0": [0, 0, 0],
						"0.0417": [0, 0, 1],
						"2.9167": [0, 0, 1],
						"2.9583": [0, 0, 0]
					},
					"scale": 1
				},
				"mouth_happy": {
					"position": [0, 0, 0]
				},
				"mouth_open": {
					"position": {
						"0.0": [0, 0, 0],
						"0.0417": [0, 0, -1],
						"0.4583": [0, 0, -1],
						"0.5": [0, 0, 0],
						"1.5833": [0, 0, 0],
						"1.625": [0, 0, -1],
						"2.9167": [0, 0, -1],
						"2.9583": [0, 0, 0]
					},
					"scale": 1
				},
				"mouth_angry": {
					"position": {
						"0.0": [0, 0, 0],
						"0.4583": [0, 0, 0],
						"0.5": [0, 0, -1],
						"1.5833": [0, 0, -1],
						"1.625": [0, 0, 0]
					}
				},
				"Right_Top_Spine_front": {
					"rotation": {
						"0.0": [0, 0, 0],
						"0.125": [0, 0, 0],
						"0.5833": [0, 0, 82.5],
						"1.2917": [0, 0, 82.5],
						"1.5": [0, 0, 0]
					}
				},
				"Right_Top_Spine_back": {
					"rotation": {
						"0.0": [0, 0, 0],
						"0.125": [0, 0, 0],
						"0.5833": [0, 0, 82.5],
						"1.2917": [0, 0, 82.5],
						"1.5": [0, 0, 0]
					}
				},
				"Right_Middle_Spine_front": {
					"rotation": {
						"0.0": [0, 0, 0],
						"0.125": [0, 0, 0],
						"0.5833": [0, 0, 82.5],
						"1.2917": [0, 0, 82.5],
						"1.5": [0, 0, 0]
					}
				},
				"Right_Middle_Spine_back": {
					"rotation": {
						"0.0": [0, 0, 0],
						"0.125": [0, 0, 0],
						"0.5833": [0, 0, 82.5],
						"1.2917": [0, 0, 82.5],
						"1.5": [0, 0, 0]
					}
				},
				"Right_Bottom_Spine_front": {
					"rotation": {
						"0.0": [0, 0, 0],
						"0.125": [0, 0, 0],
						"0.5833": [0, 0, 82.5],
						"1.2917": [0, 0, 82.5],
						"1.5": [0, 0, 0]
					}
				},
				"Right_Bottom_Spine_back": {
					"rotation": {
						"0.0": [0, 0, 0],
						"0.125": [0, 0, 0],
						"0.5833": [0, 0, 82.5],
						"1.2917": [0, 0, 82.5],
						"1.5": [0, 0, 0]
					}
				},
				"Left_Back_Top_Spine": {
					"rotation": {
						"0.0": [0, 0, 0],
						"0.125": [0, 0, 0],
						"0.5833": [82.5, 0, 0],
						"1.2917": [82.5, 0, 0],
						"1.5": [0, 0, 0]
					}
				},
				"Right_Back_Top_Spine": {
					"rotation": {
						"0.0": [0, 0, 0],
						"0.125": [0, 0, 0],
						"0.5833": [82.5, 0, 0],
						"1.2917": [82.5, 0, 0],
						"1.5": [0, 0, 0]
					}
				},
				"Left_Back_Middle_Spine": {
					"rotation": {
						"0.0": [0, 0, 0],
						"0.125": [0, 0, 0],
						"0.5833": [82.5, 0, 0],
						"1.2917": [82.5, 0, 0],
						"1.5": [0, 0, 0]
					}
				},
				"Right_Back_Middle_Spine": {
					"rotation": {
						"0.0": [0, 0, 0],
						"0.125": [0, 0, 0],
						"0.5833": [82.5, 0, 0],
						"1.2917": [82.5, 0, 0],
						"1.5": [0, 0, 0]
					}
				},
				"Left_Back_Bottom_Spine": {
					"rotation": {
						"0.0": [0, 0, 0],
						"0.125": [0, 0, 0],
						"0.5833": [82.5, 0, 0],
						"1.2917": [82.5, 0, 0],
						"1.5": [0, 0, 0]
					}
				},
				"Right_Back_Bottom_Spine": {
					"rotation": {
						"0.0": [0, 0, 0],
						"0.125": [0, 0, 0],
						"0.5833": [82.5, 0, 0],
						"1.2917": [82.5, 0, 0],
						"1.5": [0, 0, 0]
					}
				}
			}
		},
		"animation.togedemaru.shoulder_left": {
			"loop": true,
			"bones": {
				"torso": {
					"rotation": [5.8254, 4.81496, -1.0317],
					"position": [-0.98481, 0.32857, -0.08116]
				},
				"Left_hand": {
					"rotation": [21.45359, 18.85081, 17.46952]
				},
				"Right_hand": {
					"rotation": [35.54359, 2.99038, -21.81828]
				},
				"tail": {
					"rotation": [-62.58437, 68.07801, "-49.08840986068344+math.sin((query.anim_time)*100-0.3)*4"],
					"position": [0, 0.5, 0]
				},
				"Right_Back_Bottom_Spine": {
					"rotation": [-85, 0, 0]
				},
				"Left_Top_Spine_back": {
					"rotation": [0, 0, 82.5]
				},
				"Left_Middle_Spine_front": {
					"rotation": [0, 0, 85]
				},
				"Left_Middle_Spine_back": {
					"rotation": [0, 0, 85]
				},
				"Left_Bottom_Spine_front": {
					"rotation": [0, 0, 85]
				},
				"Left_Bottom_Spine_back": {
					"rotation": [0, 0, 85]
				},
				"Right_Top_Spine_front": {
					"rotation": [0, 0, -85]
				},
				"Right_Top_Spine_back": {
					"rotation": [0, 0, -85]
				},
				"Right_Middle_Spine_front": {
					"rotation": [0, 0, -85]
				},
				"Right_Middle_Spine_back": {
					"rotation": [0, 0, -85]
				},
				"Right_Bottom_Spine_front": {
					"rotation": [0, 0, -85]
				},
				"Right_Bottom_Spine_back": {
					"rotation": [0, 0, -85]
				},
				"Left_Back_Top_Spine": {
					"rotation": [-85, 0, 0]
				},
				"Right_Back_Top_Spine": {
					"rotation": [-85, 0, 0]
				},
				"Left_Back_Middle_Spine": {
					"rotation": [-85, 0, 0]
				},
				"Right_Back_Middle_Spine": {
					"rotation": [-85, 0, 0]
				},
				"Left_Back_Bottom_Spine": {
					"rotation": [-85, 0, 0]
				},
				"Left_Front_Spine_front": {
					"rotation": [0, 0, 82.5]
				},
				"mouth_closed": {
					"position": [0, 0, 1]
				},
				"eyes_open": {
					"position": [0, 0, 0]
				},
				"Right_Ear": {
					"rotation": [12.5, 0, 0]
				},
				"Left_Ear": {
					"rotation": [12.5, 0, 0]
				},
				"eyes_angry": {
					"position": [0, 0, -1]
				},
				"mouth_open": {
					"position": [0, 0, 0]
				},
				"eyes_closed": {
					"position": [0, 0, 0]
				},
				"Left_foot": {
					"rotation": [120, -5, "0+math.sin((query.anim_time)*100)*8"],
					"position": [-1.96962, -0.33906, -0.07517]
				},
				"Right_foot": {
					"rotation": [117.5, 5, "0+math.sin((query.anim_time-0.1)*100)*8"]
				},
				"body": {
					"rotation": ["12.5+math.sin((query.anim_time)*100)*1", 0, 10],
					"position": [1, -2.75, 6]
				},
				"mouth_happy": {
					"position": [0, 0, -1]
				},
				"Left_foot2": {
					"rotation": [-20, 0, 0]
				},
				"Right_foot2": {
					"rotation": [-20, 0, 0]
				}
			}
		},
		"animation.togedemaru.shoulder_right": {
			"loop": true,
			"bones": {
				"torso": {
					"rotation": [5.8254, -4.81496, 1.0317],
					"position": [0.98481, 0.32857, -0.08116]
				},
				"Left_hand": {
					"rotation": [35.54359, -2.99038, 21.81828]
				},
				"Right_hand": {
					"rotation": [21.45359, -18.85081, -17.46952]
				},
				"tail": {
					"rotation": [-62.58437, 68.07801, "-49.08840986068344+math.sin((query.anim_time)*100-0.3)*4"],
					"position": [0, 0.5, 0]
				},
				"Right_Back_Bottom_Spine": {
					"rotation": [-85, 0, 0]
				},
				"Left_Top_Spine_back": {
					"rotation": [0, 0, 82.5]
				},
				"Left_Middle_Spine_front": {
					"rotation": [0, 0, 85]
				},
				"Left_Middle_Spine_back": {
					"rotation": [0, 0, 85]
				},
				"Left_Bottom_Spine_front": {
					"rotation": [0, 0, 85]
				},
				"Left_Bottom_Spine_back": {
					"rotation": [0, 0, 85]
				},
				"Right_Top_Spine_front": {
					"rotation": [0, 0, -85]
				},
				"Right_Top_Spine_back": {
					"rotation": [0, 0, -85]
				},
				"Right_Middle_Spine_front": {
					"rotation": [0, 0, -85]
				},
				"Right_Middle_Spine_back": {
					"rotation": [0, 0, -85]
				},
				"Right_Bottom_Spine_front": {
					"rotation": [0, 0, -85]
				},
				"Right_Bottom_Spine_back": {
					"rotation": [0, 0, -85]
				},
				"Left_Back_Top_Spine": {
					"rotation": [-85, 0, 0]
				},
				"Right_Back_Top_Spine": {
					"rotation": [-85, 0, 0]
				},
				"Left_Back_Middle_Spine": {
					"rotation": [-85, 0, 0]
				},
				"Right_Back_Middle_Spine": {
					"rotation": [-85, 0, 0]
				},
				"Left_Back_Bottom_Spine": {
					"rotation": [-85, 0, 0]
				},
				"Left_Front_Spine_front": {
					"rotation": [0, 0, 82.5]
				},
				"mouth_closed": {
					"position": [0, 0, 1]
				},
				"eyes_open": {
					"position": [0, 0, 0]
				},
				"Right_Ear": {
					"rotation": [12.5, 0, 0]
				},
				"Left_Ear": {
					"rotation": [12.5, 0, 0]
				},
				"eyes_angry": {
					"position": [0, 0, -1]
				},
				"mouth_open": {
					"position": [0, 0, 0]
				},
				"eyes_closed": {
					"position": [0, 0, 0]
				},
				"Left_foot": {
					"rotation": [117.5, -5, "0+math.sin((query.anim_time)*100)*8"]
				},
				"Right_foot": {
					"rotation": [120, 5, "0+math.sin((query.anim_time-0.1)*100)*8"],
					"position": [1.96962, -0.33906, -0.07517]
				},
				"body": {
					"rotation": ["12.5+math.sin((query.anim_time)*100)*1", 0, -10],
					"position": [-1, -2.75, 6]
				},
				"mouth_happy": {
					"position": [0, 0, -1]
				},
				"Left_foot2": {
					"rotation": [-20, 0, 0]
				},
				"Right_foot2": {
					"rotation": [-20, 0, 0]
				}
			}
		}
	}
}