{
	"format_version": "1.8.0",
	"animations": {
		"animation.cafe_chandelure.ground_idle": {
			"loop": true,
			"bones": {
				"swing": {
					"rotation": ["2.5*math.sin(q.anim_time*90*2)*0.5", 0, "2.5*math.sin(q.anim_time*90*2+90)*0.5"],
					"position": [0, "math.sin(q.anim_time*90*2)*0.1", 0]
				},
				"arm_left": {
					"rotation": [0, "0+math.sin(q.anim_time*90*2+90)*5", "20+math.sin(q.anim_time*90*4)*1.5"]
				},
				"arm_left3": {
					"rotation": [0, 0, "-35+math.sin(q.anim_time*90*4)*1"]
				},
				"arm_left4": {
					"rotation": [0, 0, "-42.5+math.sin(q.anim_time*90*4)*2.5"]
				},
				"candleholder_front_left": {
					"rotation": [-49.4718, "34.2595+math.sin(q.anim_time*90*2)*2.5", "0.7801-math.sin(q.anim_time*90*4)*5"]
				},
				"candleholder_front_left2": {
					"rotation": [0, 0, -38]
				},
				"flame_front_left": {
					"rotation": [
						"5*math.sin(q.anim_time*90*2-120)",
						"-(math.sin(q.anim_time*90-45)*3)*(math.sin(q.anim_time*90-90))",
						"-(math.sin(q.anim_time*90-45)*3)*(math.sin(q.anim_time*90-90))"
					],
					"scale": ["1+math.sin(q.anim_time*90*4)*0.06", 1, 1]
				},
				"candleholder_back_left": {
					"rotation": [49.4718, "-34.2595+math.sin(q.anim_time*90*2)*2.5", "0.7801-math.sin(q.anim_time*90*4)*5"]
				},
				"candleholder_back_left2": {
					"rotation": [0, 0, -38]
				},
				"flame_back_left": {
					"rotation": [
						"5*math.sin(q.anim_time*90*2-60)",
						"-(math.sin(q.anim_time*90-45)*3)*(math.sin(q.anim_time*90-90))",
						"-(math.sin(q.anim_time*90-45)*3)*(math.sin(q.anim_time*90-90))"
					],
					"scale": ["1+math.sin(q.anim_time*90*4)*0.06", 1, 1]
				},
				"arm_right": {
					"rotation": [0, "0-math.sin(q.anim_time*90*2+90)*5", "-20-math.sin(q.anim_time*90*4)*1.5"]
				},
				"arm_right3": {
					"rotation": [0, 0, "35-math.sin(q.anim_time*90*4)*1"]
				},
				"arm_right4": {
					"rotation": [0, 0, "42.5-math.sin(q.anim_time*90*4)*2.5"]
				},
				"candleholder_front_right": {
					"rotation": [-49.4718, "-34.2595-math.sin(q.anim_time*90*2)*2.5", "-0.7801+math.sin(q.anim_time*90*4)*5"]
				},
				"candleholder_front_right2": {
					"rotation": [0, 0, 38]
				},
				"flame_front_right": {
					"rotation": [
						"5*math.sin(q.anim_time*90*2-120)",
						"-(math.sin(q.anim_time*90-45)*3)*(math.sin(q.anim_time*90-90))",
						"-(math.sin(q.anim_time*90-45)*3)*(math.sin(q.anim_time*90-90))"
					],
					"scale": ["1+math.sin(q.anim_time*90*4)*0.06", 1, 1]
				},
				"candleholder_back_right": {
					"rotation": [49.4718, "34.2595-math.sin(q.anim_time*90*2)*2.5", "-0.7801+math.sin(q.anim_time*90*4)*5"]
				},
				"candleholder_back_right2": {
					"rotation": [0, 0, 38]
				},
				"flame_back_right": {
					"rotation": [
						"5*math.sin(q.anim_time*90*2-60)",
						"-(math.sin(q.anim_time*90-45)*3)*(math.sin(q.anim_time*90-90))",
						"-(math.sin(q.anim_time*90-45)*3)*(math.sin(q.anim_time*90-90))"
					],
					"scale": ["1+math.sin(q.anim_time*90*4)*0.06", 1, 1]
				},
				"arm_right2": {
					"rotation": [0, 0, "12.5-math.sin(q.anim_time*90*4)*1"]
				},
				"arm_left2": {
					"rotation": [0, 0, "-12.5+math.sin(q.anim_time*90*4)*1"]
				},
				"flame_middle": {
					"rotation": ["(math.sin(q.anim_time*90)*3)*(math.sin(q.anim_time*90-90))", "-5*math.sin(q.anim_time*90*2-120)", "1*(math.sin(q.anim_time*90*2-120))"],
					"scale": [1, "1+math.sin(q.anim_time*90*4)*0.06", 1]
				},
				"flame_middle2": {
					"scale": [1, "1+math.sin(q.anim_time*90*4-90)*0.07", 1]
				},
				"flame_middle3": {
					"scale": [1, "1+math.sin(q.anim_time*90*4-170)*0.08", 1]
				},
				"head": {
					"rotation": [0, 0, 0]
				},
				"flame_inner": {
					"rotation": [0, "5*math.sin(q.anim_time*90*2+120)", 0],
					"scale": ["1-math.sin(q.anim_time*90*4)*0.06", 1, "1-math.sin(q.anim_time*90*4)*0.06"]
				},
				"body": {
					"position": [0, 5, 0]
				},
				"p1": {
					"rotation": [0, -35, -102.5],
					"position": [-27, 3, 27]
				},
				"p2": {
					"rotation": [-195, 82.5, -87.5],
					"position": [21, -2, -3]
				},
				"p3": {
					"rotation": [0, 0, -97.5],
					"position": [-38, 19, 36]
				},
				"p4": {
					"rotation": [0, 22.5, 92.5],
					"position": [21, -9, 40]
				}
			}
		},
		"animation.cafe_chandelure.ground_walk": {
			"loop": true,
			"bones": {
				"swing": {
					"rotation": ["15+2.5*math.sin(q.anim_time*90*2)*0.75", 0, "2.5*math.sin(q.anim_time*90*2+90)*0.75"],
					"position": [0, "math.sin(q.anim_time*90*4)*0.75", -8]
				},
				"arm_left": {
					"rotation": [0, "-20+math.sin(q.anim_time*90*4+90)*5", "20+math.sin(q.anim_time*90*4)*1.5"]
				},
				"arm_left3": {
					"rotation": [0, 0, "-35+math.sin(q.anim_time*90*4)*1"]
				},
				"arm_left4": {
					"rotation": [0, 0, "-42.5+math.sin(q.anim_time*90*4)*2.5"]
				},
				"candleholder_front_left": {
					"rotation": [-49.4718, "34.2595+math.sin(q.anim_time*90*2)*2.5", "0.7801-math.sin(q.anim_time*90*4)*5"]
				},
				"candleholder_front_left2": {
					"rotation": [0, 0, -38]
				},
				"flame_front_left": {
					"rotation": [
						"5*math.sin(q.anim_time*90*2-120)",
						"-(math.sin(q.anim_time*90-45)*3)*(math.sin(q.anim_time*90-90))",
						"-(math.sin(q.anim_time*90-45)*3)*(math.sin(q.anim_time*90-90))"
					],
					"scale": ["1+math.sin(q.anim_time*90*4)*0.06", 1, 1]
				},
				"candleholder_back_left": {
					"rotation": [49.4718, "-34.2595+math.sin(q.anim_time*90*2)*2.5", "0.7801-math.sin(q.anim_time*90*4)*5"]
				},
				"candleholder_back_left2": {
					"rotation": [0, 0, -38]
				},
				"flame_back_left": {
					"rotation": [
						"5*math.sin(q.anim_time*90*2-60)",
						"-(math.sin(q.anim_time*90-45)*3)*(math.sin(q.anim_time*90-90))",
						"-(math.sin(q.anim_time*90-45)*3)*(math.sin(q.anim_time*90-90))"
					],
					"scale": ["1+math.sin(q.anim_time*90*4)*0.06", 1, 1]
				},
				"arm_right": {
					"rotation": [0, "20-math.sin(q.anim_time*90*4+90)*5", "-20-math.sin(q.anim_time*90*4)*1.5"]
				},
				"arm_right3": {
					"rotation": [0, 0, "35-math.sin(q.anim_time*90*4)*1"]
				},
				"arm_right4": {
					"rotation": [0, 0, "42.5-math.sin(q.anim_time*90*4)*2.5"]
				},
				"candleholder_front_right": {
					"rotation": [-49.4718, "-34.2595-math.sin(q.anim_time*90*2)*2.5", "-0.7801+math.sin(q.anim_time*90*4)*5"]
				},
				"candleholder_front_right2": {
					"rotation": [0, 0, 38]
				},
				"flame_front_right": {
					"rotation": [
						"5*math.sin(q.anim_time*90*2-120)",
						"-(math.sin(q.anim_time*90-45)*3)*(math.sin(q.anim_time*90-90))",
						"-(math.sin(q.anim_time*90-45)*3)*(math.sin(q.anim_time*90-90))"
					],
					"scale": ["1+math.sin(q.anim_time*90*4)*0.06", 1, 1]
				},
				"candleholder_back_right": {
					"rotation": [49.4718, "34.2595-math.sin(q.anim_time*90*2)*2.5", "-0.7801+math.sin(q.anim_time*90*4)*5"]
				},
				"candleholder_back_right2": {
					"rotation": [0, 0, 38]
				},
				"flame_back_right": {
					"rotation": [
						"5*math.sin(q.anim_time*90*2-60)",
						"-(math.sin(q.anim_time*90-45)*3)*(math.sin(q.anim_time*90-90))",
						"-(math.sin(q.anim_time*90-45)*3)*(math.sin(q.anim_time*90-90))"
					],
					"scale": ["1+math.sin(q.anim_time*90*4)*0.06", 1, 1]
				},
				"arm_right2": {
					"rotation": [0, 0, "12.5-math.sin(q.anim_time*90*4)*1"]
				},
				"arm_left2": {
					"rotation": [0, 0, "-12.5+math.sin(q.anim_time*90*4)*1"]
				},
				"flame_middle": {
					"rotation": ["(math.sin(q.anim_time*90)*3)*(math.sin(q.anim_time*90-90))", "5*math.sin(q.anim_time*90*2-120)", "-(math.sin(q.anim_time*90*2-90)*3)"],
					"scale": [1, "1+math.sin(q.anim_time*90*4)*0.06", 1]
				},
				"flame_middle2": {
					"scale": [1, "1+math.sin(q.anim_time*90*4-90)*0.07", 1]
				},
				"flame_middle3": {
					"scale": [1, "1+math.sin(q.anim_time*90*4-170)*0.08", 1]
				},
				"head": {
					"rotation": [0, 0, 0]
				},
				"flame_inner": {
					"rotation": [0, "5*math.sin(q.anim_time*90*2+120)", 0],
					"scale": ["1-math.sin(q.anim_time*90*4)*0.06", 1, "1-math.sin(q.anim_time*90*4)*0.06"]
				},
				"body": {
					"position": [0, 5, 0]
				},
				"p1": {
					"rotation": [0, -35, -102.5],
					"position": [-27, 3, 27]
				},
				"p2": {
					"rotation": [-195, 82.5, -87.5],
					"position": [21, -2, -3]
				},
				"p3": {
					"rotation": [0, 0, -97.5],
					"position": [-38, 19, 36]
				},
				"p4": {
					"rotation": [0, 22.5, 92.5],
					"position": [21, -9, 40]
				}
			}
		},
		"animation.cafe_chandelure.air_idle": {
			"loop": true,
			"bones": {
				"swing": {
					"rotation": ["2.5*math.sin(q.anim_time*90*2)*0.5", 0, "2.5*math.sin(q.anim_time*90*2+90)*0.5"],
					"position": [0, "math.sin(q.anim_time*90*2)*0.1", 0]
				},
				"arm_left": {
					"rotation": [0, "0+math.sin(q.anim_time*90*2+90)*5", "20+math.sin(q.anim_time*90*4)*1.5"]
				},
				"arm_left3": {
					"rotation": [0, 0, "-35+math.sin(q.anim_time*90*4)*1"]
				},
				"arm_left4": {
					"rotation": [0, 0, "-42.5+math.sin(q.anim_time*90*4)*2.5"]
				},
				"candleholder_front_left": {
					"rotation": [-49.4718, "34.2595+math.sin(q.anim_time*90*2)*2.5", "0.7801-math.sin(q.anim_time*90*4)*5"]
				},
				"candleholder_front_left2": {
					"rotation": [0, 0, -38]
				},
				"flame_front_left": {
					"rotation": [
						"5*math.sin(q.anim_time*90*2-120)",
						"-(math.sin(q.anim_time*90-45)*3)*(math.sin(q.anim_time*90-90))",
						"-(math.sin(q.anim_time*90-45)*3)*(math.sin(q.anim_time*90-90))"
					],
					"scale": ["1+math.sin(q.anim_time*90*4)*0.06", 1, 1]
				},
				"candleholder_back_left": {
					"rotation": [49.4718, "-34.2595+math.sin(q.anim_time*90*2)*2.5", "0.7801-math.sin(q.anim_time*90*4)*5"]
				},
				"candleholder_back_left2": {
					"rotation": [0, 0, -38]
				},
				"flame_back_left": {
					"rotation": [
						"5*math.sin(q.anim_time*90*2-60)",
						"-(math.sin(q.anim_time*90-45)*3)*(math.sin(q.anim_time*90-90))",
						"-(math.sin(q.anim_time*90-45)*3)*(math.sin(q.anim_time*90-90))"
					],
					"scale": ["1+math.sin(q.anim_time*90*4)*0.06", 1, 1]
				},
				"arm_right": {
					"rotation": [0, "0-math.sin(q.anim_time*90*2+90)*5", "-20-math.sin(q.anim_time*90*4)*1.5"]
				},
				"arm_right3": {
					"rotation": [0, 0, "35-math.sin(q.anim_time*90*4)*1"]
				},
				"arm_right4": {
					"rotation": [0, 0, "42.5-math.sin(q.anim_time*90*4)*2.5"]
				},
				"candleholder_front_right": {
					"rotation": [-49.4718, "-34.2595-math.sin(q.anim_time*90*2)*2.5", "-0.7801+math.sin(q.anim_time*90*4)*5"]
				},
				"candleholder_front_right2": {
					"rotation": [0, 0, 38]
				},
				"flame_front_right": {
					"rotation": [
						"5*math.sin(q.anim_time*90*2-120)",
						"-(math.sin(q.anim_time*90-45)*3)*(math.sin(q.anim_time*90-90))",
						"-(math.sin(q.anim_time*90-45)*3)*(math.sin(q.anim_time*90-90))"
					],
					"scale": ["1+math.sin(q.anim_time*90*4)*0.06", 1, 1]
				},
				"candleholder_back_right": {
					"rotation": [49.4718, "34.2595-math.sin(q.anim_time*90*2)*2.5", "-0.7801+math.sin(q.anim_time*90*4)*5"]
				},
				"candleholder_back_right2": {
					"rotation": [0, 0, 38]
				},
				"flame_back_right": {
					"rotation": [
						"5*math.sin(q.anim_time*90*2-60)",
						"-(math.sin(q.anim_time*90-45)*3)*(math.sin(q.anim_time*90-90))",
						"-(math.sin(q.anim_time*90-45)*3)*(math.sin(q.anim_time*90-90))"
					],
					"scale": ["1+math.sin(q.anim_time*90*4)*0.06", 1, 1]
				},
				"arm_right2": {
					"rotation": [0, 0, "12.5-math.sin(q.anim_time*90*4)*1"]
				},
				"arm_left2": {
					"rotation": [0, 0, "-12.5+math.sin(q.anim_time*90*4)*1"]
				},
				"flame_middle": {
					"rotation": ["(math.sin(q.anim_time*90)*3)*(math.sin(q.anim_time*90-90))", "-5*math.sin(q.anim_time*90*2-120)", "1*(math.sin(q.anim_time*90*2-120))"],
					"scale": [1, "1+math.sin(q.anim_time*90*4)*0.06", 1]
				},
				"flame_middle2": {
					"scale": [1, "1+math.sin(q.anim_time*90*4-90)*0.07", 1]
				},
				"flame_middle3": {
					"scale": [1, "1+math.sin(q.anim_time*90*4-170)*0.08", 1]
				},
				"head": {
					"rotation": [0, 0, 0]
				},
				"flame_inner": {
					"rotation": [0, "5*math.sin(q.anim_time*90*2+120)", 0],
					"scale": ["1-math.sin(q.anim_time*90*4)*0.06", 1, "1-math.sin(q.anim_time*90*4)*0.06"]
				},
				"body": {
					"position": [0, 5, 0]
				},
				"p1": {
					"rotation": [0, -35, -102.5],
					"position": [-27, 3, 27]
				},
				"p2": {
					"rotation": [-195, 82.5, -87.5],
					"position": [21, -2, -3]
				},
				"p3": {
					"rotation": [0, 0, -97.5],
					"position": [-38, 19, 36]
				},
				"p4": {
					"rotation": [0, 22.5, 92.5],
					"position": [21, -9, 40]
				}
			}
		},
		"animation.cafe_chandelure.air_fly": {
			"loop": true,
			"bones": {
				"swing": {
					"rotation": ["15+2.5*math.sin(q.anim_time*90*2)*0.75", 0, "2.5*math.sin(q.anim_time*90*2+90)*0.75"],
					"position": [0, "math.sin(q.anim_time*90*4)*0.75", -8]
				},
				"arm_left": {
					"rotation": [0, "-20+math.sin(q.anim_time*90*4+90)*5", "20+math.sin(q.anim_time*90*4)*1.5"]
				},
				"arm_left3": {
					"rotation": [0, 0, "-35+math.sin(q.anim_time*90*4)*1"]
				},
				"arm_left4": {
					"rotation": [0, 0, "-42.5+math.sin(q.anim_time*90*4)*2.5"]
				},
				"candleholder_front_left": {
					"rotation": [-49.4718, "34.2595+math.sin(q.anim_time*90*2)*2.5", "0.7801-math.sin(q.anim_time*90*4)*5"]
				},
				"candleholder_front_left2": {
					"rotation": [0, 0, -38]
				},
				"flame_front_left": {
					"rotation": [
						"5*math.sin(q.anim_time*90*2-120)",
						"-(math.sin(q.anim_time*90-45)*3)*(math.sin(q.anim_time*90-90))",
						"-(math.sin(q.anim_time*90-45)*3)*(math.sin(q.anim_time*90-90))"
					],
					"scale": ["1+math.sin(q.anim_time*90*4)*0.06", 1, 1]
				},
				"candleholder_back_left": {
					"rotation": [49.4718, "-34.2595+math.sin(q.anim_time*90*2)*2.5", "0.7801-math.sin(q.anim_time*90*4)*5"]
				},
				"candleholder_back_left2": {
					"rotation": [0, 0, -38]
				},
				"flame_back_left": {
					"rotation": [
						"5*math.sin(q.anim_time*90*2-60)",
						"-(math.sin(q.anim_time*90-45)*3)*(math.sin(q.anim_time*90-90))",
						"-(math.sin(q.anim_time*90-45)*3)*(math.sin(q.anim_time*90-90))"
					],
					"scale": ["1+math.sin(q.anim_time*90*4)*0.06", 1, 1]
				},
				"arm_right": {
					"rotation": [0, "20-math.sin(q.anim_time*90*4+90)*5", "-20-math.sin(q.anim_time*90*4)*1.5"]
				},
				"arm_right3": {
					"rotation": [0, 0, "35-math.sin(q.anim_time*90*4)*1"]
				},
				"arm_right4": {
					"rotation": [0, 0, "42.5-math.sin(q.anim_time*90*4)*2.5"]
				},
				"candleholder_front_right": {
					"rotation": [-49.4718, "-34.2595-math.sin(q.anim_time*90*2)*2.5", "-0.7801+math.sin(q.anim_time*90*4)*5"]
				},
				"candleholder_front_right2": {
					"rotation": [0, 0, 38]
				},
				"flame_front_right": {
					"rotation": [
						"5*math.sin(q.anim_time*90*2-120)",
						"-(math.sin(q.anim_time*90-45)*3)*(math.sin(q.anim_time*90-90))",
						"-(math.sin(q.anim_time*90-45)*3)*(math.sin(q.anim_time*90-90))"
					],
					"scale": ["1+math.sin(q.anim_time*90*4)*0.06", 1, 1]
				},
				"candleholder_back_right": {
					"rotation": [49.4718, "34.2595-math.sin(q.anim_time*90*2)*2.5", "-0.7801+math.sin(q.anim_time*90*4)*5"]
				},
				"candleholder_back_right2": {
					"rotation": [0, 0, 38]
				},
				"flame_back_right": {
					"rotation": [
						"5*math.sin(q.anim_time*90*2-60)",
						"-(math.sin(q.anim_time*90-45)*3)*(math.sin(q.anim_time*90-90))",
						"-(math.sin(q.anim_time*90-45)*3)*(math.sin(q.anim_time*90-90))"
					],
					"scale": ["1+math.sin(q.anim_time*90*4)*0.06", 1, 1]
				},
				"arm_right2": {
					"rotation": [0, 0, "12.5-math.sin(q.anim_time*90*4)*1"]
				},
				"arm_left2": {
					"rotation": [0, 0, "-12.5+math.sin(q.anim_time*90*4)*1"]
				},
				"flame_middle": {
					"rotation": ["(math.sin(q.anim_time*90)*3)*(math.sin(q.anim_time*90-90))", "5*math.sin(q.anim_time*90*2-120)", "-(math.sin(q.anim_time*90*2-90)*3)"],
					"scale": [1, "1+math.sin(q.anim_time*90*4)*0.06", 1]
				},
				"flame_middle2": {
					"scale": [1, "1+math.sin(q.anim_time*90*4-90)*0.07", 1]
				},
				"flame_middle3": {
					"scale": [1, "1+math.sin(q.anim_time*90*4-170)*0.08", 1]
				},
				"head": {
					"rotation": [0, 0, 0]
				},
				"flame_inner": {
					"rotation": [0, "5*math.sin(q.anim_time*90*2+120)", 0],
					"scale": ["1-math.sin(q.anim_time*90*4)*0.06", 1, "1-math.sin(q.anim_time*90*4)*0.06"]
				},
				"body": {
					"position": [0, 5, 0]
				},
				"p1": {
					"rotation": [0, -35, -102.5],
					"position": [-27, 3, 27]
				},
				"p2": {
					"rotation": [-195, 82.5, -87.5],
					"position": [21, -2, -3]
				},
				"p3": {
					"rotation": [0, 0, -97.5],
					"position": [-38, 19, 36]
				},
				"p4": {
					"rotation": [0, 22.5, 92.5],
					"position": [21, -9, 40]
				}
			}
		},
		"animation.cafe_chandelure.battle_idle": {
			"loop": true,
			"bones": {
				"swing": {
					"rotation": ["2.5*math.sin(q.anim_time*90*2)*2", 0, "2.5*math.sin(q.anim_time*90*2+90)*2"],
					"position": [0, "math.sin(q.anim_time*90*4)*0.1", 0]
				},
				"arm_left": {
					"rotation": [0, "0+math.sin(q.anim_time*90*2+90)*10", "20+math.sin(q.anim_time*90*4)*3"]
				},
				"arm_left3": {
					"rotation": [0, 0, "-35+math.sin(q.anim_time*90*4)*2"]
				},
				"arm_left4": {
					"rotation": [0, 0, "-42.5+math.sin(q.anim_time*90*4)*5"]
				},
				"candleholder_front_left": {
					"rotation": [-49.4718, "34.2595+math.sin(q.anim_time*90*2)*5", "0.7801-math.sin(q.anim_time*90*4)*10"]
				},
				"candleholder_front_left2": {
					"rotation": [0, 0, -38]
				},
				"flame_front_left": {
					"rotation": [
						"15*math.sin(q.anim_time*90*2-120)",
						"-(math.sin(q.anim_time*90-45)*3)*(math.sin(q.anim_time*90-90))",
						"-(math.sin(q.anim_time*90-45)*3)*(math.sin(q.anim_time*90-90))"
					],
					"scale": ["1+math.sin(q.anim_time*90*4)*0.06", 1, 1]
				},
				"candleholder_back_left": {
					"rotation": [49.4718, "-34.2595+math.sin(q.anim_time*90*2)*5", "0.7801-math.sin(q.anim_time*90*4)*10"]
				},
				"candleholder_back_left2": {
					"rotation": [0, 0, -38]
				},
				"flame_back_left": {
					"rotation": [
						"15*math.sin(q.anim_time*90*2-60)",
						"-(math.sin(q.anim_time*90-45)*3)*(math.sin(q.anim_time*90-90))",
						"-(math.sin(q.anim_time*90-45)*3)*(math.sin(q.anim_time*90-90))"
					],
					"scale": ["1+math.sin(q.anim_time*90*4)*0.06", 1, 1]
				},
				"arm_right": {
					"rotation": [0, "0-math.sin(q.anim_time*90*2+90)*10", "-20-math.sin(q.anim_time*90*4)*3"]
				},
				"arm_right3": {
					"rotation": [0, 0, "35-math.sin(q.anim_time*90*4)*2"]
				},
				"arm_right4": {
					"rotation": [0, 0, "42.5-math.sin(q.anim_time*90*4)*5"]
				},
				"candleholder_front_right": {
					"rotation": [-49.4718, "-34.2595-math.sin(q.anim_time*90*2)*5", "-0.7801+math.sin(q.anim_time*90*4)*10"]
				},
				"candleholder_front_right2": {
					"rotation": [0, 0, 38]
				},
				"flame_front_right": {
					"rotation": [
						"15*math.sin(q.anim_time*90*2-120)",
						"-(math.sin(q.anim_time*90-45)*3)*(math.sin(q.anim_time*90-90))",
						"-(math.sin(q.anim_time*90-45)*3)*(math.sin(q.anim_time*90-90))"
					],
					"scale": ["1+math.sin(q.anim_time*90*4)*0.06", 1, 1]
				},
				"candleholder_back_right": {
					"rotation": [49.4718, "34.2595-math.sin(q.anim_time*90*2)*5", "-0.7801+math.sin(q.anim_time*90*4)*10"]
				},
				"candleholder_back_right2": {
					"rotation": [0, 0, 38]
				},
				"flame_back_right": {
					"rotation": [
						"15*math.sin(q.anim_time*90*2-60)",
						"-(math.sin(q.anim_time*90-45)*3)*(math.sin(q.anim_time*90-90))",
						"-(math.sin(q.anim_time*90-45)*3)*(math.sin(q.anim_time*90-90))"
					],
					"scale": ["1+math.sin(q.anim_time*90*4)*0.06", 1, 1]
				},
				"arm_right2": {
					"rotation": [0, 0, "12.5-math.sin(q.anim_time*90*4)*2"]
				},
				"arm_left2": {
					"rotation": [0, 0, "-12.5+math.sin(q.anim_time*90*4)*2"]
				},
				"flame_middle": {
					"rotation": [
						"(math.sin(q.anim_time*90)*3)*(math.sin(q.anim_time*90-90))",
						"15*math.sin(q.anim_time*90*2-120)",
						"-(math.sin(q.anim_time*90-45)*3)*(math.sin(q.anim_time*90-90))"
					],
					"scale": [1, "1+math.sin(q.anim_time*90*4)*0.06", 1]
				},
				"flame_middle2": {
					"scale": [1, "1+math.sin(q.anim_time*90*4-90)*0.07", 1]
				},
				"flame_middle3": {
					"scale": [1, "1+math.sin(q.anim_time*90*4-170)*0.08", 1]
				},
				"head": {
					"rotation": [0, 0, 0]
				},
				"flame_inner": {
					"rotation": [0, "-15*math.sin(q.anim_time*90*2+120)", 0],
					"scale": ["1-math.sin(q.anim_time*90*4)*0.06", 1, "1-math.sin(q.anim_time*90*4)*0.06"]
				},
				"body": {
					"position": [0, 5, 0]
				},
				"p1": {
					"rotation": [0, -35, -102.5],
					"position": [-27, 3, 27]
				},
				"p2": {
					"rotation": [-195, 82.5, -87.5],
					"position": [21, -2, -3]
				},
				"p3": {
					"rotation": [0, 0, -97.5],
					"position": [-38, 19, 36]
				},
				"p4": {
					"rotation": [0, 22.5, 92.5],
					"position": [21, -9, 40]
				}
			}
		},
		"animation.cafe_chandelure.sleep": {
			"loop": true,
			"bones": {
				"swing": {
					"rotation": ["2.5*math.sin(q.anim_time*90*1)*0.45", 0, "2.5*math.sin(q.anim_time*90*1+90)*0.45"],
					"position": [0, "math.sin(q.anim_time*90*1)*0.1", 0]
				},
				"arm_left": {
					"rotation": [0, 0, 15]
				},
				"arm_left3": {
					"rotation": [0, 0, -40]
				},
				"arm_left4": {
					"rotation": [0, 0, -43.5]
				},
				"candleholder_front_left": {
					"rotation": [-32.2677, 27.16759, 30.66045]
				},
				"candleholder_front_left2": {
					"rotation": [0, 0, -38]
				},
				"flame_front_left": {
					"rotation": [
						"2*math.sin(q.anim_time*90*1-60)",
						"-(math.sin(q.anim_time*90-45)*3)*(math.sin(q.anim_time*90-90))",
						"-(math.sin(q.anim_time*90-45)*3)*(math.sin(q.anim_time*90-90))"
					],
					"scale": ["1+math.sin(q.anim_time*90*4)*0.06", 1, 1]
				},
				"candleholder_back_left": {
					"rotation": [32.2677, -27.1676, 30.66045]
				},
				"candleholder_back_left2": {
					"rotation": [0, 0, -38]
				},
				"flame_back_left": {
					"rotation": [
						"2*math.sin(q.anim_time*90*1-60)",
						"-(math.sin(q.anim_time*90-45)*3)*(math.sin(q.anim_time*90-90))",
						"-(math.sin(q.anim_time*90-45)*3)*(math.sin(q.anim_time*90-90))"
					],
					"scale": ["1+math.sin(q.anim_time*90*4)*0.06", 1, 1]
				},
				"arm_right": {
					"rotation": [0, 0, -15]
				},
				"arm_right3": {
					"rotation": [0, 0, 40]
				},
				"arm_right4": {
					"rotation": [0, 0, 43.5]
				},
				"candleholder_front_right": {
					"rotation": [-32.2677, -27.16759, -30.66045]
				},
				"candleholder_front_right2": {
					"rotation": [0, 0, 38]
				},
				"flame_front_right": {
					"rotation": [
						"2*math.sin(q.anim_time*90*1-60)",
						"-(math.sin(q.anim_time*90-45)*3)*(math.sin(q.anim_time*90-90))",
						"-(math.sin(q.anim_time*90-45)*3)*(math.sin(q.anim_time*90-90))"
					],
					"scale": ["1+math.sin(q.anim_time*90*4)*0.06", 1, 1]
				},
				"candleholder_back_right": {
					"rotation": [32.2677, 27.1676, -30.66045]
				},
				"candleholder_back_right2": {
					"rotation": [0, 0, 38]
				},
				"flame_back_right": {
					"rotation": [
						"2*math.sin(q.anim_time*90*1-60)",
						"-(math.sin(q.anim_time*90-45)*3)*(math.sin(q.anim_time*90-90))",
						"-(math.sin(q.anim_time*90-45)*3)*(math.sin(q.anim_time*90-90))"
					],
					"scale": ["1+math.sin(q.anim_time*90*4)*0.06", 1, 1]
				},
				"arm_right2": {
					"rotation": [0, 0, 22.5]
				},
				"arm_left2": {
					"rotation": [0, 0, -22.5]
				},
				"flame_middle": {
					"rotation": ["(math.sin(q.anim_time*90)*3)*(math.sin(q.anim_time*90-90))", "-2*math.sin(q.anim_time*90*1-120)", "-(math.sin(q.anim_time*90*1-45)*3)"],
					"scale": [1, "0.8+math.sin(q.anim_time*90*2)*0.06", 1]
				},
				"flame_middle2": {
					"scale": [1, "1+math.sin(q.anim_time*90*2-90)*0.07", 1]
				},
				"flame_middle3": {
					"scale": [1, "1+math.sin(q.anim_time*90*2-170)*0.08", 1]
				},
				"head": {
					"rotation": [0, 0, 0]
				},
				"flame_inner": {
					"rotation": [0, "5*math.sin(q.anim_time*90*1+120)", 0],
					"scale": ["1-math.sin(q.anim_time*90*4)*0.06", 1, "1-math.sin(q.anim_time*90*4)*0.06"]
				},
				"body": {
					"position": [0, 5, 0]
				},
				"eyelid_left": {
					"position": [4, 6, -6.43],
					"scale": [1, 1, 0.05]
				},
				"eyelid_left2": {
					"position": [-4, 6, -6.43],
					"scale": [1, 1, 0.05]
				},
				"p1": {
					"rotation": [0, -35, -102.5],
					"position": [-27, 3, 27]
				},
				"p2": {
					"rotation": [-195, 82.5, -87.5],
					"position": [21, -2, -3]
				},
				"p3": {
					"rotation": [0, 0, -97.5],
					"position": [-38, 19, 36]
				},
				"p4": {
					"rotation": [0, 22.5, 92.5],
					"position": [21, -9, 40]
				}
			}
		},
		"animation.cafe_chandelure.blink": {
			"animation_length": 0.1667,
			"bones": {
				"eyelid_left": {
					"position": {
						"0.0": [4, 6, -6.43],
						"0.0833": [4, 6, -6.43],
						"0.1667": {"pre": [4, 6, -6.43], "post": [0, 0, 0]}
					},
					"scale": {
						"0.0": [1, 1, 0.05],
						"0.0833": [1, 1, 0.05],
						"0.1667": {"pre": [1, 1, 0.05], "post": [1, 1, 1]}
					}
				},
				"eyelid_left2": {
					"position": {
						"0.0": [-4, 6, -6.43],
						"0.0833": [-4, 6, -6.43],
						"0.1667": {"pre": [-4, 6, -6.43], "post": [0, 0, 0]}
					},
					"scale": {
						"0.0": [1, 1, 0.05],
						"0.0833": [1, 1, 0.05],
						"0.1667": {"pre": [1, 1, 0.05], "post": [1, 1, 1]}
					}
				}
			}
		},
		"animation.cafe_chandelure.pose": {
			"loop": true,
			"bones": {
				"swing": {
					"rotation": [-10.96847, 33.66122, -6.73805],
					"position": [0, 3, 9]
				},
				"head": {
					"rotation": [12.5, 5, 0]
				},
				"flame_middle": {
					"rotation": [0, -40, 0]
				},
				"arm_left": {
					"rotation": [0, 0, 22.5]
				},
				"arm_left2": {
					"rotation": [0, 0, -30]
				},
				"arm_left3": {
					"rotation": [0, 0, -32.5]
				},
				"arm_left4": {
					"rotation": [0, 0, -35]
				},
				"candleholder_front_left": {
					"rotation": [-9.5505, 12.90125, 24.615]
				},
				"candleholder_front_left2": {
					"rotation": [0, 0, -31]
				},
				"flame_front_left": {
					"rotation": [37.72656, -1.77729, -3.83006]
				},
				"candleholder_back_left": {
					"rotation": [9.5505, -12.90127, 24.615]
				},
				"candleholder_back_left2": {
					"rotation": [0, 0, -31]
				},
				"flame_back_left": {
					"rotation": [6.03421, 5.76257, -4.96343]
				},
				"arm_right": {
					"rotation": [0, 0, -22.5]
				},
				"arm_right2": {
					"rotation": [0, 0, 30]
				},
				"arm_right3": {
					"rotation": [0, 0, 32.5]
				},
				"arm_right4": {
					"rotation": [0, 0, 35]
				},
				"candleholder_front_right": {
					"rotation": [-9.5505, -12.90125, -24.615]
				},
				"candleholder_front_right2": {
					"rotation": [0, 0, 31]
				},
				"flame_front_right": {
					"rotation": [-39, 7.59614, 4.29952]
				},
				"candleholder_back_right": {
					"rotation": [9.5505, 12.90127, -24.615]
				},
				"candleholder_back_right2": {
					"rotation": [0, 0, 31]
				},
				"flame_back_right": {
					"rotation": [-65, -2.74279, 1.07723]
				},
				"pot": {
					"position": [-2, -1, 0]
				},
				"p1": {
					"rotation": [37.00509, -12.94206, -126.35272],
					"position": [-24, 15, 23]
				},
				"p2": {
					"rotation": [-241.68095, 74.16925, -157.66017],
					"position": [17, -2, -3]
				},
				"p3": {
					"rotation": [30, 0, -97.5],
					"position": [-47, 23, 32]
				},
				"p4": {
					"rotation": [12.5, 22.5, 92.5],
					"position": [30, -7, 40]
				}
			}
		},
		"animation.cafe_chandelure.cry": {
			"animation_length": 1.2,
			"sound_effects": {
				"0.0417": {
					"effect": "pokemon.chandelure.cry"
				}
			}
		}
	}
}