{
	"format_version": "1.12.0",
	"minecraft:geometry": [
		{
			"description": {
				"identifier": "geometry.unknown",
				"texture_width": 64,
				"texture_height": 64,
				"visible_bounds_width": 2,
				"visible_bounds_height": 2.5,
				"visible_bounds_offset": [0, 0.75, 0]
			},
			"bones": [
				{
					"name": "furfrouwhite",
					"pivot": [0, 0, 0]
				},
				{
					"name": "body",
					"parent": "furfrouwhite",
					"pivot": [0, 0, 0]
				},
				{
					"name": "torso",
					"parent": "body",
					"pivot": [0, 7.67057, -1.97437],
					"rotation": [-26.5, 0, 0],
					"cubes": [
						{"origin": [-2, 5.67057, -3.97437], "size": [4, 4, 4], "inflate": 0.025, "uv": [0, 22]}
					]
				},
				{
					"name": "neck",
					"parent": "torso",
					"pivot": [0, 7.83782, -2.2372],
					"rotation": [26.5, 0, 0],
					"cubes": [
						{"origin": [-1, 9.675, -3.275], "size": [2, 3, 2], "pivot": [-1, 11.175, -0.775], "rotation": [-7.75, 0, 0], "uv": [16, 43]},
						{"origin": [-1.5, 6.44716, -3.7117], "size": [3, 4, 3], "inflate": 0.025, "pivot": [-0.5, 11.19716, -1.2117], "rotation": [-7.75, 0, 0], "uv": [16, 30]}
					]
				},
				{
					"name": "head",
					"parent": "neck",
					"pivot": [-0.23716, 12.25576, -2.2185],
					"rotation": [7.5, 0, 0],
					"cubes": [
						{"origin": [-2, 12.0493, -4.95866], "size": [4, 4, 4], "uv": [16, 22]},
						{"origin": [-2, 14.5493, -4.95866], "size": [4, 1, 4], "inflate": 0.025, "uv": [0, 30]},
						{"origin": [-0.5, 13.06093, -5.76191], "size": [1, 1, 1], "pivot": [-1.5, 14.2243, -3.48366], "rotation": [18.75, 0, 0], "uv": [12, 35]},
						{"origin": [2.25, 15.38011, -2.59242], "size": [1, 1, 1], "pivot": [0.5, 13.2493, -2.45866], "rotation": [-10, 0, 0], "uv": [48, 31]},
						{"origin": [-2.5, 14.7493, -5.70866], "size": [5, 3, 5], "pivot": [0.5, 13.2493, -2.45866], "rotation": [-10, 0, 0], "uv": [0, 14]},
						{"origin": [0.82418, 14.97559, -1.72157], "size": [1, 3, 2], "pivot": [3, 16.48051, -2.90554], "rotation": [-12.53061, 36.83503, -7.58967], "uv": [0, 50]},
						{"origin": [3.26023, 15.19896, -4.16279], "size": [1, 3, 2], "pivot": [3, 16.59443, -4.15353], "rotation": [-12.53061, -36.83503, 7.58967], "uv": [22, 51]},
						{"origin": [-6.5, 14.7493, -10.70866], "size": [13, 0, 14], "inflate": 0.01, "pivot": [0.5, 13.2493, -2.45866], "rotation": [-10, 0, 0], "uv": [0, 0]}
					]
				},
				{
					"name": "eye_left",
					"parent": "head",
					"pivot": [2.025, 13.43838, -3.28064],
					"rotation": [-7.5, 0, 0]
				},
				{
					"name": "eyelid_upper_left",
					"parent": "eye_left",
					"pivot": [2.0375, 13.83378, -3.60192],
					"cubes": [
						{"origin": [2.025, 13.34141, -4.99155], "size": [0, 1, 3], "pivot": [2.025, 13.84141, -3.49155], "rotation": [7.24721, 1.93597, -14.87739], "uv": [46, 52]},
						{"origin": [2.05, 13.51338, -4.85564], "size": [0, 1, 2], "pivot": [0.05, 15.01338, -2.35564], "rotation": [7.5, 0, 0], "uv": [34, 52]}
					]
				},
				{
					"name": "eyeball_left",
					"parent": "eye_left",
					"pivot": [2.025, 13.25115, -3.63728],
					"cubes": [
						{"origin": [2.025, 12.93838, -4.78064], "size": [0, 1, 2], "pivot": [0.025, 14.43838, -2.28064], "rotation": [7.5, 0, 0], "uv": [8, 40]}
					]
				},
				{
					"name": "eyelid_lower_left",
					"parent": "eye_left",
					"pivot": [0.025, 14.43838, -2.28064],
					"cubes": [
						{"origin": [1.775, 12.93838, -4.78064], "size": [0, 1, 2], "pivot": [-0.225, 14.43838, -2.28064], "rotation": [7.5, 0, 0], "uv": [54, 10]}
					]
				},
				{
					"name": "eye_right",
					"parent": "head",
					"pivot": [-2.025, 13.43838, -3.28064],
					"rotation": [-7.5, 0, 0]
				},
				{
					"name": "eyelid_upper_right",
					"parent": "eye_right",
					"pivot": [-2.0375, 13.83378, -3.60192],
					"cubes": [
						{"origin": [-2.025, 13.34141, -4.99155], "size": [0, 1, 3], "pivot": [-2.025, 13.84141, -3.49155], "rotation": [7.24721, -1.93597, 14.87739], "uv": [52, 52]},
						{"origin": [-2.05, 13.51338, -4.85564], "size": [0, 1, 2], "pivot": [-0.05, 15.01338, -2.35564], "rotation": [7.5, 0, 0], "uv": [54, 4]}
					]
				},
				{
					"name": "eyeball_right",
					"parent": "eye_right",
					"pivot": [-2.025, 13.25115, -3.63728],
					"cubes": [
						{"origin": [-2.025, 12.93838, -4.78064], "size": [0, 1, 2], "pivot": [-0.025, 14.43838, -2.28064], "rotation": [7.5, 0, 0], "uv": [54, 7]}
					]
				},
				{
					"name": "eyelid_lower_right",
					"parent": "eye_right",
					"pivot": [-0.025, 14.43838, -2.28064],
					"cubes": [
						{"origin": [-1.775, 12.93838, -4.78064], "size": [0, 1, 2], "pivot": [0.225, 14.43838, -2.28064], "rotation": [7.5, 0, 0], "uv": [54, 13]}
					]
				},
				{
					"name": "snout",
					"parent": "head",
					"pivot": [0, 12.04043, -4.93409],
					"rotation": [-7.5, 0, 0],
					"cubes": [
						{"origin": [-1, 11.93065, -6.74682], "size": [2, 1, 2], "pivot": [-1, 13.02858, -4.21783], "rotation": [-11.25, 0, 0], "uv": [44, 25]}
					]
				},
				{
					"name": "mouth",
					"parent": "snout",
					"pivot": [0, 12.35297, -5.44612],
					"cubes": [
						{"origin": [-0.5, 12.13065, -6.24682], "size": [1, 0, 2], "pivot": [-1.5, 13.25358, -4.21783], "rotation": [-11.25, 0, 0], "uv": [32, 28]}
					]
				},
				{
					"name": "nose",
					"parent": "snout",
					"pivot": [0, 13.17858, -6.61783],
					"cubes": [
						{"origin": [-0.5, 12.92858, -7.36783], "size": [1, 1, 1], "uv": [38, 20]}
					]
				},
				{
					"name": "ear_left",
					"parent": "head",
					"pivot": [2.57201, 13.92004, -1.54953],
					"rotation": [-7.5, 0, 0],
					"cubes": [
						{"origin": [1.775, 12.53172, -2.58864], "size": [1, 2, 2], "uv": [28, 52]}
					]
				},
				{
					"name": "ear_left_2",
					"parent": "ear_left",
					"pivot": [2.525, 12.62964, -1.58864],
					"cubes": [
						{"origin": [1.525, 11.03172, -2.58864], "size": [2, 2, 2], "inflate": 0.025, "pivot": [2.525, 12.03172, -1.58864], "rotation": [0, 0, -45], "uv": [46, 37]}
					]
				},
				{
					"name": "ear_left_3",
					"parent": "ear_left_2",
					"pivot": [2.525, 10.52912, -1.58864],
					"cubes": [
						{"origin": [0.025, 9.53172, -2.58864], "size": [2, 2, 2], "inflate": 0.05, "pivot": [2.525, 12.03172, -1.58864], "rotation": [0, 0, -45], "uv": [46, 41]}
					]
				},
				{
					"name": "ear_left_4",
					"parent": "ear_left_3",
					"pivot": [2.525, 8.53908, -1.58864],
					"cubes": [
						{"origin": [-1.475, 8.03172, -2.58864], "size": [2, 2, 2], "inflate": 0.075, "pivot": [2.525, 12.03172, -1.58864], "rotation": [0, 0, -45], "uv": [46, 33]}
					]
				},
				{
					"name": "ear_left_5",
					"parent": "ear_left_4",
					"pivot": [2.525, 6.4585, -1.58864],
					"cubes": [
						{"origin": [1.025, 4.03172, -3.08864], "size": [3, 3, 3], "uv": [28, 30]},
						{"origin": [2.525, 1.28172, -2.83864], "size": [0, 3, 3], "pivot": [2.525, 2.53172, -1.58864], "rotation": [45, 0, 0], "uv": [32, 43]}
					]
				},
				{
					"name": "ear_right",
					"parent": "head",
					"pivot": [-2.57201, 13.92004, -1.54953],
					"rotation": [-7.5, 0, 0],
					"cubes": [
						{"origin": [-2.775, 12.53172, -2.58864], "size": [1, 2, 2], "uv": [54, 0]}
					]
				},
				{
					"name": "ear_right_2",
					"parent": "ear_right",
					"pivot": [-2.525, 12.62964, -1.58864],
					"cubes": [
						{"origin": [-3.525, 11.03172, -2.58864], "size": [2, 2, 2], "inflate": 0.025, "pivot": [-2.525, 12.03172, -1.58864], "rotation": [0, 0, 45], "uv": [46, 45]}
					]
				},
				{
					"name": "ear_right_3",
					"parent": "ear_right_2",
					"pivot": [-2.525, 10.52912, -1.58864],
					"cubes": [
						{"origin": [-2.025, 9.53172, -2.58864], "size": [2, 2, 2], "inflate": 0.05, "pivot": [-2.525, 12.03172, -1.58864], "rotation": [0, 0, 45], "uv": [38, 47]}
					]
				},
				{
					"name": "ear_right_4",
					"parent": "ear_right_3",
					"pivot": [-2.525, 8.53908, -1.58864],
					"cubes": [
						{"origin": [-0.525, 8.03172, -2.58864], "size": [2, 2, 2], "inflate": 0.075, "pivot": [-2.525, 12.03172, -1.58864], "rotation": [0, 0, 45], "uv": [8, 48]}
					]
				},
				{
					"name": "ear_right_5",
					"parent": "ear_right_4",
					"pivot": [-2.525, 6.4585, -1.58864],
					"cubes": [
						{"origin": [-4.025, 4.03172, -3.08864], "size": [3, 3, 3], "uv": [32, 22]},
						{"origin": [-2.525, 1.28172, -2.83864], "size": [0, 3, 3], "pivot": [-2.525, 2.53172, -1.58864], "rotation": [45, 0, 0], "uv": [16, 48]}
					]
				},
				{
					"name": "torso_back",
					"parent": "torso",
					"pivot": [0, 7.56153, -0.50315],
					"rotation": [41.5, 0, 0],
					"cubes": [
						{"origin": [-1.5, 6.10703, -1.66158], "size": [3, 2, 6], "uv": [20, 14]},
						{"origin": [-2, 6.095, 2.45323], "size": [4, 3, 2], "uv": [0, 35]}
					]
				},
				{
					"name": "tail",
					"parent": "torso_back",
					"pivot": [0, 8.33939, 3.9944],
					"rotation": [-15, 0, 0],
					"cubes": [
						{"origin": [-1, 7.84878, 3.47397], "size": [2, 4, 3], "uv": [28, 36]},
						{"origin": [-0.5, 11.82396, 4.2374], "size": [1, 1, 2], "uv": [40, 33]},
						{"origin": [-0.5, 8.42439, 6.00843], "size": [1, 2, 1], "pivot": [0, 9.42439, 6.28343], "rotation": [-30, 0, 0], "uv": [14, 54]}
					]
				},
				{
					"name": "tail_end",
					"parent": "tail",
					"pivot": [0, 10.85, 4.45]
				},
				{
					"name": "leg_front_left",
					"parent": "body",
					"pivot": [1.425, 7.29381, -0.61698],
					"rotation": [-7.5, 0, 0],
					"cubes": [
						{"origin": [0.425, 5.29381, -1.61698], "size": [2, 3, 2], "uv": [8, 43]}
					]
				},
				{
					"name": "leg_front_left_middle",
					"parent": "leg_front_left",
					"pivot": [1.3, 5.63865, -0.5853],
					"rotation": [14, 0, 0],
					"cubes": [
						{"origin": [0.3, 2.73865, -1.5853], "size": [2, 3, 2], "uv": [40, 28]}
					]
				},
				{
					"name": "leg_front_left_lower",
					"parent": "leg_front_left_middle",
					"pivot": [1.49963, 2.83889, -0.45863],
					"rotation": [-23.5, 0, 0],
					"cubes": [
						{"origin": [0.275, 0.28861, -1.51203], "size": [2, 3, 2], "uv": [38, 42]}
					]
				},
				{
					"name": "foot_front_left",
					"parent": "leg_front_left_lower",
					"pivot": [1.2625, 0.75456, -0.88267],
					"rotation": [17, 0, 0],
					"cubes": [
						{"origin": [0.275, -0.20741, -2.38394], "size": [2, 1, 2], "inflate": 0.01, "uv": [48, 28]},
						{"origin": [0.275, -0.06139, -1.43703], "size": [2, 1, 2], "inflate": 0.1, "uv": [30, 49]},
						{"origin": [0.75, -0.28347, -1.88139], "size": [1, 0, 1], "uv": [52, 31]}
					]
				},
				{
					"name": "leg_front_right",
					"parent": "body",
					"pivot": [-1.425, 7.29381, -0.61698],
					"rotation": [-7.5, 0, 0],
					"cubes": [
						{"origin": [-2.425, 5.29381, -1.61698], "size": [2, 3, 2], "uv": [44, 20]}
					]
				},
				{
					"name": "leg_front_right_middle",
					"parent": "leg_front_right",
					"pivot": [-1.3, 5.63865, -0.5853],
					"rotation": [14, 0, 0],
					"cubes": [
						{"origin": [-2.3, 2.73865, -1.5853], "size": [2, 3, 2], "uv": [0, 45]}
					]
				},
				{
					"name": "leg_front_right_lower",
					"parent": "leg_front_right_middle",
					"pivot": [-1.49963, 2.83889, -0.45863],
					"rotation": [-23.5, 0, 0],
					"cubes": [
						{"origin": [-2.275, 0.28861, -1.51203], "size": [2, 3, 2], "uv": [46, 14]}
					]
				},
				{
					"name": "foot_front_right",
					"parent": "leg_front_right_lower",
					"pivot": [-1.2625, 0.75456, -0.88267],
					"rotation": [17, 0, 0],
					"cubes": [
						{"origin": [-2.275, -0.20741, -2.38394], "size": [2, 1, 2], "inflate": 0.01, "uv": [52, 22]},
						{"origin": [-2.275, -0.06139, -1.43703], "size": [2, 1, 2], "inflate": 0.1, "uv": [52, 25]},
						{"origin": [-1.75, -0.28347, -1.88139], "size": [1, 0, 1], "uv": [54, 16]}
					]
				},
				{
					"name": "leg_back_left",
					"parent": "body",
					"pivot": [1.7, 7.59778, 3.47354],
					"rotation": [15, 0, 0],
					"cubes": [
						{"origin": [0.7, 4.59778, 2.47354], "size": [2, 4, 2], "uv": [20, 37]},
						{"origin": [1.7, 2.84778, 1.57354], "size": [0, 5, 2], "pivot": [1.7, 3.59778, 2.47354], "rotation": [-15, 0, 0], "uv": [38, 51]}
					]
				},
				{
					"name": "leg_back_left_middle",
					"parent": "leg_back_left",
					"pivot": [1.625, 5.22627, 3.53386],
					"rotation": [14, 0, 0],
					"cubes": [
						{"origin": [0.625, 2.47627, 2.53386], "size": [2, 3, 2], "uv": [0, 40]}
					]
				},
				{
					"name": "leg_back_left_lower",
					"parent": "leg_back_left_middle",
					"pivot": [-2.575, 2.41907, 3.58614],
					"rotation": [-46.7, 0, 0],
					"cubes": [
						{"origin": [0.675, -0.05146, 2.70254], "size": [2, 4, 2], "uv": [12, 37]}
					]
				},
				{
					"name": "foot_back_left",
					"parent": "leg_back_left_lower",
					"pivot": [1.675, 0.78557, 4.481],
					"rotation": [17.5, 0, 0],
					"cubes": [
						{"origin": [0.675, -0.23792, 1.92293], "size": [2, 1, 2], "inflate": 0.01, "uv": [22, 48]},
						{"origin": [0.675, -0.10324, 2.83028], "size": [2, 1, 2], "inflate": 0.1, "uv": [46, 49]},
						{"origin": [1.175, -0.26117, 2.4265], "size": [1, 0, 1], "uv": [46, 19]}
					]
				},
				{
					"name": "leg_back_right",
					"parent": "body",
					"pivot": [-1.7, 7.59778, 3.47354],
					"rotation": [15, 0, 0],
					"cubes": [
						{"origin": [-2.7, 4.59778, 2.47354], "size": [2, 4, 2], "uv": [38, 14]},
						{"origin": [-1.7, 2.84778, 1.57354], "size": [0, 5, 2], "pivot": [-1.7, 3.59778, 2.47354], "rotation": [-15, 0, 0], "uv": [42, 51]}
					]
				},
				{
					"name": "leg_back_right_middle",
					"parent": "leg_back_right",
					"pivot": [-1.625, 5.22627, 3.53386],
					"rotation": [14, 0, 0],
					"cubes": [
						{"origin": [-2.625, 2.47627, 2.53386], "size": [2, 3, 2], "uv": [24, 43]}
					]
				},
				{
					"name": "leg_back_right_lower",
					"parent": "leg_back_right_middle",
					"pivot": [2.575, 2.41907, 3.58614],
					"rotation": [-46.7, 0, 0],
					"cubes": [
						{"origin": [-2.675, -0.05146, 2.70254], "size": [2, 4, 2], "uv": [38, 36]}
					]
				},
				{
					"name": "foot_back_right",
					"parent": "leg_back_right_lower",
					"pivot": [-1.675, 0.78557, 4.481],
					"rotation": [17.5, 0, 0],
					"cubes": [
						{"origin": [-2.675, -0.23792, 1.92293], "size": [2, 1, 2], "inflate": 0.01, "uv": [6, 52]},
						{"origin": [-2.675, -0.10324, 2.83028], "size": [2, 1, 2], "inflate": 0.1, "uv": [52, 19]},
						{"origin": [-2.175, -0.26117, 2.4265], "size": [1, 0, 1], "uv": [52, 32]}
					]
				}
			]
		}
	]
}