{
	"format_version": "1.12.0",
	"minecraft:geometry": [
		{
			"description": {
				"identifier": "geometry.spritzee",
				"texture_width": 64,
				"texture_height": 64,
				"visible_bounds_width": 2,
				"visible_bounds_height": 2.5,
				"visible_bounds_offset": [0, 0.75, 0]
			},
			"bones": [
				{
					"name": "spritzee",
					"pivot": [0, -2, 0]
				},
				{
					"name": "body",
					"parent": "spritzee",
					"pivot": [0, -2, 0]
				},
				{
					"name": "legs",
					"parent": "body",
					"pivot": [0, -2, -1]
				},
				{
					"name": "leg1",
					"parent": "legs",
					"pivot": [0, -1, -1],
					"rotation": [0, 0, -5],
					"cubes": [
						{"origin": [-1, 0.6, -2], "size": [1, 2, 2], "uv": [1, 28]}
					]
				},
				{
					"name": "leg2",
					"parent": "legs",
					"pivot": [-1, -1, -1],
					"rotation": [0, 0, 2.5],
					"cubes": [
						{"origin": [0, 0.6, -2], "size": [1, 2, 2], "uv": [28, 26]}
					]
				},
				{
					"name": "torso",
					"parent": "body",
					"pivot": [0, 6, 0]
				},
				{
					"name": "head",
					"parent": "torso",
					"pivot": [0, 4, 0]
				},
				{
					"name": "face",
					"parent": "head",
					"pivot": [0, -2, 0],
					"cubes": [
						{"origin": [-3, 3, -4], "size": [6, 6, 6], "uv": [0, 0]},
						{"origin": [-2, 4, -5], "size": [4, 4, 1], "uv": [18, 20]},
						{"origin": [2.6, 7, 1], "size": [1, 1, 2], "pivot": [2, 6, 2], "rotation": [5, 10, 0], "uv": [28, 35]},
						{"origin": [-3.6, 7, 1], "size": [1, 1, 2], "pivot": [-2, 6, 2], "rotation": [5, -10, 0], "uv": [28, 35], "mirror": true},
						{"origin": [-3.8, 6.1, 1.4], "size": [1, 1, 1], "pivot": [-3, 5, 3], "rotation": [5, -10, 0], "uv": [29, 36], "mirror": true},
						{"origin": [2.8, 6.1, 1.4], "size": [1, 1, 1], "pivot": [3, 5, 3], "rotation": [5, 10, 0], "uv": [29, 36]}
					]
				},
				{
					"name": "eyes",
					"parent": "face",
					"pivot": [0, 4, -4]
				},
				{
					"name": "eye1",
					"parent": "eyes",
					"pivot": [0, 4, -4]
				},
				{
					"name": "eye_parte1",
					"parent": "eye1",
					"pivot": [0, 4, -4],
					"cubes": [
						{"origin": [2, 4, -4.1], "size": [1, 4, 0], "uv": [0, 37]},
						{"origin": [1.8, 5, -4.2], "size": [1, 2, 0], "uv": [9, 39]},
						{"origin": [1.6, 6, -4.3], "size": [1, 1, 0], "uv": [12, 39], "mirror": true}
					]
				},
				{
					"name": "eye_mini1",
					"parent": "eye1",
					"pivot": [0, 4, -4],
					"cubes": [
						{"origin": [3.01, 4, -4.1], "size": [0, 4, 2], "inflate": -0.0001, "uv": [23, 35]}
					]
				},
				{
					"name": "eye2",
					"parent": "eyes",
					"pivot": [0, 4, -4]
				},
				{
					"name": "eye_parte2",
					"parent": "eye2",
					"pivot": [0, 4, -4],
					"cubes": [
						{"origin": [-3, 4, -4.1], "size": [1, 4, 0], "uv": [3, 37], "mirror": true},
						{"origin": [-2.8, 5, -4.2], "size": [1, 2, 0], "uv": [9, 39]},
						{"origin": [-2.6, 6, -4.3], "size": [1, 1, 0], "uv": [12, 39]}
					]
				},
				{
					"name": "eye_mini2",
					"parent": "eye2",
					"pivot": [0, 0, 0],
					"cubes": [
						{"origin": [-3.02, 4, -4.1], "size": [0, 4, 2], "uv": [18, 35]}
					]
				},
				{
					"name": "cejas",
					"parent": "eyes",
					"pivot": [0, 4, -4]
				},
				{
					"name": "ceja1",
					"parent": "cejas",
					"pivot": [0, 4, -4],
					"cubes": [
						{"origin": [-3.02, 5, -2.1], "size": [0, 3, 1], "uv": [37, 26]},
						{"origin": [-3.02, 7.3, -1], "size": [0, 1, 2], "pivot": [-2, 6, 0], "rotation": [27.5, 0, 0], "uv": [37, 6]}
					]
				},
				{
					"name": "ceja2",
					"parent": "cejas",
					"pivot": [0, 4, -4],
					"cubes": [
						{"origin": [3.1, 5, -2.2], "size": [0, 3, 1], "uv": [37, 26], "mirror": true},
						{"origin": [3.1, 7.3, -1], "size": [0, 1, 2], "pivot": [2, 6, 0], "rotation": [27.5, 0, 0], "uv": [37, 6], "mirror": true}
					]
				},
				{
					"name": "nose",
					"parent": "head",
					"pivot": [0, -2, 0],
					"cubes": [
						{"origin": [-1, 5, -7], "size": [2, 3, 3], "uv": [25, 0]}
					]
				},
				{
					"name": "fur",
					"parent": "head",
					"pivot": [0, -2, 0],
					"cubes": [
						{"origin": [-2, 8, -4], "size": [4, 4, 4], "pivot": [1, 8, -3], "rotation": [-32.5, 0, 0], "uv": [0, 19]},
						{"origin": [-1, 10, -2], "size": [2, 3, 3], "pivot": [0, 10, -1], "rotation": [-32.5, 0, 0], "uv": [25, 7]}
					]
				},
				{
					"name": "hands",
					"parent": "head",
					"pivot": [0, -2, 0]
				},
				{
					"name": "hand1",
					"parent": "hands",
					"pivot": [0, -2, 0],
					"cubes": [
						{"origin": [1, 4, 0], "size": [3, 3, 0], "pivot": [2, 4, 0], "rotation": [0, 0, 15], "uv": [10, 31]}
					]
				},
				{
					"name": "hand_mini1",
					"parent": "hand1",
					"pivot": [2, 4, 0],
					"cubes": [
						{"origin": [3, 4, 0], "size": [3, 2, 0], "inflate": -0.0001, "pivot": [4, 3, 0], "rotation": [0, 0, -12.5], "uv": [1, 34]}
					]
				},
				{
					"name": "hand2",
					"parent": "hands",
					"pivot": [0, -2, 0],
					"cubes": [
						{"origin": [-4, 4, 0], "size": [3, 3, 0], "pivot": [-2, 4, 0], "rotation": [0, 0, -15], "uv": [19, 31]}
					]
				},
				{
					"name": "hand_mini2",
					"parent": "hand2",
					"pivot": [-2, 4, 0],
					"cubes": [
						{"origin": [-6, 4, 0], "size": [3, 2, 0], "inflate": -0.0001, "pivot": [-4, 3, 0], "rotation": [0, 0, 12.5], "uv": [10, 36]}
					]
				},
				{
					"name": "torsomini",
					"parent": "head",
					"pivot": [0, 6, 0],
					"cubes": [
						{"origin": [-2, 2, -3], "size": [4, 1, 4], "uv": [0, 13]},
						{"origin": [-3, 2.8, -1], "size": [2, 0, 1], "pivot": [-2, 0, -1], "rotation": [0, 0, -7.5], "uv": [9, 28]},
						{"origin": [1, 2.8, -1], "size": [2, 0, 1], "pivot": [2, 0, -1], "rotation": [0, 0, 7.5], "uv": [36, 0]},
						{"origin": [-3, 2.8, -2], "size": [2, 0, 1], "pivot": [-2, 0, -2], "rotation": [0, 0, -7.5], "uv": [36, 2]},
						{"origin": [1, 2.8, -2], "size": [2, 0, 1], "pivot": [2, 0, -2], "rotation": [0, 0, 7.5], "uv": [36, 4]},
						{"origin": [-1, 2.8, -3], "size": [2, 0, 3], "pivot": [0, 0, -2], "rotation": [20, 0, 0], "uv": [21, 14]},
						{"origin": [-1, 2.8, -2], "size": [2, 0, 3], "pivot": [0, 0, 0], "rotation": [-20, 0, 0], "uv": [17, 26]}
					]
				}
			]
		}
	]
}