{
	"format_version": "1.8.0",
	"animations": {
		"animation.cafe_goodra.ground_idle": {
			"loop": true,
			"bones": {
				"chest2": {
					"rotation": [-5, 0, 0]
				},
				"arm_left": {
					"rotation": [41.93011, 41.56076, 30.78973]
				},
				"arm_left2": {
					"rotation": [0, 50, 0]
				},
				"arm_slime_left": {
					"rotation": [10, 0, 0]
				},
				"arm_slime_left2": {
					"rotation": [10, 0, 0]
				},
				"arm_right": {
					"rotation": [39.00258, -42.80378, -28.82357]
				},
				"arm_right2": {
					"rotation": [0, -50, 0]
				},
				"arm_slime_right": {
					"rotation": [10, 0, 0]
				},
				"arm_slime_right2": {
					"rotation": [10, 0, 0]
				},
				"neck": {
					"rotation": [-12.5, 0, 0]
				},
				"neck2": {
					"rotation": [10, 0, 0]
				},
				"neck3": {
					"rotation": [5, 0, 0]
				},
				"head_ai": {
					"rotation": [10, 0, 0]
				},
				"chin_slime": {
					"rotation": [-12.5, 0, 0]
				},
				"antenna_back_left_rotation": {
					"rotation": [-36.35158, 22.52101, 2.22641]
				},
				"antenna_back_left2": {
					"rotation": [-30, 0, 0]
				},
				"antenna_back_left3": {
					"rotation": [-22.5, 0, 0]
				},
				"antenna_back_left4": {
					"rotation": [-30, 0, 0]
				},
				"antenna_back_left5": {
					"rotation": [-25, 0, 0]
				},
				"antenna_back_left6": {
					"rotation": [-25, 0, 0]
				},
				"antenna_back_left7": {
					"rotation": [22.5, 0, 0]
				},
				"antenna_back_right_rotation": {
					"rotation": [-36.35158, -22.52101, -2.22641]
				},
				"antenna_back_right2": {
					"rotation": [-30, 0, 0]
				},
				"antenna_back_right3": {
					"rotation": [-22.5, 0, 0]
				},
				"antenna_back_right4": {
					"rotation": [-30, 0, 0]
				},
				"antenna_back_right5": {
					"rotation": [-25, 0, 0]
				},
				"antenna_back_right6": {
					"rotation": [-25, 0, 0]
				},
				"antenna_back_right7": {
					"rotation": [22.5, 0, 0]
				},
				"tail2": {
					"rotation": [5, 0, 0]
				},
				"leg_left": {
					"rotation": [0, -15, 0]
				},
				"leg_right": {
					"rotation": [0, 15, 0]
				},
				"hand_left": {
					"rotation": [0, 10, 0]
				},
				"hand_right": {
					"rotation": [0, -10, 0]
				}
			}
		},
		"animation.cafe_goodra.blink": {
			"animation_length": 0.1667,
			"bones": {
				"eyelid_left": {
					"position": {
						"0.0": [0.1, 0, -0.1],
						"0.125": [0.1, 0, -0.1],
						"0.1667": [0, 0, 0]
					}
				},
				"eyelid_right": {
					"position": {
						"0.0": [-0.1, 0, -0.1],
						"0.125": [-0.1, 0, -0.1],
						"0.1667": [0, 0, 0]
					}
				}
			}
		},
		"animation.cafe_goodra.cry": {
			"animation_length": 1.2,
			"sound_effects": {
				"0.0417": {
					"effect": "pokemon.goodra.cry"
				}
			}
		},
		"animation.cafe_goodra.ground_walk": {
			"loop": true,
			"animation_length": 2,
			"bones": {
				"chest2": {
					"rotation": [-5, 0, 0]
				},
				"arm_left": {
					"rotation": [41.93011, 41.56076, 30.78973]
				},
				"arm_left2": {
					"rotation": [0, 50, 0]
				},
				"hand_left": {
					"rotation": [0, 10, 0]
				},
				"arm_right": {
					"rotation": [39.00258, -42.80378, -28.82357]
				},
				"arm_right2": {
					"rotation": [0, -50, 0]
				},
				"hand_right": {
					"rotation": [0, -10, 0]
				},
				"neck": {
					"rotation": [-12.5, 0, 0]
				},
				"neck2": {
					"rotation": [10, 0, 0]
				},
				"neck3": {
					"rotation": [5, 0, 0]
				},
				"head_ai": {
					"rotation": [10, 0, 0]
				},
				"antenna_back_left_rotation": {
					"rotation": [-36.35158, 22.52101, 2.22641]
				},
				"antenna_back_left2": {
					"rotation": [-30, 0, 0]
				},
				"antenna_back_left3": {
					"rotation": [-22.5, 0, 0]
				},
				"antenna_back_left4": {
					"rotation": [-30, 0, 0]
				},
				"antenna_back_left5": {
					"rotation": [-25, 0, 0]
				},
				"antenna_back_left6": {
					"rotation": [-25, 0, 0]
				},
				"antenna_back_left7": {
					"rotation": [22.5, 0, 0]
				},
				"antenna_back_right_rotation": {
					"rotation": [-36.35158, -22.52101, -2.22641]
				},
				"antenna_back_right2": {
					"rotation": [-30, 0, 0]
				},
				"antenna_back_right3": {
					"rotation": [-22.5, 0, 0]
				},
				"antenna_back_right4": {
					"rotation": [-30, 0, 0]
				},
				"antenna_back_right5": {
					"rotation": [-30, 0, 0]
				},
				"antenna_back_right6": {
					"rotation": [-25, 0, 0]
				},
				"antenna_back_right7": {
					"rotation": [22.5, 0, 0]
				},
				"tail2": {
					"rotation": [5, 0, 0]
				},
				"leg_left": {
					"rotation": {
						"0.0": [-12.5, 0, 0],
						"1.0": [17.5, 0, 0],
						"2.0": [-12.5, 0, 0]
					}
				},
				"leg_right": {
					"rotation": {
						"0.0": [12.5, 0, 0],
						"1.0": [-7.5, 0, 0],
						"2.0": [12.5, 0, 0]
					}
				}
			}
		}
	}
}