{
	"format_version": "1.8.0",
	"animations": {
		"animation.morgrem.ground_idle": {
			"loop": true,
			"bones": {
				"body": {
					"position": [0, -0.25, 0]
				},
				"torso": {
					"rotation": ["4.981069394+math.sin(q.anim_time*90*1-60)*2", -0.43523, 4.98107]
				},
				"waist": {
					"rotation": ["2.5047+math.sin(q.anim_time*90*1-60)*2", -0.21782, "-2.4905+math.sin(q.anim_time*90*1+60)*1"]
				},
				"chest": {
					"rotation": [-7.5, 0, 0]
				},
				"head": {
					"rotation": ["12.453920544+math.sin(q.anim_time*90*1-60)*1", "1.080889136+math.sin(q.anim_time*90*1-60)*1", -4.88206]
				},
				"leg_left": {
					"rotation": [1.10693, -12.45167, -5.12076]
				},
				"leg_left2": {
					"rotation": [9.53149, -2.48589, 5.18777]
				},
				"foot_left": {
					"rotation": [-10, 0, 0]
				},
				"leg_right": {
					"rotation": [-11.05312, 15.31527, 20.34578]
				},
				"leg_right2": {
					"rotation": [22.19157, 3.81024, -9.25249]
				},
				"foot_right": {
					"rotation": [9.60967, -3.73171, -8.06155]
				},
				"toes_right": {
					"rotation": [-15, 0, 0]
				},
				"arm_left": {
					"rotation": [19.83286, -18.35523, "62.345002889+math.sin(q.anim_time*90*1+60)*2"]
				},
				"arm_left2": {
					"rotation": [0, 25, 0]
				},
				"arm_left3": {
					"rotation": [0.54559, "7.48814+math.sin(q.anim_time*90*1-60)*1", "-4.988083722+math.sin(q.anim_time*90*1-60)*1"]
				},
				"hand_left": {
					"rotation": [27.5, 0, 25]
				},
				"finger_back_left": {
					"rotation": [-1.84282, -1.58787, 46.68943]
				},
				"finger_back_left2": {
					"rotation": [0, 0, 82.5]
				},
				"thumb_left": {
					"rotation": [7.91773, -52.47743, -0.53559]
				},
				"thumb_left2": {
					"rotation": [0, -37.5, 0]
				},
				"finger_front_left": {
					"rotation": [0, 5, 40]
				},
				"finger_front_left2": {
					"rotation": [0, 0, 62.5]
				},
				"arm_right": {
					"rotation": [-35.89032, "24.895953776+math.sin(q.anim_time*90*1.2-60)*2.5", -73.72173]
				},
				"arm_right2": {
					"rotation": [0, -32.5, 0]
				},
				"arm_right3": {
					"rotation": ["-0.036426604+math.sin(q.anim_time*90*1-60)*1", "-44.789830342+math.sin(q.anim_time*90*1-60)*1", -5.57154]
				},
				"hand_right": {
					"rotation": [84.83476, "27.047795813+math.sin(q.anim_time*90*1-40)*1", "-11.243137314-math.sin(q.anim_time*90*1-60)*1"]
				},
				"finger_back_right": {
					"rotation": [0, 5, -40]
				},
				"finger_back_right2": {
					"rotation": [0, 0, -55]
				},
				"finger_front_right": {
					"rotation": [0, -5, -30]
				},
				"finger_front_right2": {
					"rotation": [0, 0, -17.5]
				},
				"thumb_right": {
					"rotation": [31.13205, 58.4402, 10.90841]
				},
				"thumb_right2": {
					"rotation": [0, 12.5, 0]
				},
				"neck": {
					"rotation": [0, 0, -5]
				},
				"hair_back_left": {
					"rotation": [-2.5, 0, 0]
				},
				"hair_back_left2": {
					"rotation": [2.48107, -0.43523, 4.98107]
				},
				"hair_back": {
					"rotation": [2.5, 0, 0]
				},
				"hair_back_left3": {
					"rotation": [2.48107, -0.43523, 4.98107]
				},
				"hair_back2": {
					"rotation": [2.49762, 0.10901, -2.49762]
				},
				"hair_back_left4": {
					"rotation": [2.5, 0, 7.5]
				},
				"hair_back_right": {
					"rotation": [-2.5, 0, 0]
				},
				"hair_back_right2": {
					"rotation": [2.48107, 0.43523, -4.98107]
				},
				"hair_back_right3": {
					"rotation": [2.48107, 0.43523, -4.98107]
				},
				"hair_back_right4": {
					"rotation": [2.5, 0, -7.5]
				},
				"hair_back3": {
					"rotation": ["-5.0838+math.cos(q.anim_time*90*1-8*65)*1.5", 1.29876, -7.38733]
				},
				"hair_back4": {
					"rotation": [9.96271, 0.86717, "-4.924415151-math.sin(q.anim_time*90*1-60)*2"]
				},
				"hair_back5": {
					"rotation": [11.36081, 5.24826, "-24.4776054424+math.sin(q.anim_time*90*1.5-60)*1.5"]
				},
				"hair_back6": {
					"rotation": [4.69986, 1.70818, -19.9299]
				},
				"hair_front_right": {
					"rotation": ["-4.8510755389-math.sin(q.anim_time*90*1.6-60)*2.5", 1.72794, "9.8510809709+math.sin(q.anim_time*90*1-70)*2"]
				},
				"hair_front_right2": {
					"rotation": [0, 0, "-5-math.sin(q.anim_time*90*1-70)*3"]
				}
			}
		},
		"animation.morgrem.battle_idle": {
			"loop": true,
			"bones": {
				"body": {
					"position": [0, -0.25, 0]
				},
				"torso": {
					"rotation": ["4.981069394+math.sin(q.anim_time*90*1-60)*2", -0.43523, 4.98107]
				},
				"waist": {
					"rotation": ["2.5047+math.sin(q.anim_time*90*1-60)*2", -0.21782, "-2.4905+math.sin(q.anim_time*90*1+60)*1"]
				},
				"chest": {
					"rotation": [-7.5, 0, 0]
				},
				"head": {
					"rotation": ["7.4539+math.sin(q.anim_time*90*1-60)*1", "1.0809+math.sin(q.anim_time*90*1-60)*1", -4.88206]
				},
				"leg_left": {
					"rotation": [1.13304, -17.45072, -5.22188],
					"position": [0, 0, 0]
				},
				"leg_left2": {
					"rotation": [29.53149, -2.48589, 5.18777]
				},
				"foot_left": {
					"rotation": [-10, 0, 0]
				},
				"leg_right": {
					"rotation": [-11.19641, 17.76831, 19.84263]
				},
				"leg_right2": {
					"rotation": [22.75973, 13.0542, -5.39198]
				},
				"foot_right": {
					"rotation": [9.60967, -3.73171, -8.06155]
				},
				"toes_right": {
					"rotation": [-15, 0, 0]
				},
				"arm_left": {
					"rotation": [19.83286, -18.35523, "62.345002889+math.sin(q.anim_time*90*1+60)*2"]
				},
				"arm_left2": {
					"rotation": [0, 25, 0]
				},
				"arm_left3": {
					"rotation": [-0.07047, "14.9985+math.sin(q.anim_time*90*1-60)*1", "-7.4927+math.sin(q.anim_time*90*1-60)*1"]
				},
				"hand_left": {
					"rotation": [27.5, 0, 25]
				},
				"finger_back_left": {
					"rotation": [-1.84282, -1.58787, 46.68943]
				},
				"finger_back_left2": {
					"rotation": [0, 0, 82.5]
				},
				"thumb_left": {
					"rotation": [7.91773, -52.47743, -0.53559]
				},
				"thumb_left2": {
					"rotation": [0, -37.5, 0]
				},
				"finger_front_left": {
					"rotation": [0, 5, 40]
				},
				"finger_front_left2": {
					"rotation": [0, 0, 62.5]
				},
				"arm_right": {
					"rotation": [-33.9557, "16.6886+math.sin(q.anim_time*90*1.2-60)*2.5", -67.68539]
				},
				"arm_right2": {
					"rotation": [0, -32.5, 0]
				},
				"arm_right3": {
					"rotation": ["-13.0207+math.sin(q.anim_time*90*1-60)*1", "-61.3052+math.sin(q.anim_time*90*1-90)*1", 10.89212]
				},
				"hand_right": {
					"rotation": [-92.39263, "4.569+math.sin(q.anim_time*90*1-40)*1", "-10.2211-math.sin(q.anim_time*90*1-80)*2"]
				},
				"finger_back_right": {
					"rotation": [0, 5, -40]
				},
				"finger_back_right2": {
					"rotation": [0, 0, -55]
				},
				"finger_front_right": {
					"rotation": [0, -5, -30]
				},
				"finger_front_right2": {
					"rotation": [0, 0, -17.5]
				},
				"thumb_right": {
					"rotation": [31.13205, 58.4402, 10.90841]
				},
				"thumb_right2": {
					"rotation": [0, 12.5, 0]
				},
				"neck": {
					"rotation": [0, 0, -5]
				},
				"hair_back_left": {
					"rotation": [-2.5, 0, 0]
				},
				"hair_back_left2": {
					"rotation": [2.48107, -0.43523, 4.98107]
				},
				"hair_back": {
					"rotation": [2.5, 0, 0]
				},
				"hair_back_left3": {
					"rotation": [2.48107, -0.43523, 4.98107]
				},
				"hair_back2": {
					"rotation": [2.46206, -0.43399, 9.99068]
				},
				"hair_back_left4": {
					"rotation": [2.5, 0, 7.5]
				},
				"hair_back_right": {
					"rotation": [-2.5, 0, 0]
				},
				"hair_back_right2": {
					"rotation": [2.48107, 0.43523, -4.98107]
				},
				"hair_back_right3": {
					"rotation": [2.48107, 0.43523, -4.98107]
				},
				"hair_back_right4": {
					"rotation": [2.5, 0, -7.5]
				},
				"hair_back3": {
					"rotation": ["-3.3768+math.cos(q.anim_time*90*1-8*65)*1.5", 4.58066, 24.9948]
				},
				"hair_back4": {
					"rotation": [9.99067, -0.43399, "2.4621-math.sin(q.anim_time*90*1-60)*2"]
				},
				"hair_back5": {
					"rotation": [-30.64575, -9.00751, "52.044+math.sin(q.anim_time*90*1.5-60)*1.5"]
				},
				"hair_back6": {
					"rotation": [4.69986, 1.70818, -19.9299]
				},
				"hair_front_right": {
					"rotation": ["-4.8510755389-math.sin(q.anim_time*90*1.6-60)*2.5", 1.72794, "9.8510809709+math.sin(q.anim_time*90*1-70)*2"]
				},
				"hair_front_right2": {
					"rotation": [0, 0, "-5-math.sin(q.anim_time*90*1-70)*3"]
				}
			}
		},
		"animation.morgrem.blink": {
			"animation_length": 0.1667,
			"bones": {
				"pupil_left": {
					"position": {
						"0.0": [0, 0, 0.1],
						"0.125": [0, 0, 0.1],
						"0.1667": [0, 0, 0]
					}
				},
				"eyelid_left": {
					"position": {
						"0.0": [0, 0, -0.1],
						"0.125": [0, 0, -0.1],
						"0.1667": [0, 0, 0]
					}
				},
				"pupil_right": {
					"position": {
						"0.0": [0, 0, 0.1],
						"0.125": [0, 0, 0.1],
						"0.1667": [0, 0, 0]
					}
				},
				"eyelid_right": {
					"position": {
						"0.0": [0, 0, -0.1],
						"0.125": [0, 0, -0.1],
						"0.1667": [0, 0, 0]
					}
				}
			}
		},
		"animation.morgrem.cry": {
			"animation_length": 1.05,
			"bones": {
				"head": {
					"rotation": {
						"0.0": {
							"post": [0, 0, 0],
							"lerp_mode": "catmullrom"
						},
						"0.2083": {
							"post": [-20, 0, 0],
							"lerp_mode": "catmullrom"
						},
						"1.0417": {
							"post": [0, 0, 0],
							"lerp_mode": "catmullrom"
						}
					}
				},
				"muzzle": {
					"rotation": {
						"0.0": {
							"post": [0, 0, 0],
							"lerp_mode": "catmullrom"
						},
						"0.2083": {
							"post": [-5, 0, 0],
							"lerp_mode": "catmullrom"
						},
						"1.0417": {
							"post": [0, 0, 0],
							"lerp_mode": "catmullrom"
						}
					}
				}
			},
			"sound_effects": {
				"0.2083": {
					"effect": "pokemon.morgrem.cry"
				}
			}
		},
		"animation.morgrem.ground_walk": {
			"loop": true,
			"animation_length": 1,
			"bones": {
				"torso": {
					"rotation": ["10-math.sin(q.anim_time*90*7-60)*3", 0, 0]
				},
				"waist": {
					"rotation": ["-2.5-math.sin(q.anim_time*90*2+60)*2", 0, 0]
				},
				"arm_left": {
					"rotation": {
						"0.0": {
							"post": [0, -27.5, 47.5],
							"lerp_mode": "catmullrom"
						},
						"0.5": {
							"post": [5.16524, 27.0478, 58.74314],
							"lerp_mode": "catmullrom"
						},
						"1.0": {
							"post": [0, -27.5, 47.5],
							"lerp_mode": "catmullrom"
						}
					}
				},
				"arm_left3": {
					"rotation": {
						"0.0": {
							"post": [0, 50, 0],
							"lerp_mode": "catmullrom"
						},
						"0.5": {
							"post": [7.85085, 31.63886, 14.72765],
							"lerp_mode": "catmullrom"
						},
						"1.0": {
							"post": [0, 50, 0],
							"lerp_mode": "catmullrom"
						}
					}
				},
				"hand_left": {
					"rotation": {
						"0.0": {
							"post": [0, 0, 27.5],
							"lerp_mode": "catmullrom"
						}
					}
				},
				"finger_back_left": {
					"rotation": {
						"0.0": {
							"post": [0, 0, 25],
							"lerp_mode": "catmullrom"
						}
					}
				},
				"finger_front_left": {
					"rotation": {
						"0.0": {
							"post": [0, 0, 35],
							"lerp_mode": "catmullrom"
						}
					}
				},
				"thumb_left": {
					"rotation": {
						"0.0": {
							"post": [25, 0, 0],
							"lerp_mode": "catmullrom"
						}
					}
				},
				"arm_right": {
					"rotation": {
						"0.0": {
							"post": [0, -27.5, -47.5],
							"lerp_mode": "catmullrom"
						},
						"0.5": {
							"post": [-5.16524, 27.0478, -58.74314],
							"lerp_mode": "catmullrom"
						},
						"1.0": {
							"post": [0, -27.5, -47.5],
							"lerp_mode": "catmullrom"
						}
					}
				},
				"arm_right3": {
					"rotation": {
						"0.0": {
							"post": [0, -32.5, 0],
							"lerp_mode": "catmullrom"
						},
						"0.5": {
							"post": [14.46375, -48.4076, -19.02909],
							"lerp_mode": "catmullrom"
						},
						"1.0": {
							"post": [0, -32.5, 0],
							"lerp_mode": "catmullrom"
						}
					}
				},
				"hand_right": {
					"rotation": {
						"0.0": {
							"post": [3.03513, -9.53274, -17.75313],
							"lerp_mode": "catmullrom"
						}
					}
				},
				"finger_back_right": {
					"rotation": {
						"0.0": {
							"post": [0, 0, -12.5],
							"lerp_mode": "catmullrom"
						}
					}
				},
				"finger_front_right": {
					"rotation": {
						"0.0": {
							"post": [0, 0, -10],
							"lerp_mode": "catmullrom"
						}
					}
				},
				"thumb_right": {
					"rotation": {
						"0.0": {
							"post": [25, 0, 0],
							"lerp_mode": "catmullrom"
						}
					}
				},
				"head": {
					"rotation": ["-5-math.sin(q.anim_time*90*8-60)*1", 0, 0]
				},
				"hair_back2": {
					"rotation": {
						"0.0": {
							"post": [22.5, 0, 0],
							"lerp_mode": "catmullrom"
						},
						"0.5": {
							"post": [20.94102, -8.42106, 20.94102],
							"lerp_mode": "catmullrom"
						},
						"1.0": {
							"post": [22.5, 0, 0],
							"lerp_mode": "catmullrom"
						}
					}
				},
				"hair_back3": {
					"rotation": {
						"0.0": {
							"post": [0, 0, -12.5],
							"lerp_mode": "catmullrom"
						}
					}
				},
				"hair_back4": {
					"rotation": {
						"0.0": {
							"post": [0, 0, -20],
							"lerp_mode": "catmullrom"
						},
						"0.5": {
							"post": [0, 0, 20],
							"lerp_mode": "catmullrom"
						},
						"1.0": {
							"post": [0, 0, -20],
							"lerp_mode": "catmullrom"
						}
					}
				},
				"hair_back5": {
					"rotation": {
						"0.0": {
							"post": [0, 0, -22.5],
							"lerp_mode": "catmullrom"
						},
						"0.5": {
							"post": [0, 0, 20],
							"lerp_mode": "catmullrom"
						},
						"1.0": {
							"post": [0, 0, -22.5],
							"lerp_mode": "catmullrom"
						}
					}
				},
				"hair_back6": {
					"rotation": {
						"0.0": {
							"post": [0, 0, -45],
							"lerp_mode": "catmullrom"
						},
						"0.5": {
							"post": [0, 0, 47.5],
							"lerp_mode": "catmullrom"
						},
						"1.0": {
							"post": [0, 0, -45],
							"lerp_mode": "catmullrom"
						}
					}
				},
				"leg_left": {
					"rotation": {
						"0.0": {
							"post": [-27.29887, -3.45533, -6.66067],
							"lerp_mode": "catmullrom"
						},
						"0.5": {
							"post": [22.32648, 2.86313, -6.93488],
							"lerp_mode": "catmullrom"
						},
						"1.0": {
							"post": [-27.29887, -3.45533, -6.66067],
							"lerp_mode": "catmullrom"
						}
					},
					"position": {
						"0.0": [0, 0, 0],
						"0.25": {
							"pre": [0, -1, 0],
							"post": [0, -1, 0],
							"lerp_mode": "catmullrom"
						},
						"0.75": {
							"post": [0, 0, 0],
							"lerp_mode": "catmullrom"
						}
					}
				},
				"leg_left2": {
					"rotation": {
						"0.0": {
							"post": [32.5, 0, 0],
							"lerp_mode": "catmullrom"
						},
						"0.5": {
							"post": [32.5, 0, 0],
							"lerp_mode": "catmullrom"
						},
						"1.0": {
							"post": [32.5, 0, 0],
							"lerp_mode": "catmullrom"
						}
					}
				},
				"leg_right": {
					"rotation": {
						"0.0": {
							"post": [22.32648, -2.86313, 6.93488],
							"lerp_mode": "catmullrom"
						},
						"0.5": {
							"post": [-27.29887, 3.45533, 6.66067],
							"lerp_mode": "catmullrom"
						},
						"1.0": {
							"post": [22.32648, -2.86313, 6.93488],
							"lerp_mode": "catmullrom"
						}
					},
					"position": {
						"0.0": [0, 0, 0],
						"0.25": {
							"pre": [0, -1, 0],
							"post": [0, -1, 0],
							"lerp_mode": "catmullrom"
						},
						"0.75": {
							"post": [0, 0, 0],
							"lerp_mode": "catmullrom"
						}
					}
				},
				"leg_right2": {
					"rotation": {
						"0.0": {
							"post": [32.5, 0, 0],
							"lerp_mode": "catmullrom"
						},
						"1.0": {
							"post": [32.5, 0, 0],
							"lerp_mode": "catmullrom"
						}
					}
				},
				"foot_right": {
					"rotation": {
						"0.0": {
							"post": [-15, 0, 0],
							"lerp_mode": "catmullrom"
						}
					}
				}
			}
		},
		"animation.morgrem.recoil": {
			"animation_length": 0.6667,
			"bones": {
				"torso": {
					"rotation": {
						"0.0": [0, 0, 0],
						"0.2083": [0, -7.5, 0],
						"0.6667": [0, 0, 0]
					}
				},
				"head": {
					"rotation": {
						"0.0": [0, 0, 0],
						"0.2083": [0, -12.5, 0],
						"0.6667": [0, 0, 0]
					}
				},
				"eye_left": {
					"position": {
						"0.0": [0, 0, 0],
						"0.2083": [0, 0, 2],
						"0.6667": [0, 0, 0]
					}
				},
				"eye_right": {
					"position": {
						"0.0": [0, 0, 0],
						"0.2083": [0, 0, 1],
						"0.6667": [0, 0, 0]
					}
				}
			}
		},
		"animation.morgrem.physical": {
			"animation_length": 1.3333,
			"bones": {
				"torso": {
					"rotation": {
						"0.0": [0, 0, 0],
						"0.6667": [70, 0, 0],
						"1.3333": [0, 0, 0]
					}
				},
				"arm_left": {
					"rotation": {
						"0.0": [0, 0, 0],
						"0.3333": [0, 0, 25],
						"0.6667": [0, 32.5, 25],
						"1.3333": [0, 0, 0]
					}
				},
				"arm_left3": {
					"rotation": {
						"0.0": [0, 0, 0],
						"0.3333": [0, 25, 0],
						"0.6667": [0, 37.5, 0],
						"1.3333": [0, 0, 0]
					}
				},
				"hand_left": {
					"rotation": {
						"0.0": [0, 0, 0],
						"0.3333": [0, 27.5, 0],
						"0.6667": [-11.43111, 10.05838, -24.4935],
						"1.3333": [0, 0, 0]
					}
				},
				"arm_right": {
					"rotation": {
						"0.0": [0, 0, 0],
						"0.3333": [0, 0, -25],
						"0.6667": [0, -32.5, -25],
						"1.3333": [0, 0, 0]
					}
				},
				"arm_right3": {
					"rotation": {
						"0.0": [0, 0, 0],
						"0.3333": [0, -25, 0],
						"0.6667": [0, -37.5, 0],
						"1.3333": [0, 0, 0]
					}
				},
				"hand_right": {
					"rotation": {
						"0.0": [0, 0, 0],
						"0.3333": [0, -27.5, 0],
						"0.6667": [-11.43111, -10.05838, 24.4935],
						"1.3333": [0, 0, 0]
					}
				},
				"head": {
					"rotation": {
						"0.0": [0, 0, 0],
						"0.3333": [-20, 0, 0],
						"0.6667": [20, 0, 0],
						"1.3333": [0, 0, 0]
					}
				},
				"hair_back2": {
					"rotation": {
						"0.0": [0, 0, 0],
						"0.6667": [65, 0, 0],
						"1.3333": [0, 0, 0]
					}
				},
				"hair_back3": {
					"rotation": {
						"0.0": [0, 0, 0],
						"0.6667": [50, 0, 0],
						"1.3333": [0, 0, 0]
					}
				},
				"hair_back4": {
					"rotation": {
						"0.0": [0, 0, 0],
						"0.6667": [42.5, 0, 0],
						"1.3333": [0, 0, 0]
					}
				},
				"hair_back5": {
					"rotation": {
						"0.0": [0, 0, 0],
						"0.6667": [22.5, 0, 0],
						"1.3333": [0, 0, 0]
					}
				},
				"legs": {
					"rotation": {
						"0.0": [0, 0, 0],
						"0.6667": [35, 0, 0],
						"1.3333": [0, 0, 0]
					}
				},
				"leg_left2": {
					"rotation": {
						"0.0": [0, 0, 0],
						"0.6667": [22.5, 0, 0],
						"1.3333": [0, 0, 0]
					}
				},
				"foot_left": {
					"rotation": {
						"0.0": [0, 0, 0],
						"0.6667": [-15, 0, 0],
						"1.3333": [0, 0, 0]
					}
				},
				"leg_right2": {
					"rotation": {
						"0.0": [0, 0, 0],
						"0.6667": [22.5, 0, 0],
						"1.3333": [0, 0, 0]
					}
				},
				"foot_right": {
					"rotation": {
						"0.0": [0, 0, 0],
						"0.6667": [-15, 0, 0],
						"1.3333": [0, 0, 0]
					}
				}
			},
			"sound_effects": {
				"0.3333": {
					"effect": "pokemon.morgrem.cry"
				}
			}
		}
	}
}