{
	"format_version": "1.8.0",
	"animations": {
		"animation.pancham.sleep": {
			"loop": true,
			"animation_length": 4,
			"bones": {
				"body": {
					"rotation": [-90, 0, 0],
					"position": [0, 4, -12]
				},
				"legs": {
					"rotation": [27.5, 0, 0],
					"position": [0, 0, 3]
				},
				"leg1": {
					"rotation": [0, 0, 17.5],
					"position": [-3, 0, 0]
				},
				"leg2": {
					"rotation": [0, 0, -17.5],
					"position": [3, 0, 0]
				},
				"hand1": {
					"rotation": [0, -12.5, -20],
					"position": [0, -1, 0]
				},
				"hand2": {
					"rotation": [0, 12.5, 20],
					"position": [0, -1, 0]
				},
				"eye1": {
					"position": [0, 0, 1]
				},
				"eye2": {
					"position": [0, 0, 1]
				},
				"hands": {
					"position": [0, 1, 0]
				}
			}
		},
		"animation.pancham.pose": {
			"animation_length": 2,
			"bones": {
				"hand1": {
					"rotation": [0, 0, 45]
				},
				"hand1_mini": {
					"rotation": [0, 10, 0],
					"position": [0, 0, 1.6]
				},
				"hand2": {
					"rotation": [0, 0, -55]
				},
				"hand1_mini2": {
					"rotation": [0, 0, -32.5],
					"position": [7, 7.1, 0]
				}
			}
		},
		"animation.pancham.battle_idle": {
			"loop": true,
			"bones": {
				"hand1": {
					"rotation": [0, "0-math.sin(q.anim_time*90*1-60)*1", 45]
				},
				"hand1_mini": {
					"rotation": [0, 42.5, 0],
					"position": [2, 0, 6.6]
				},
				"hand2": {
					"rotation": [0, 0, -55]
				},
				"hand1_mini2": {
					"rotation": [0, 0, -32.5],
					"position": [7, 7.1, 0]
				},
				"torso": {
					"rotation": ["0+math.sin(q.anim_time*90*1.2-60)*1", 0, 0]
				},
				"head": {
					"rotation": ["10+math.sin(q.anim_time*90*1-60)*1", 0, 0],
					"position": [0, -1, 0]
				}
			}
		},
		"animation.pancham.blink": {
			"animation_length": 0.25,
			"bones": {
				"eyes": {
					"position": {
						"0.0": [0, 0, 0],
						"0.25": [0, 0, 0]
					}
				},
				"eye1": {
					"position": {
						"0.0": [0, 0, 0],
						"0.25": [0, 0, 1]
					}
				},
				"eye2": {
					"position": {
						"0.0": [0, 0, 0],
						"0.25": [0, 0, 1]
					}
				}
			}
		},
		"animation.pancham.smile_quirk": {
			"animation_length": 1.5
		},
		"animation.pancham.tongue_quirk": {
			"animation_length": 2
		},
		"animation.pancham.recoil": {
			"animation_length": 1.0833,
			"bones": {
				"torso_parte": {
					"rotation": {
						"0.0": [0, 0, 0],
						"0.4583": [2.5, 0, 0],
						"1.0833": [0, 0, 0]
					}
				},
				"torso_mini": {
					"rotation": {
						"0.0": [0, 0, 0],
						"0.4583": [-2.5, 0, 0],
						"1.0833": [0, 0, 0]
					},
					"position": {
						"0.0": [0, 0, 0],
						"0.4583": [0, 0, -1],
						"1.0833": [0, 0, 0]
					}
				},
				"hand1": {
					"rotation": {
						"0.0": [0, 0, 0],
						"0.4583": [0, -10, 0],
						"1.0833": [0, 0, 0]
					}
				},
				"hand2": {
					"rotation": {
						"0.0": [0, 0, 0],
						"0.4583": [0, 10, 0],
						"1.0833": [0, 0, 0]
					}
				},
				"face": {
					"rotation": {
						"0.0": [0, 0, 0],
						"0.4583": [-12.60443, -7.32123, 1.63219],
						"1.0833": [0, 0, 0]
					},
					"position": {
						"0.0": [0, 0, 0],
						"0.4583": [0, 0, -4],
						"1.0833": [0, 0, 0]
					}
				},
				"eye1": {
					"position": {
						"0.0": [0, 0, 0],
						"0.4583": [0, 0, 1],
						"1.0833": [0, 0, 0]
					}
				},
				"eye2": {
					"position": {
						"0.0": [0, 0, 0],
						"0.4583": [0, 0, 1],
						"1.0833": [0, 0, 0]
					}
				}
			}
		},
		"animation.pancham.physical": {
			"animation_length": 1.0417,
			"bones": {
				"torso_parte": {
					"rotation": {
						"0.0": [0, 0, 0],
						"0.4583": [5, 0, 0],
						"1.0417": [0, 0, 0]
					},
					"position": {
						"0.0": [0, 0, 0],
						"0.4583": [0, 0, 1],
						"1.0417": [0, 0, 0]
					}
				},
				"torso_mini": {
					"rotation": {
						"0.0": [0, 0, 0],
						"0.4583": {
							"pre": [2.5, 0, 0],
							"post": [2.5, 0, 0],
							"lerp_mode": "catmullrom"
						},
						"1.0417": [0, 0, 0]
					},
					"position": {
						"0.0": [0, 0, 0],
						"0.4583": {
							"pre": [0, 0, 1],
							"post": [0, 0, 1],
							"lerp_mode": "catmullrom"
						},
						"1.0417": [0, 0, 0]
					}
				},
				"hand2": {
					"rotation": {
						"0.0": [0, 0, 0],
						"0.4583": {
							"pre": [-27.72579, -33.60134, 11.02279],
							"post": [-27.72579, -33.60134, 11.02279],
							"lerp_mode": "catmullrom"
						},
						"1.0417": [0, 0, 0]
					},
					"position": {
						"0.0": [0, 0, 0],
						"0.4583": [0, 0, -1],
						"1.0417": [0, 0, 0]
					}
				},
				"hand1_mini2": {
					"rotation": {
						"0.0": [0, 0, 0],
						"0.4583": {
							"pre": [0, -35, 0],
							"post": [0, -35, 0],
							"lerp_mode": "catmullrom"
						},
						"1.0417": [0, 0, 0]
					},
					"position": {
						"0.0": [0, 0, 0],
						"0.4583": {
							"pre": [0, 0, 6],
							"post": [0, 0, 6],
							"lerp_mode": "catmullrom"
						},
						"1.0417": [0, 0, 0]
					}
				},
				"face": {
					"rotation": {
						"0.0": [0, 0, 0],
						"0.4583": {
							"pre": [0, -7.5, 0],
							"post": [0, -7.5, 0],
							"lerp_mode": "catmullrom"
						},
						"1.0417": [0, 0, 0]
					}
				},
				"legs": {
					"rotation": {
						"0.0": [0, 0, 0],
						"0.4583": {
							"pre": [0, -27.5, 0],
							"post": [0, -27.5, 0],
							"lerp_mode": "catmullrom"
						},
						"1.0417": [0, 0, 0]
					}
				},
				"torso": {
					"rotation": {
						"0.0": [0, 0, 0],
						"0.4583": {
							"pre": [12.5, -20, 0],
							"post": [12.5, -20, 0],
							"lerp_mode": "catmullrom"
						},
						"1.0417": [0, 0, 0]
					},
					"position": {
						"0.0": [0, 0, 0],
						"0.4583": [0, 0, 0]
					}
				},
				"head": {
					"rotation": {
						"0.0": [0, 0, 0],
						"0.4583": {
							"pre": [5, -5, 0],
							"post": [5, -5, 0],
							"lerp_mode": "catmullrom"
						},
						"1.0417": [0, 0, 0]
					}
				},
				"leg2": {
					"rotation": {
						"0.0": [0, 0, 0],
						"0.4583": [34.89743, 2.86544, -4.09918],
						"1.0417": [0, 0, 0]
					},
					"position": {
						"0.0": [0, 0, 0],
						"0.4583": [1, 1, 4],
						"1.0417": [0, 0, 0]
					}
				}
			}
		},
		"animation.pancham.ground_walk": {
			"loop": true,
			"animation_length": 1,
			"bones": {
				"leg1": {
					"position": {
						"0.0": {
							"post": [0, 0, 1],
							"lerp_mode": "catmullrom"
						},
						"0.5": {
							"post": [0, 1, -3],
							"lerp_mode": "catmullrom"
						},
						"1.0": {
							"post": [0, 0, 1],
							"lerp_mode": "catmullrom"
						}
					}
				},
				"leg2": {
					"position": {
						"0.0": {
							"post": [0, 1, -3],
							"lerp_mode": "catmullrom"
						},
						"0.5": {
							"post": [0, 0, 1],
							"lerp_mode": "catmullrom"
						},
						"1.0": {
							"post": [0, 1, -3],
							"lerp_mode": "catmullrom"
						}
					}
				},
				"torso": {
					"rotation": ["10-math.sin(q.anim_time*90*4+60)*1", 0, 0],
					"position": {
						"0.0": {
							"post": [0, 0, 1],
							"lerp_mode": "catmullrom"
						}
					}
				},
				"hand1": {
					"rotation": {
						"0.0": {
							"post": [0, -25, 37.5],
							"lerp_mode": "catmullrom"
						},
						"0.5": {
							"post": [0, 27.5, 37.5],
							"lerp_mode": "catmullrom"
						},
						"1.0": {
							"post": [0, -25, 37.5],
							"lerp_mode": "catmullrom"
						}
					}
				},
				"hand1_mini": {
					"rotation": {
						"0.0": {
							"post": [0, 30, 0],
							"lerp_mode": "catmullrom"
						},
						"1.0": {
							"post": [0, 30, 0],
							"lerp_mode": "catmullrom"
						}
					},
					"position": {
						"0.0": {
							"post": [0, 0, 5],
							"lerp_mode": "catmullrom"
						},
						"1.0": {
							"post": [0, 0, 5],
							"lerp_mode": "catmullrom"
						}
					}
				},
				"hand2": {
					"rotation": {
						"0.0": {
							"post": [0, -27.5, -37.5],
							"lerp_mode": "catmullrom"
						},
						"0.5": {
							"post": [0, 25, -37.5],
							"lerp_mode": "catmullrom"
						},
						"1.0": {
							"post": [0, -27.5, -37.5],
							"lerp_mode": "catmullrom"
						}
					}
				},
				"hand1_mini2": {
					"rotation": {
						"0.0": {
							"post": [0, -27.5, 0],
							"lerp_mode": "catmullrom"
						}
					},
					"position": {
						"0.0": {
							"post": [0, 0, 4],
							"lerp_mode": "catmullrom"
						}
					}
				},
				"head": {
					"rotation": ["10-math.sin(q.anim_time*90*1+60)*1", 0, 0]
				}
			}
		},
		"animation.pancham.ground_idle": {
			"loop": true,
			"bones": {
				"torso": {
					"rotation": ["5+math.sin(q.anim_time*90*2+60)*1", 0, 0]
				},
				"hand1": {
					"rotation": [0, "32.5-math.sin(q.anim_time*90*1-60)*1", "35+math.sin(q.anim_time*90*1-60)*1"],
					"position": [0, -1, 0]
				},
				"hand1_mini": {
					"rotation": [0, 30, 0],
					"position": [0, 0, 5]
				},
				"hand2": {
					"rotation": [0, "-32.5-math.sin(q.anim_time*90*1-60)*1", "-35+math.sin(q.anim_time*90*1-60)*1"],
					"position": [0, -1, 0]
				},
				"hand1_mini2": {
					"rotation": [0, -30, 0],
					"position": [0, 0, 5]
				},
				"head": {
					"rotation": ["-2.5-math.sin(q.anim_time*90*1-60)*1", 0, 0]
				},
				"face": {
					"position": [0, -1, 0]
				},
				"legs": {
					"position": [0, 0, -1]
				},
				"torso_parte": {
					"rotation": [-5, 0, 0],
					"position": [0, 0, -1]
				}
			}
		}
	}
}