{
	"format_version": "1.12.0",
	"minecraft:geometry": [
		{
			"description": {
				"identifier": "geometry.yamask_galarian",
				"texture_width": 64,
				"texture_height": 64,
				"visible_bounds_width": 3,
				"visible_bounds_height": 2.5,
				"visible_bounds_offset": [0, 0.75, 0]
			},
			"bones": [
				{
					"name": "yamask",
					"pivot": [0, 0, 0]
				},
				{
					"name": "body",
					"parent": "yamask",
					"pivot": [0, 0, 0]
				},
				{
					"name": "torso",
					"parent": "body",
					"pivot": [0, 0, 0]
				},
				{
					"name": "torso_tail",
					"parent": "torso",
					"pivot": [0, 0, 0]
				},
				{
					"name": "tail2",
					"parent": "torso_tail",
					"pivot": [0, 2, 0],
					"cubes": [
						{"origin": [0, 8, -0.6], "size": [1, 3, 2], "uv": [14, 32]}
					]
				},
				{
					"name": "tail1",
					"parent": "torso_tail",
					"pivot": [0, 0, 0],
					"cubes": [
						{"origin": [0, 6, -0.6], "size": [1, 2, 2], "uv": [10, 23]}
					]
				},
				{
					"name": "torso_parte",
					"parent": "tail1",
					"pivot": [0, 0, 0],
					"cubes": [
						{"origin": [-2, 2, -1], "size": [5, 4, 3], "inflate": -0.001, "uv": [18, 11]},
						{"origin": [3.3, 4.4, -1], "size": [1, 1.8, 3], "pivot": [5, 2, 0], "rotation": [0, 0, -7.5], "uv": [0, 57]},
						{"origin": [-3.3, 4.4, -1], "size": [1, 1.8, 3], "pivot": [-4, 2, 0], "rotation": [0, 0, 7.5], "uv": [0, 57], "mirror": true},
						{"origin": [3, 2.6, -1], "size": [1, 1.8, 3], "uv": [0, 57]},
						{"origin": [2.6, 2, -1], "size": [1, 1, 3], "uv": [0, 57]},
						{"origin": [-2.6, 2, -1], "size": [1, 1, 3], "uv": [0, 57], "mirror": true},
						{"origin": [-3, 2.6, -1], "size": [1, 1.8, 3], "uv": [0, 57], "mirror": true}
					]
				},
				{
					"name": "torso_mini",
					"parent": "torso_parte",
					"pivot": [0, 0, 0],
					"cubes": [
						{"origin": [0, 0, -2], "size": [1, 3, 2], "pivot": [0, 0, -1], "rotation": [-35, 0, 0], "uv": [1, 28]}
					]
				},
				{
					"name": "torso_trase",
					"parent": "torso",
					"pivot": [0, 12, 0],
					"cubes": [
						{"origin": [-1, 10, -2], "size": [3, 2, 5], "inflate": -0.1, "pivot": [0, 9, -1], "rotation": [-5, 0, 0], "uv": [1, 12]},
						{"origin": [-1, 11, 4], "size": [3, 3, 4], "inflate": -0.1, "pivot": [1, 10, 5], "rotation": [75, 0, 0], "uv": [44, 57]}
					]
				},
				{
					"name": "hands",
					"parent": "torso",
					"pivot": [0, -1, 0]
				},
				{
					"name": "hand1",
					"parent": "hands",
					"pivot": [4, 10, 0]
				},
				{
					"name": "hand_parte1",
					"parent": "hand1",
					"pivot": [1, 0, 0],
					"cubes": [
						{"origin": [1, 9, -0.6], "size": [3, 1, 2], "uv": [20, 8]},
						{"origin": [4, 9, -0.6], "size": [2, 1, 2], "uv": [32, 32]}
					]
				},
				{
					"name": "hand_mini1",
					"parent": "hand_parte1",
					"pivot": [1, 0, 0],
					"cubes": [
						{"origin": [6, 9.2, -1], "size": [4, 1, 3], "uv": [20, 0]},
						{"origin": [9.6, 9.6, -1.6], "size": [2, 2, 1], "pivot": [11, 10, 0], "rotation": [0, 10, 0], "uv": [34, 0]},
						{"origin": [9.6, 9.6, 0], "size": [2, 2, 1], "uv": [34, 3]},
						{"origin": [9.6, 9.6, 1.6], "size": [2, 2, 1], "pivot": [11, 9, 1], "rotation": [0, -10, 0], "uv": [34, 11]}
					]
				},
				{
					"name": "hand2",
					"parent": "hands",
					"pivot": [-3, 10, 0]
				},
				{
					"name": "hand_parte2",
					"parent": "hand2",
					"pivot": [0, 0, 0],
					"cubes": [
						{"origin": [-3, 9, -0.6], "size": [3, 1, 2], "uv": [30, 8]},
						{"origin": [-5, 9, -0.6], "size": [2, 1, 2], "uv": [0, 33]}
					]
				},
				{
					"name": "hand_mini2",
					"parent": "hand_parte2",
					"pivot": [0, 0, 0],
					"cubes": [
						{"origin": [-9, 9.2, -1], "size": [4, 1, 3], "uv": [20, 4]},
						{"origin": [-10.6, 9.6, -1.6], "size": [2, 2, 1], "pivot": [-10, 10, 0], "rotation": [0, -10, 0], "uv": [34, 14]},
						{"origin": [-10.6, 9.6, 0], "size": [2, 2, 1], "uv": [32, 35]},
						{"origin": [-10.6, 9.6, 1.6], "size": [2, 2, 1], "pivot": [-10, 9, 1], "rotation": [0, 10, 0], "uv": [0, 36]}
					]
				},
				{
					"name": "head",
					"parent": "torso",
					"pivot": [0, 12, 0]
				},
				{
					"name": "face",
					"parent": "head",
					"pivot": [1, 12, 0],
					"rotation": [7.5, 0, 0]
				},
				{
					"name": "face_parte",
					"parent": "face",
					"pivot": [0, 12, 0],
					"cubes": [
						{"origin": [-1.6, 11, -3], "size": [4, 5, 6], "uv": [0, 0]},
						{"origin": [-1.6, 12, -4], "size": [4, 4, 2], "inflate": -0.01, "pivot": [-1, 13, -3], "rotation": [-17.5, 0, 0], "uv": [52, 6]}
					]
				},
				{
					"name": "hair",
					"parent": "face",
					"pivot": [1, 12, -1],
					"cubes": [
						{"origin": [-0.6, 16, 2.6], "size": [2, 2, 3], "inflate": 0.1, "pivot": [0, 0, 3], "rotation": [10, 0, 0], "uv": [10, 27]},
						{"origin": [0, 17, -2], "size": [1, 2, 3], "pivot": [-1, 17, 0], "rotation": [-40, 0, 0], "uv": [56, 0]},
						{"origin": [0, 15, -2], "size": [1, 2, 1], "pivot": [-1, 15, 0], "rotation": [-32.5, 0, 0], "uv": [60, 61]}
					]
				},
				{
					"name": "eyes",
					"parent": "face",
					"pivot": [1, 12, 0]
				},
				{
					"name": "eye1",
					"parent": "eyes",
					"pivot": [1, 12, 0],
					"rotation": [-2.5, 0, 0],
					"cubes": [
						{"origin": [2.5, 12, -1], "size": [0, 3, 3], "uv": [20, 31]},
						{"origin": [2.6, 11.4, 0.4], "size": [0, 2, 2], "uv": [36, 17]},
						{"origin": [2.7, 11, 2], "size": [0, 1, 1], "uv": [16, 19]},
						{"origin": [2.6, 13, -0.75], "size": [0, 1, 1], "uv": [8, 28]}
					]
				},
				{
					"name": "eye2",
					"parent": "eyes",
					"pivot": [0, 12, 0],
					"rotation": [-2.5, 0, 0],
					"cubes": [
						{"origin": [-1.7, 12, -1], "size": [0, 3, 3], "uv": [20, 31], "mirror": true},
						{"origin": [-1.8, 11.4, 0.4], "size": [0, 2, 2], "uv": [36, 17], "mirror": true},
						{"origin": [-1.9, 11, 2], "size": [0, 1, 1], "uv": [16, 19], "mirror": true},
						{"origin": [-1.8, 13, -0.75], "size": [0, 1, 1], "uv": [8, 28], "mirror": true}
					]
				},
				{
					"name": "smiles",
					"parent": "head",
					"pivot": [0, 12, 0]
				},
				{
					"name": "mounch_smile",
					"parent": "smiles",
					"pivot": [0, 12, -2],
					"cubes": [
						{"origin": [-0.6, 10.1, -1], "size": [2, 1, 0], "uv": [40, 2]}
					]
				}
			]
		}
	]
}