{
	"format_version": "1.12.0",
	"minecraft:geometry": [
		{
			"description": {
				"identifier": "geometry.magearna",
				"texture_width": 127,
				"texture_height": 200,
				"visible_bounds_width": 4,
				"visible_bounds_height": 4.5,
				"visible_bounds_offset": [0, 1.75, 0]
			},
			"bones": [
				{
					"name": "magearna",
					"pivot": [-1, 0, 0]
				},
				{
					"name": "body",
					"parent": "magearna",
					"pivot": [0, 0, -0.5]
				},
				{
					"name": "chest",
					"parent": "body",
					"pivot": [-1.5, 15, 0],
					"cubes": [
						{"origin": [-1, 25.75, -1.5], "size": [2, 3, 2], "uv": [56, 84]},
						{"origin": [-2.5, 20.5, -3], "size": [5, 6, 5], "uv": [39, 85]}
					]
				},
				{
					"name": "head",
					"parent": "chest",
					"pivot": [0, 27.41928, -0.67957],
					"cubes": [
						{"origin": [-4, 27.25, -2.5], "size": [8, 7, 4], "uv": [79, 61]},
						{"origin": [-3.5, 27.75, -0.25], "size": [7, 6, 4], "inflate": 0.1, "uv": [104, 20]}
					]
				},
				{
					"name": "twintaile_l2",
					"parent": "head",
					"pivot": [-3.5, 35.25, 4.5],
					"rotation": [12.48848, 0.54094, 12.55919],
					"cubes": [
						{"origin": [-5, 23.75, 3], "size": [3, 13, 3], "uv": [-2, -1], "mirror": true},
						{"origin": [-5, 22.75, 3], "size": [3, 1, 3], "uv": [-2, -1], "mirror": true}
					]
				},
				{
					"name": "twintaile_l",
					"parent": "head",
					"pivot": [3.5, 35.25, 4.5],
					"rotation": [12.48848, -0.54094, -12.55919],
					"cubes": [
						{"origin": [2, 23.75, 3], "size": [3, 13, 3], "uv": [-2, -1]},
						{"origin": [2, 22.75, 3], "size": [3, 1, 3], "uv": [-2, -1]}
					]
				},
				{
					"name": "mouth",
					"parent": "head",
					"pivot": [0, 28.75, -2.5],
					"cubes": [
						{"origin": [-0.5, 28.625, -2.525], "size": [1, 1, 0], "uv": [106, 74]},
						{"origin": [-0.5, 28.25, -2.5], "size": [1, 1, 0], "inflate": 0.01, "uv": [106, 74]}
					]
				},
				{
					"name": "right_ear",
					"parent": "head",
					"pivot": [1.5, 29.5, 0.25],
					"cubes": [
						{"origin": [1.33608, 28.48867, -0.2576], "size": [11, 5, 0], "uv": [37, 39], "mirror": true}
					]
				},
				{
					"name": "left_ear",
					"parent": "head",
					"pivot": [-1.5, 29.5, 0.25],
					"cubes": [
						{"origin": [-12.33608, 28.48867, -0.2576], "size": [11, 5, 0], "uv": [37, 39]}
					]
				},
				{
					"name": "left_eye",
					"parent": "head",
					"pivot": [-3.8, 31.5, -2],
					"cubes": [
						{"origin": [-3.775, 28.75, -2.4], "size": [2, 3, 1], "inflate": 0.19, "uv": [59, 58], "mirror": true}
					]
				},
				{
					"name": "left_pupil",
					"parent": "left_eye",
					"pivot": [-3.3, 31.5, -2],
					"cubes": [
						{"origin": [-3.8, 29, -2.6], "size": [2, 3, 0], "inflate": 0.02, "uv": [59, 64], "mirror": true},
						{"origin": [-4.4, 31.025, -2.675], "size": [3, 1, 0], "uv": [58, 64], "mirror": true},
						{"origin": [-3.30547, 29.48011, -2.65], "size": [1, 2, 0], "inflate": 0.02, "uv": [59, 68], "mirror": true},
						{"origin": [-2.93047, 29.98011, -2.9], "size": [1, 1, 1], "inflate": -0.205, "uv": [58, 67], "mirror": true}
					]
				},
				{
					"name": "right_eye",
					"parent": "head",
					"pivot": [3.825, 31.5, -2],
					"cubes": [
						{"origin": [1.8, 28.75, -2.4], "size": [2, 3, 1], "inflate": 0.19, "uv": [59, 58]}
					]
				},
				{
					"name": "right_pupil",
					"parent": "right_eye",
					"pivot": [3.325, 31.5, -2],
					"cubes": [
						{"origin": [1.825, 29, -2.6], "size": [2, 3, 0], "inflate": 0.02, "uv": [59, 64]},
						{"origin": [1.425, 31.025, -2.675], "size": [3, 1, 0], "uv": [58, 64]},
						{"origin": [2.33047, 29.48011, -2.65], "size": [1, 2, 0], "inflate": 0.02, "uv": [59, 68]},
						{"origin": [2.68047, 29.98011, -2.9], "size": [1, 1, 1], "inflate": -0.205, "uv": [58, 67]}
					]
				},
				{
					"name": "right_blink",
					"parent": "right_pupil",
					"pivot": [3.325, 31.5, -2]
				},
				{
					"name": "arm_right",
					"parent": "chest",
					"pivot": [1, 26, 0],
					"cubes": [
						{"origin": [2, 24.96789, -1.5], "size": [3, 2, 2], "uv": [4, 42], "mirror": true}
					]
				},
				{
					"name": "arm_right2",
					"parent": "arm_right",
					"pivot": [5, 26, 0],
					"cubes": [
						{"origin": [3.25, 25.5, -1], "size": [6, 1, 1], "uv": [0, 34], "mirror": true}
					]
				},
				{
					"name": "arm_right3",
					"parent": "arm_right2",
					"pivot": [8.5, 26, 0],
					"cubes": [
						{"origin": [10, 24.5, -2], "size": [3, 3, 3], "pivot": [11.5, 26, -0.5], "rotation": [45, 0, 0], "uv": [18, 41], "mirror": true},
						{"origin": [8, 25.38211, -2.5], "size": [2, 2, 2], "pivot": [9.5, 27.38211, -0.5], "rotation": [45, 0, 0], "uv": [5, 42], "mirror": true},
						{"origin": [10.5, 25, -1.5], "size": [5, 2, 2], "uv": [18, 53], "mirror": true}
					]
				},
				{
					"name": "arm_left",
					"parent": "chest",
					"pivot": [-1, 26, 0],
					"cubes": [
						{"origin": [-5, 24.96789, -1.5], "size": [3, 2, 2], "uv": [4, 42]}
					]
				},
				{
					"name": "arm_left2",
					"parent": "arm_left",
					"pivot": [-5, 26, 0],
					"cubes": [
						{"origin": [-9.25, 25.5, -1], "size": [6, 1, 1], "uv": [0, 34]}
					]
				},
				{
					"name": "arm_left3",
					"parent": "arm_left2",
					"pivot": [-8.5, 26, 0],
					"cubes": [
						{"origin": [-13, 24.5, -2], "size": [3, 3, 3], "pivot": [-11.5, 26, -0.5], "rotation": [45, 0, 0], "uv": [18, 41]},
						{"origin": [-10, 25.38211, -2.5], "size": [2, 2, 2], "pivot": [-9.5, 27.38211, -0.5], "rotation": [45, 0, 0], "uv": [5, 42]},
						{"origin": [-15.5, 25, -1.5], "size": [5, 2, 2], "uv": [18, 53]}
					]
				},
				{
					"name": "dress",
					"parent": "body",
					"pivot": [-1, 15.75, 0],
					"cubes": [
						{"origin": [-3.5, 10.75, -3.5], "size": [7, 2, 7], "uv": [29, 16]},
						{"origin": [-6, 15.75, -6], "size": [12, 5, 12], "uv": [10, 138]},
						{"origin": [-7.5, 11.25, -7.5], "size": [15, 5, 15], "uv": [55, 37]}
					]
				},
				{
					"name": "right_lower_dress",
					"parent": "dress",
					"pivot": [2, 11.5, 0.5],
					"cubes": [
						{"origin": [7.501, 5.999, -6.999], "size": [1, 6, 14], "uv": [61, 104], "mirror": true},
						{"origin": [-8.499, 5.999, -6.999], "size": [1, 6, 14], "uv": [61, 104], "mirror": true},
						{"origin": [-6.75, 7, 7], "size": [7, 5, 0], "inflate": 0.001, "uv": [80, 99], "mirror": true},
						{"origin": [-0.25, 7, 7], "size": [7, 5, 0], "inflate": 0.001, "uv": [80, 99]},
						{"origin": [-8.5, 6, -8], "size": [17, 6, 1], "inflate": 0.001, "uv": [69, 98], "mirror": true},
						{"origin": [-8.5, 6, 7], "size": [17, 6, 1], "inflate": 0.001, "uv": [69, 98], "mirror": true}
					]
				},
				{
					"name": "right_lower_dress2",
					"parent": "right_lower_dress",
					"pivot": [2, 11.75, 0.5]
				},
				{
					"name": "bone2",
					"parent": "right_lower_dress2",
					"pivot": [0, 0, 0]
				},
				{
					"name": "left_lower_dress",
					"parent": "dress",
					"pivot": [-2, 11.5, 0.5]
				},
				{
					"name": "left_lower_dress2",
					"parent": "left_lower_dress",
					"pivot": [-2, 11.75, 0.5]
				},
				{
					"name": "bone",
					"parent": "left_lower_dress2",
					"pivot": [0, 0, 0]
				},
				{
					"name": "legs",
					"parent": "body",
					"pivot": [-1, 16.5, -0.5]
				},
				{
					"name": "right_leg",
					"parent": "legs",
					"pivot": [3, 12.5, -0.5],
					"cubes": [
						{"origin": [1.5, 6.5, -2], "size": [3, 5, 3], "uv": [97, 104], "mirror": true}
					]
				},
				{
					"name": "right_leg2",
					"parent": "right_leg",
					"pivot": [3, 6.66667, -0.5],
					"cubes": [
						{"origin": [2, 0, -1.5], "size": [2, 7, 2], "uv": [99, 118], "mirror": true},
						{"origin": [1.5, 5.5, -2], "size": [3, 1, 3], "inflate": 0.125, "uv": [97, 113], "mirror": true}
					]
				},
				{
					"name": "left_leg",
					"parent": "legs",
					"pivot": [-3, 12.5, -0.5],
					"cubes": [
						{"origin": [-4.5, 6.5, -2], "size": [3, 5, 3], "uv": [42, 104]}
					]
				},
				{
					"name": "left_leg2",
					"parent": "left_leg",
					"pivot": [-3, 6.66667, -0.5],
					"cubes": [
						{"origin": [-4, 0, -1.5], "size": [2, 7, 2], "uv": [44, 118]},
						{"origin": [-4.5, 5.5, -2], "size": [3, 1, 3], "inflate": 0.125, "uv": [42, 113]}
					]
				}
			]
		}
	]
}