{
	"format_version": "1.8.0",
	"animations": {
		"animation.cafe_gardevoir.ground_idle": {
			"loop": true,
			"bones": {
				"skirt_left2": {
					"rotation": [0, 0, "-5-math.cos(query.anim_time*90*1-180)*4"]
				},
				"skirt_left3": {
					"rotation": [0, 0, "-5-math.cos(query.anim_time*90*1-270)*9"]
				},
				"skirt_right2": {
					"rotation": [0, 0, "5+math.cos(query.anim_time*90*1-180)*4"]
				},
				"skirt_right3": {
					"rotation": [0, 0, "5+math.cos(query.anim_time*90*1-270)*9"]
				},
				"skirt_back_left3": {
					"rotation": ["10-math.cos(query.anim_time*90*1-270)*7", 0, -5]
				},
				"skirt_back_right3": {
					"rotation": ["10-math.cos(query.anim_time*90*1-270)*7", 0, 5]
				},
				"chest": {
					"rotation": ["-7.5-math.cos(query.anim_time*90*1-90)*1", 0, 0],
					"position": [0, 0, -0.1]
				},
				"arm_left": {
					"rotation": [75.45235, 13.39011, 68.55709],
					"position": [-0.3, -0.75, -0.25]
				},
				"arm_left2": {
					"rotation": [4.97088, 59.90168, -0.47863]
				},
				"hand_left": {
					"rotation": [0, 0, 10]
				},
				"arm_right": {
					"rotation": [70.14952, -15.92023, -71.55557],
					"position": [0.2, -0.75, -0.25]
				},
				"arm_right2": {
					"rotation": [5.38026, -62.3915, 0.01133]
				},
				"hand_right": {
					"rotation": [0, 0, -7.5]
				},
				"neck": {
					"rotation": ["20-math.cos(query.anim_time*90*1-120)*2", 0, 0],
					"position": [0, 0, -0.4]
				},
				"head": {
					"rotation": ["5+math.cos(query.anim_time*90*1-120)*4", 0, 0]
				},
				"leg_left": {
					"rotation": [2.5, 0, 3]
				},
				"leg_left2": {
					"rotation": [2.5, 0, 0]
				},
				"leg_right": {
					"rotation": [-5, 0, -4]
				},
				"torso": {
					"rotation": ["0-math.cos(query.anim_time*90*1)*1", 0, 0],
					"position": [0, "0-math.sin(query.anim_time*90*1-60)*0.2", 0]
				},
				"skirt_front_left": {
					"rotation": ["0-math.cos(query.anim_time*90*1-90)*3", 0, 0]
				},
				"skirt_front_left2": {
					"rotation": ["0-math.cos(query.anim_time*90*1-180)*5", 0, 0]
				},
				"skirt_front_left3": {
					"rotation": ["0-math.cos(query.anim_time*90*1-270)*8", 0, 0]
				},
				"skirt_front_right": {
					"rotation": ["0-math.cos(query.anim_time*90*1-90)*3", 0, 0]
				},
				"skirt_front_right2": {
					"rotation": ["0-math.cos(query.anim_time*90*1-180)*5", 0, 0]
				},
				"skirt_front_right3": {
					"rotation": ["0-math.cos(query.anim_time*90*1-270)*8", 0, 0]
				},
				"skirt_left": {
					"rotation": [0, 0, "0-math.cos(query.anim_time*90*1-90)*3"]
				},
				"skirt_right": {
					"rotation": [0, 0, "0+math.cos(query.anim_time*90*1-90)*3"]
				},
				"skirt_back_left": {
					"rotation": ["0+math.cos(query.anim_time*90*1+90)*3", 0, 0]
				},
				"skirt_back_left2": {
					"rotation": ["0-math.cos(query.anim_time*90*1+180)*4", 0, 0]
				},
				"skirt_back_left4": {
					"rotation": ["-5-math.cos(query.anim_time*90*1-300)*3", 0, 0]
				},
				"skirt_back_left5": {
					"rotation": ["14.8569-math.cos(query.anim_time*90*3/2)*6", 0, 0]
				},
				"skirt_back_right": {
					"rotation": ["0+math.cos(query.anim_time*90*1+90)*3", 0, 0]
				},
				"skirt_back_right2": {
					"rotation": ["0-math.cos(query.anim_time*90*1+180)*4", 0, 0]
				},
				"skirt_back_right4": {
					"rotation": ["-5-math.cos(query.anim_time*90*1-300)*3", 0, 0]
				},
				"skirt_back_right5": {
					"rotation": ["14.8569-math.cos(query.anim_time*90*3/2)*6", -1.22686, 1.51889]
				},
				"waist": {
					"rotation": ["-2.5-math.cos(query.anim_time*90*1-60)*1", 0, 0]
				},
				"finger_front_left": {
					"rotation": [0, 0, 52.5],
					"position": [-1, 0, 0]
				},
				"finger_center_left": {
					"rotation": [0, 0, 35],
					"position": [-1, 0, 0]
				},
				"finger_back_left": {
					"rotation": [0, 0, 22.5],
					"position": [-0.75, 0, 0]
				},
				"finger_front_right": {
					"rotation": [0, 0, 0]
				},
				"finger_center_right": {
					"rotation": [0, 0, -15],
					"position": [0, 0, 0]
				},
				"finger_back_right": {
					"rotation": [0, 0, -20],
					"position": [0.6, 0.2, -0.1]
				},
				"leg_right2": {
					"rotation": [4.98797, 0.34569, 0.04547]
				},
				"dress2": {
					"rotation": [-10, 0, 0],
					"position": [0, 1, -4]
				},
				"skirt_back_left6": {
					"rotation": ["0-math.cos(query.anim_time*90*1+180)*4", 0, 0]
				},
				"skirt_back_left7": {
					"rotation": ["0-math.cos(query.anim_time*90*1+180)*4", 0, 0]
				},
				"skirt_back_left8": {
					"rotation": ["10-math.cos(query.anim_time*90*1-270)*7", 0, 0]
				},
				"skirt_back_left9": {
					"rotation": ["-5-math.cos(query.anim_time*90*1-300)*3", 0, 0]
				},
				"skirt_back_left10": {
					"rotation": ["14.8569-math.cos(query.anim_time*90*3/2)*6", 0, 0]
				},
				"skirt_back_right6": {
					"rotation": ["0+math.cos(query.anim_time*90*1+90)*3", 0, 0]
				},
				"skirt_back_right7": {
					"rotation": ["0-math.cos(query.anim_time*90*1+180)*4", 0, 0]
				},
				"skirt_back_right8": {
					"rotation": ["0-math.cos(query.anim_time*90*1+180)*4", 0, 0]
				},
				"skirt_back_right9": {
					"rotation": ["-5-math.cos(query.anim_time*90*1-300)*3", 0, 0]
				},
				"skirt_back_right10": {
					"rotation": ["14.8569-math.cos(query.anim_time*90*3/2)*6", 0, 0]
				},
				"dress": {
					"position": [0, 1, 0]
				},
				"skirt_back_left13": {
					"rotation": ["0-math.cos(query.anim_time*90*1+180)*4", 0, 0]
				},
				"skirt_back_left14": {
					"rotation": ["10-math.cos(query.anim_time*90*1-270)*7", 0, 0]
				},
				"skirt_back_left15": {
					"rotation": ["-5-math.cos(query.anim_time*90*1-300)*3", 0, 0]
				},
				"skirt_back_left16": {
					"rotation": ["-5-math.cos(query.anim_time*90*1-300)*3", 0, 0]
				},
				"skirt_back_left17": {
					"rotation": ["14.8569-math.cos(query.anim_time*90*3/2)*6", 0, 0]
				},
				"skirt_back_right13": {
					"rotation": ["0+math.cos(query.anim_time*90*1+90)*3", 0, 0]
				},
				"skirt_back_right14": {
					"rotation": ["0-math.cos(query.anim_time*90*1+180)*4", 0, 0]
				},
				"skirt_back_right15": {
					"rotation": ["10-math.cos(query.anim_time*90*1-270)*7", 0, 0]
				},
				"skirt_back_right16": {
					"rotation": ["-5-math.cos(query.anim_time*90*1-300)*3", 0, 0]
				},
				"skirt_back_right17": {
					"rotation": ["14.8569-math.cos(query.anim_time*90*3/2)*6", 0, 0]
				}
			}
		},
		"animation.cafe_gardevoir.ground_walk": {
			"loop": true,
			"animation_length": 8,
			"bones": {
				"skirt_left2": {
					"rotation": [0, 0, "-5-math.cos(query.anim_time*90*3-180)*4"]
				},
				"skirt_left3": {
					"rotation": [0, 0, "-5-math.cos(query.anim_time*90*3-270)*9"]
				},
				"skirt_right2": {
					"rotation": [0, 0, "5+math.cos(query.anim_time*90*3-180)*4"]
				},
				"skirt_right3": {
					"rotation": [0, 0, "5+math.cos(query.anim_time*90*3-270)*9"]
				},
				"skirt_back_left3": {
					"rotation": ["15-math.cos(query.anim_time*90*3-270)*7", 0, "-5+math.cos(query.anim_time*90*1.5-60)*5"]
				},
				"skirt_back_right3": {
					"rotation": ["15-math.cos(query.anim_time*90*3-270)*7", 0, "5+math.cos(query.anim_time*90*1.5-60)*5"]
				},
				"chest": {
					"rotation": ["-7.5-math.cos(query.anim_time*90*3-90)*1", 0, "math.cos(query.anim_time*90*1.5-60)*1"],
					"position": [0, 0, -0.1]
				},
				"arm_left": {
					"rotation": ["2.0366+math.sin(query.anim_time*90*1.5-20)*12", "-27.5808+math.sin(query.anim_time*90*1.5-60)*10", 61.67626],
					"position": [-0.3, -0.75, -0.25]
				},
				"arm_left2": {
					"rotation": [2.57816, "14.9808+math.sin(query.anim_time*90*1.5-120)*10", -4.11511]
				},
				"hand_left": {
					"rotation": [0, 0, 10]
				},
				"arm_right": {
					"rotation": ["2.7411-math.sin(query.anim_time*90*1.5-20)*12", "27.4444+math.sin(query.anim_time*90*1.5-60)*10", -58.24246],
					"position": [0.3, -0.75, -0.25]
				},
				"arm_right2": {
					"rotation": [2.57816, "-14.9808+math.sin(query.anim_time*90*1.5-120)*10", 4.11511]
				},
				"hand_right": {
					"rotation": [0, 0, -7.5]
				},
				"neck": {
					"rotation": ["20-math.cos(query.anim_time*90*3-120)*2", "-math.cos(query.anim_time*90*1.5-100)*5", 0],
					"position": [0, 0, -0.4]
				},
				"head": {
					"rotation": ["-2.5+math.cos(query.anim_time*90*3-120)*4", 0, 0]
				},
				"leg_left": {
					"rotation": {
						"0.0": {
							"post": [-6.86, 0.3, 2.46],
							"lerp_mode": "catmullrom"
						},
						"1.125": {
							"post": [9.98532, -0.43376, 2.46211],
							"lerp_mode": "catmullrom"
						},
						"2.0417": {
							"post": [-3.74802, -0.00071, -0.03255],
							"lerp_mode": "catmullrom"
						},
						"2.4583": {
							"post": [-9.98532, 0.43376, 2.46211],
							"lerp_mode": "catmullrom"
						},
						"3.7917": {
							"post": [9.98532, -0.43376, 2.46211],
							"lerp_mode": "catmullrom"
						},
						"4.7083": {
							"post": [-3.74802, -0.00071, -0.03255],
							"lerp_mode": "catmullrom"
						},
						"5.125": {
							"post": [-9.98532, 0.43376, 2.46211],
							"lerp_mode": "catmullrom"
						},
						"6.4583": {
							"post": [9.98532, -0.43376, 2.46211],
							"lerp_mode": "catmullrom"
						},
						"7.375": {
							"post": [-3.74802, -0.00071, -0.03255],
							"lerp_mode": "catmullrom"
						},
						"7.7917": {
							"post": [-9.98532, 0.43376, 2.46211],
							"lerp_mode": "catmullrom"
						},
						"8.0": {
							"post": [-6.86, 0.3, 2.46],
							"lerp_mode": "catmullrom"
						}
					},
					"position": {
						"0.0": [0, -0.33, -0.59],
						"0.375": [0, -0.2, -0.39],
						"1.125": [0, -0.4, 0],
						"1.875": [0, -0.18, -0.39],
						"2.375": [0, 0.44, -0.59],
						"2.4583": [0, -0.4, -0.7],
						"3.0417": [0, -0.2, -0.39],
						"3.7917": [0, -0.4, 0],
						"4.5417": [0, -0.18, -0.39],
						"5.0417": [0, 0.44, -0.59],
						"5.125": [0, -0.4, -0.7],
						"5.7083": [0, -0.2, -0.39],
						"6.4583": [0, -0.4, 0],
						"7.2083": [0, -0.18, -0.39],
						"7.7083": [0, 0.44, -0.59],
						"7.7917": [0, -0.4, -0.7],
						"8.0": [0, -0.33, -0.59]
					}
				},
				"leg_left2": {
					"rotation": {
						"0.0": [0.29, 0, 0],
						"1.125": {
							"pre": [14.38, 0, 0],
							"post": [14.38, 0, 0],
							"lerp_mode": "catmullrom"
						},
						"1.5833": {
							"post": [17.5, 0, 0],
							"lerp_mode": "catmullrom"
						},
						"2.125": {
							"post": [23.39, 0, 0],
							"lerp_mode": "catmullrom"
						},
						"2.4583": {
							"post": [0, 0, 0],
							"lerp_mode": "catmullrom"
						},
						"3.75": {
							"post": [14.38, 0, 0],
							"lerp_mode": "catmullrom"
						},
						"4.2083": {
							"post": [17.5, 0, 0],
							"lerp_mode": "catmullrom"
						},
						"5.125": [0, 0, 0],
						"6.4583": {
							"pre": [14.38, 0, 0],
							"post": [14.38, 0, 0],
							"lerp_mode": "catmullrom"
						},
						"6.9167": {
							"post": [17.5, 0, 0],
							"lerp_mode": "catmullrom"
						},
						"7.4583": {
							"post": [23.39, 0, 0],
							"lerp_mode": "catmullrom"
						},
						"7.7917": [0, 0, 0],
						"8.0": [0.29, 0, 0]
					}
				},
				"leg_right": {
					"rotation": {
						"0.0": {
							"post": [9.44, 0.43, -2.09],
							"lerp_mode": "catmullrom"
						},
						"0.75": {
							"post": [-3.74802, 0.00071, 0.03255],
							"lerp_mode": "catmullrom"
						},
						"1.1667": {
							"post": [-9.98532, -0.43376, -2.46211],
							"lerp_mode": "catmullrom"
						},
						"1.375": {
							"post": [-6.86, -0.3, -2.46],
							"lerp_mode": "catmullrom"
						},
						"2.5": {
							"post": [9.98532, 0.43376, -2.46211],
							"lerp_mode": "catmullrom"
						},
						"3.4167": {
							"post": [-3.74802, 0.00071, 0.03255],
							"lerp_mode": "catmullrom"
						},
						"3.8333": {
							"post": [-9.98532, -0.43376, -2.46211],
							"lerp_mode": "catmullrom"
						},
						"5.1667": {
							"post": [9.98532, 0.43376, -2.46211],
							"lerp_mode": "catmullrom"
						},
						"6.0833": {
							"post": [-3.74802, 0.00071, 0.03255],
							"lerp_mode": "catmullrom"
						},
						"6.5": {
							"post": [-9.98532, -0.43376, -2.46211],
							"lerp_mode": "catmullrom"
						},
						"7.8333": {
							"post": [9.98532, 0.43376, -2.46211],
							"lerp_mode": "catmullrom"
						},
						"8.0": {
							"post": [9.44, 0.43, -2.09],
							"lerp_mode": "catmullrom"
						}
					},
					"position": {
						"0.0": [0, -0.35, -0.09],
						"0.5833": [0, -0.18, -0.39],
						"1.0833": [0, 0.44, -0.59],
						"1.1667": [0, -0.4, -0.7],
						"1.375": [0, -0.33, -0.59],
						"1.75": [0, -0.2, -0.39],
						"2.5": [0, -0.4, 0],
						"3.25": [0, -0.18, -0.39],
						"3.75": [0, 0.44, -0.59],
						"3.8333": [0, -0.4, -0.7],
						"4.4167": [0, -0.2, -0.39],
						"5.1667": [0, -0.4, 0],
						"5.9167": [0, -0.18, -0.39],
						"6.4167": [0, 0.44, -0.59],
						"6.5": [0, -0.4, -0.7],
						"7.0833": [0, -0.2, -0.39],
						"7.8333": [0, -0.4, 0],
						"8.0": [0, -0.35, -0.09]
					}
				},
				"torso": {
					"rotation": ["0-math.cos(query.anim_time*90*3)*1", "math.cos(query.anim_time*90*1.5-90)*5", "math.cos(query.anim_time*90*1.5-60)*-3"],
					"position": [0, "0-math.cos(query.anim_time*90*3-60)*0.2", "math.sin(query.anim_time*90*3-60)*0.3"]
				},
				"skirt_front_left": {
					"rotation": ["0-math.cos(query.anim_time*90*3-90)*3", 0, 0]
				},
				"skirt_front_left2": {
					"rotation": ["0-math.cos(query.anim_time*90*3-180)*5", 0, 0]
				},
				"skirt_front_left3": {
					"rotation": ["0-math.cos(query.anim_time*90*3-270)*8", 0, 0]
				},
				"skirt_front_right": {
					"rotation": ["0-math.cos(query.anim_time*90*3-90)*3", 0, 0]
				},
				"skirt_front_right2": {
					"rotation": ["0-math.cos(query.anim_time*90*3-180)*5", 0, 0]
				},
				"skirt_front_right3": {
					"rotation": ["0-math.cos(query.anim_time*90*3-270)*8", 0, 0]
				},
				"skirt_left": {
					"rotation": [0, 0, "0-math.cos(query.anim_time*90*3-90)*3"]
				},
				"skirt_right": {
					"rotation": [0, 0, "0+math.cos(query.anim_time*90*3-90)*3"]
				},
				"skirt_back_left": {
					"rotation": ["0+math.cos(query.anim_time*90*3+90)*3", 0, "math.cos(query.anim_time*90*1.5-90)*5"]
				},
				"skirt_back_left2": {
					"rotation": ["0-math.cos(query.anim_time*90*3+180)*4", 0, 0]
				},
				"skirt_back_left4": {
					"rotation": ["-10+math.cos(query.anim_time*90*3-60)*3", 0, 0]
				},
				"skirt_back_left5": {
					"rotation": ["14.8569-math.cos(query.anim_time*90*4-120)*6", 0, 0]
				},
				"skirt_back_right": {
					"rotation": ["0+math.cos(query.anim_time*90*3+90)*3", 0, "math.cos(query.anim_time*90*1.5-90)*5"]
				},
				"skirt_back_right2": {
					"rotation": ["0-math.cos(query.anim_time*90*3+180)*4", 0, 0]
				},
				"skirt_back_right4": {
					"rotation": ["-10+math.cos(query.anim_time*90*3)*3", 0, 0]
				},
				"skirt_back_right5": {
					"rotation": ["14.8569-math.cos(query.anim_time*90*4-120)*6", -1.22686, 1.51889]
				},
				"waist": {
					"rotation": ["-2.5-math.cos(query.anim_time*90*3-60)*1", 0, "math.cos(query.anim_time*90*1.5-60)*1"]
				},
				"hair_back": {
					"rotation": ["1+math.sin(query.anim_time*90*3-60)*1", 0, 0]
				},
				"skirt": {
					"rotation": [0, "math.cos(query.anim_time*90*1.5-120)*5", 0]
				},
				"hair": {
					"rotation": ["1-math.sin(query.anim_time*90*3-90)*1", 0, 0]
				},
				"hair_back_left3": {
					"rotation": ["1+math.sin(query.anim_time*90*3-90)*1", 0, 0]
				},
				"hair_back_left4": {
					"rotation": ["1+math.sin(query.anim_time*90*3-120)*1", 0, 0]
				},
				"hair_back_right3": {
					"rotation": ["1+math.sin(query.anim_time*90*3-90)*1", 0, 0]
				},
				"hair_back_right4": {
					"rotation": ["1+math.sin(query.anim_time*90*3-120)*1", 0, 0]
				},
				"leg_right2": {
					"rotation": {
						"0.0": {
							"post": [16.23, 0, 0],
							"lerp_mode": "catmullrom"
						},
						"0.2917": {
							"post": [17.5, 0, 0],
							"lerp_mode": "catmullrom"
						},
						"0.8333": {
							"post": [23.39, 0, 0],
							"lerp_mode": "catmullrom"
						},
						"1.1667": [0, 0, 0],
						"1.375": [0.29, 0, 0],
						"2.5": {
							"pre": [14.38, 0, 0],
							"post": [14.38, 0, 0],
							"lerp_mode": "catmullrom"
						},
						"2.9583": {
							"post": [17.5, 0, 0],
							"lerp_mode": "catmullrom"
						},
						"3.5": {
							"post": [23.39, 0, 0],
							"lerp_mode": "catmullrom"
						},
						"3.8333": {
							"post": [0, 0, 0],
							"lerp_mode": "catmullrom"
						},
						"5.125": {
							"post": [14.38, 0, 0],
							"lerp_mode": "catmullrom"
						},
						"5.5833": {
							"post": [17.5, 0, 0],
							"lerp_mode": "catmullrom"
						},
						"6.5": [0, 0, 0],
						"7.8333": {
							"pre": [14.38, 0, 0],
							"post": [14.38, 0, 0],
							"lerp_mode": "catmullrom"
						},
						"8.0": {
							"post": [16.23, 0, 0],
							"lerp_mode": "catmullrom"
						}
					}
				},
				"skirt_back_left6": {
					"rotation": [0, 0, "0+math.cos(query.anim_time*90*3-90)*3"]
				},
				"skirt_back_left7": {
					"rotation": ["0-math.cos(query.anim_time*90*3+180)*4", 0, 0]
				},
				"skirt_back_left8": {
					"rotation": ["-2.5-math.cos(query.anim_time*90*3-270)*7", 0, "-5+math.cos(query.anim_time*90*1.5-60)*5"],
					"position": [0, 0, 0]
				},
				"skirt_back_left9": {
					"rotation": ["15-math.cos(query.anim_time*90*3-270)*7", 0, 0]
				},
				"skirt_back_right6": {
					"rotation": ["0+math.cos(query.anim_time*90*3+90)*3", 0, "math.cos(query.anim_time*90*1.5-90)*5"]
				},
				"skirt_back_right7": {
					"rotation": ["0-math.cos(query.anim_time*90*3+180)*4", 0, 0]
				},
				"skirt_back_right8": {
					"rotation": ["-2.5-math.cos(query.anim_time*90*3-270)*7", 0, "5+math.cos(query.anim_time*90*1.5-60)*5"]
				},
				"skirt_back_right9": {
					"rotation": ["15-math.cos(query.anim_time*90*3-270)*7", 0, 0]
				},
				"skirt_back_right10": {
					"rotation": ["15-math.cos(query.anim_time*90*3-270)*7", 0, 0]
				},
				"skirt_back_left13": {
					"rotation": ["0+math.cos(query.anim_time*90*3+90)*3", 0, "math.cos(query.anim_time*90*1.5-90)*5"]
				},
				"skirt_back_left14": {
					"rotation": ["0-math.cos(query.anim_time*90*3+180)*4", 0, 0]
				},
				"skirt_back_left15": {
					"rotation": ["17.5-math.cos(query.anim_time*90*3-270)*7", 0, "-5+math.cos(query.anim_time*90*1.5-60)*5"]
				},
				"skirt_back_left16": {
					"rotation": ["-10+math.cos(query.anim_time*90*3-60)*3", 0, 0]
				},
				"skirt_back_left17": {
					"rotation": ["14.8569-math.cos(query.anim_time*90*4-120)*6", 0, 0]
				},
				"skirt_back_right13": {
					"rotation": ["0+math.cos(query.anim_time*90*3+90)*3", 0, "math.cos(query.anim_time*90*1.5-90)*5"]
				},
				"skirt_back_right14": {
					"rotation": ["0-math.cos(query.anim_time*90*3+180)*4", 0, 0]
				},
				"skirt_back_right15": {
					"rotation": ["17.5-math.cos(query.anim_time*90*3-270)*7", 0, "5+math.cos(query.anim_time*90*1.5-60)*5"],
					"position": [0, 0, 0]
				},
				"skirt_back_right16": {
					"rotation": ["-10+math.cos(query.anim_time*90*3)*3", 0, 0],
					"position": [0, 0, 0]
				},
				"skirt_back_right17": {
					"rotation": ["14.8569-math.cos(query.anim_time*90*4-120)*6", 0, 0]
				},
				"rs": {
					"rotation": [0, 0, 0],
					"position": [2, 1, 0],
					"scale": [0.7, 0.8, 1]
				},
				"ls": {
					"position": [0, 1, 0],
					"scale": [1, 0.6, 1]
				}
			}
		},
		"animation.cafe_gardevoir.battle_idle": {
			"loop": true,
			"animation_length": 5.1667,
			"bones": {
				"skirt_left2": {
					"rotation": [0, 0, "-5-math.cos(query.anim_time*90*1-180)*4"]
				},
				"skirt_left3": {
					"rotation": [0, 0, "-5-math.cos(query.anim_time*90*1-270)*9"]
				},
				"skirt_right2": {
					"rotation": [0, 0, "5+math.cos(query.anim_time*90*1-180)*4"]
				},
				"skirt_right3": {
					"rotation": [0, 0, "5+math.cos(query.anim_time*90*1-270)*9"]
				},
				"skirt_back_left3": {
					"rotation": ["10-math.cos(query.anim_time*90*1-270)*7", 0, -5]
				},
				"skirt_back_right3": {
					"rotation": ["10-math.cos(query.anim_time*90*1-270)*7", 0, 5]
				},
				"chest": {
					"rotation": ["0.0152-math.cos(query.anim_time*90*1-90)*1", 0, 0]
				},
				"arm_left": {
					"rotation": [-12.2745, -25.5014, 52.56511]
				},
				"arm_left2": {
					"rotation": [0, "22.5-math.cos(query.anim_time*90*1-190)*8", 0]
				},
				"hand_left": {
					"rotation": [0, 0, 10]
				},
				"arm_right": {
					"rotation": [7.69964, -0.26865, -40.11029],
					"position": [0, 0, 0]
				},
				"arm_right2": {
					"rotation": [0, "-57.5+math.cos(query.anim_time*90*1-240)*10", 0]
				},
				"hand_right": {
					"rotation": [0, 0, -7.5]
				},
				"neck": {
					"rotation": ["-2.8216-math.cos(query.anim_time*90*1-120)*2", "27.6039-math.cos(query.anim_time*90*1)*2", -0.6399],
					"position": [0, 0, -0.4]
				},
				"head": {
					"rotation": ["9.7231+math.cos(query.anim_time*90*1-120)*4", -3.3452, 1.43681]
				},
				"leg_left": {
					"rotation": [5.11161, -12.23398, -3.59546]
				},
				"leg_left2": {
					"rotation": [5, 0, 0]
				},
				"leg_right": {
					"rotation": [-12.5, 17.5, 0],
					"position": [0, -0.6, 0]
				},
				"torso": {
					"rotation": ["0-math.cos(query.anim_time*90*1)*0.5", "math.cos(query.anim_time*90*1)*2", 0],
					"position": [0, "0-math.sin(query.anim_time*90*1-60)*0.2", 0]
				},
				"skirt_front_left": {
					"rotation": ["0-math.cos(query.anim_time*90*1-90)*3", 0, 0]
				},
				"skirt_front_left2": {
					"rotation": ["0-math.cos(query.anim_time*90*1-180)*5", 0, 0]
				},
				"skirt_front_left3": {
					"rotation": ["0-math.cos(query.anim_time*90*1-270)*8", 0, 0]
				},
				"skirt_front_right": {
					"rotation": ["0-math.cos(query.anim_time*90*1-90)*3", 0, 0]
				},
				"skirt_front_right2": {
					"rotation": ["0-math.cos(query.anim_time*90*1-180)*5", 0, 0]
				},
				"skirt_front_right3": {
					"rotation": ["0-math.cos(query.anim_time*90*1-270)*8", 0, 0]
				},
				"skirt_left": {
					"rotation": [0, 0, "0-math.cos(query.anim_time*90*1-90)*3"]
				},
				"skirt_right": {
					"rotation": [0, 0, "0+math.cos(query.anim_time*90*1-90)*3"]
				},
				"skirt_back_left": {
					"rotation": ["0+math.cos(query.anim_time*90*1+90)*3", 0, 0]
				},
				"skirt_back_left2": {
					"rotation": ["0-math.cos(query.anim_time*90*1+180)*4", 0, 0]
				},
				"skirt_back_left4": {
					"rotation": ["-5-math.cos(query.anim_time*90*1-300)*3", 0, 0]
				},
				"skirt_back_left5": {
					"rotation": ["14.8569-math.cos(query.anim_time*90*3/2)*6", 0, 0]
				},
				"skirt_back_right": {
					"rotation": ["0+math.cos(query.anim_time*90*1+90)*3", 0, 0]
				},
				"skirt_back_right2": {
					"rotation": ["0-math.cos(query.anim_time*90*1+180)*4", 0, 0]
				},
				"skirt_back_right4": {
					"rotation": ["-5-math.cos(query.anim_time*90*1-300)*3", 0, 0]
				},
				"skirt_back_right5": {
					"rotation": ["14.8569-math.cos(query.anim_time*90*3/2)*6", -1.22686, 1.51889]
				},
				"waist": {
					"rotation": ["0.2301-math.cos(query.anim_time*90*1-60)*0.5", -2.10032, -1.08729]
				},
				"leg_right2": {
					"rotation": [10, 0, 0]
				},
				"body": {
					"rotation": [0, -25, 0]
				},
				"hair_back": {
					"rotation": [5, 0, 0]
				},
				"skirt": {
					"rotation": [0, "math.cos(query.anim_time*90*1-90)*2", 0]
				},
				"skirt_back_left6": {
					"rotation": ["0+math.cos(query.anim_time*90*1+90)*3", 0, 0]
				},
				"skirt_back_left7": {
					"rotation": ["0-math.cos(query.anim_time*90*1+180)*4", 0, 0]
				},
				"skirt_back_left8": {
					"rotation": ["10-math.cos(query.anim_time*90*1-270)*7", 0, 0]
				},
				"skirt_back_left9": {
					"rotation": ["-5-math.cos(query.anim_time*90*1-300)*3", 0, 0]
				},
				"skirt_back_left10": {
					"rotation": ["-5-math.cos(query.anim_time*90*1-300)*3", 0, 0]
				},
				"skirt_back_right6": {
					"rotation": ["0+math.cos(query.anim_time*90*1+90)*3", 0, 0]
				},
				"skirt_back_right7": {
					"rotation": ["0-math.cos(query.anim_time*90*1+180)*4", 0, 0]
				},
				"skirt_back_right8": {
					"rotation": ["10-math.cos(query.anim_time*90*1-270)*7", 0, 0]
				},
				"skirt_back_right9": {
					"rotation": ["-5-math.cos(query.anim_time*90*1-300)*3", 0, 0]
				},
				"skirt_back_right10": {
					"rotation": ["14.8569-math.cos(query.anim_time*90*3/2)*6", 0, 0]
				},
				"skirt_back_left14": {
					"rotation": ["0-math.cos(query.anim_time*90*1+180)*4", 0, 0]
				},
				"skirt_back_left15": {
					"rotation": ["10-math.cos(query.anim_time*90*1-270)*7", 0, 0]
				},
				"skirt_back_left16": {
					"rotation": ["-2.5-math.cos(query.anim_time*90*1-300)*3", 0, 0]
				},
				"skirt_back_left17": {
					"rotation": ["14.8569-math.cos(query.anim_time*90*3/2)*6", 0, 0]
				},
				"skirt_back_right14": {
					"rotation": ["0-math.cos(query.anim_time*90*1+180)*4", 0, 0]
				},
				"skirt_back_right15": {
					"rotation": ["10-math.cos(query.anim_time*90*1-270)*7", 0, 0]
				},
				"skirt_back_right16": {
					"rotation": ["-math.cos(query.anim_time*90*1-300)*3", 0, 0]
				},
				"skirt_back_right17": {
					"rotation": ["2.3569-math.cos(query.anim_time*90*3/2)*6", 0, 0]
				}
			}
		},
		"animation.cafe_gardevoir.blink": {
			"animation_length": 0.16667,
			"bones": {
				"eyelid_left": {
					"position": {
						"0.0": [0, 0, -0.1],
						"0.125": [0, 0, -0.1],
						"0.1667": [0, 0, 0]
					}
				},
				"eyelid_right": {
					"position": {
						"0.0": [0, 0, -0.1],
						"0.125": [0, 0, -0.1],
						"0.1667": [0, 0, 0]
					}
				}
			}
		},
		"animation.cafe_gardevoir.sleep": {
			"loop": true,
			"animation_length": 5.125,
			"bones": {
				"skirt_left2": {
					"rotation": [0, 0, "-37.5-math.cos(query.anim_time*90*0.5-180)*0.5"]
				},
				"skirt_left3": {
					"rotation": [0, 0, "-17.5-math.cos(query.anim_time*90*0.5-270)*0.5"]
				},
				"skirt_right2": {
					"rotation": [0, 0, "37.5+math.cos(query.anim_time*90*0.5-180)*0.5"]
				},
				"skirt_right3": {
					"rotation": [0, 0, "17.5+math.cos(query.anim_time*90*0.5-270)*0.5"]
				},
				"skirt_back_left3": {
					"rotation": ["17.5-math.cos(query.anim_time*90*0.5-270)*0.5", 0, -5]
				},
				"skirt_back_right3": {
					"rotation": ["17.5-math.cos(query.anim_time*90*0.5-270)*0.5", 0, 5]
				},
				"chest": {
					"rotation": ["10-math.cos(query.anim_time*90*0.5-90)*1", 0, 0],
					"position": [0, 0, -0.1]
				},
				"arm_left": {
					"rotation": [24.09322, 20.5206, 74.94406],
					"position": [-0.3, -0.75, -0.25]
				},
				"arm_left2": {
					"rotation": [0, 57.5, 0]
				},
				"hand_left": {
					"rotation": [0, 0, 10]
				},
				"arm_right": {
					"rotation": [24.09322, -20.5206, -74.94406],
					"position": [0.3, -0.75, -0.25]
				},
				"arm_right2": {
					"rotation": [0, -57.5, 0]
				},
				"hand_right": {
					"rotation": [0, 0, -7.5]
				},
				"neck": {
					"rotation": ["22.5-math.cos(query.anim_time*90*0.5-120)*2", 0, 0],
					"position": [0, 0, -0.4]
				},
				"head": {
					"rotation": ["17.5+math.cos(query.anim_time*90*0.5-120)*4", 0, 0]
				},
				"leg_left": {
					"rotation": [-29.72886, -9.99557, -1.35214],
					"position": [0, 0.75, -0.5]
				},
				"leg_left2": {
					"rotation": [120, 0, 0],
					"position": [0, -0.8, 0.6]
				},
				"leg_right": {
					"rotation": [-29.72886, 9.99557, 1.35214],
					"position": [0, 0.75, -0.5]
				},
				"torso": {
					"rotation": ["0-math.cos(query.anim_time*90*0.5)*0.5", 0, 0],
					"position": [0, "0-math.sin(query.anim_time*90*0.5-60)*0.1", 0]
				},
				"skirt_front_left": {
					"rotation": ["-12.5-math.cos(query.anim_time*90*0.5-90)*0.5", 0, 0]
				},
				"skirt_front_left2": {
					"rotation": ["-27.5-math.cos(query.anim_time*90*0.5-180)*0.5", 0, 0]
				},
				"skirt_front_left3": {
					"rotation": ["-37.5-math.cos(query.anim_time*90*0.5-270)*0.5", 0, 0]
				},
				"skirt_front_right": {
					"rotation": ["-12.5-math.cos(query.anim_time*90*0.5-90)*0.5", 0, 0]
				},
				"skirt_front_right2": {
					"rotation": ["-27.5-math.cos(query.anim_time*90*0.5-180)*0.5", 0, 0]
				},
				"skirt_front_right3": {
					"rotation": ["-37.5-math.cos(query.anim_time*90*0.5-270)*0.5", 0, 0]
				},
				"skirt_left": {
					"rotation": [5, 0, "-7.5-math.cos(query.anim_time*90*0.5-90)*0.5"]
				},
				"skirt_right": {
					"rotation": [5, 0, "7.5+math.cos(query.anim_time*90*0.5-90)*0.5"]
				},
				"skirt_back_left": {
					"rotation": ["12.5-math.cos(query.anim_time*90*0.5+90)*0.5", 2.5, 0]
				},
				"skirt_back_left2": {
					"rotation": ["22.5-math.cos(query.anim_time*90*0.5+180)*0.5", 0, 0]
				},
				"skirt_back_left4": {
					"rotation": ["-37.5-math.cos(query.anim_time*90*0.5-300)*0.5", 0, 0]
				},
				"skirt_back_left5": {
					"rotation": ["14.8569-math.cos(query.anim_time*90*3/2)*6", 0, 0]
				},
				"skirt_back_right": {
					"rotation": ["12.5-math.cos(query.anim_time*90*0.5+90)*0.5", -2.5, 0]
				},
				"skirt_back_right2": {
					"rotation": ["22.5-math.cos(query.anim_time*90*0.5+180)*0.5", 0, 0]
				},
				"skirt_back_right4": {
					"rotation": ["-37.5-math.cos(query.anim_time*90*0.5-300)*0.5", 0, 0]
				},
				"skirt_back_right5": {
					"rotation": ["14.8569-math.cos(query.anim_time*90*3/2)*6", -1.22686, 1.51889]
				},
				"waist": {
					"rotation": ["12.5-math.cos(query.anim_time*90*0.5-60)*0.5", 0, 0]
				},
				"finger_front_left": {
					"rotation": [0, 0, 52.5],
					"position": [-1, 0, 0]
				},
				"finger_center_left": {
					"rotation": [0, 0, 35],
					"position": [-1, 0, 0]
				},
				"finger_back_left": {
					"rotation": [0, 0, 22.5],
					"position": [-0.75, 0, 0]
				},
				"finger_front_right": {
					"rotation": [0, 0, 0]
				},
				"finger_center_right": {
					"rotation": [0, 0, -15],
					"position": [0, 0, 0]
				},
				"finger_back_right": {
					"rotation": [0, 0, -20],
					"position": [0.6, 0.2, -0.1]
				},
				"leg_right2": {
					"rotation": [120, 0, 0],
					"position": [0, -0.8, 0.6]
				},
				"body": {
					"position": [0, -10.3, 0]
				},
				"skirt": {
					"position": [0, 0.6, 0]
				},
				"eyelid_left": {
					"position": [0, 0, -0.1]
				},
				"eyelid_right": {
					"position": [0, 0, -0.1]
				},
				"dress2": {
					"rotation": [-40, 0, 0],
					"position": [0, 1, -12]
				},
				"skirt_back_left6": {
					"rotation": [0, 0, "-7.5-math.cos(query.anim_time*90*0.5-90)*0.5"]
				},
				"dress": {
					"rotation": [30, 0, 0],
					"position": [0, 1, 10]
				},
				"skirt_back_left15": {
					"rotation": [12.5, 0, 0]
				},
				"skirt_back_left16": {
					"rotation": ["-17.5-math.cos(query.anim_time*90*0.5-300)*0.5", 0, 0]
				},
				"skirt_back_right15": {
					"rotation": [12.5, 0, 0]
				},
				"skirt_back_right16": {
					"rotation": [-17.5, 0, 0]
				},
				"skirt_back_left7": {
					"rotation": [-17.5, 0, 0]
				},
				"skirt_back_left8": {
					"rotation": [22.5, 0, 0]
				},
				"skirt_back_left9": {
					"rotation": [10, 0, 0]
				},
				"skirt_back_right7": {
					"rotation": [-17.5, 0, 0]
				},
				"skirt_back_right8": {
					"rotation": [17.5, 0, 0]
				},
				"skirt_back_right9": {
					"rotation": [12.5, 0, 0]
				}
			}
		},
		"animation.cafe_gardevoir.cry": {
			"animation_length": 2,
			"bones": {
				"head": {
					"rotation": {
						"0.2083": [0, 0, 0],
						"0.4583": {
							"pre": [-20, 0, 0],
							"post": [-20, 0, 0],
							"lerp_mode": "catmullrom"
						},
						"1.0417": {
							"post": [-20, 0, 0],
							"lerp_mode": "catmullrom"
						},
						"1.4167": {
							"post": [2.5, 0, 0],
							"lerp_mode": "catmullrom"
						},
						"2.0": [0, 0, 0]
					}
				},
				"mouth_open": {
					"position": {
						"0.125": [0, 0, 0],
						"0.25": {
							"pre": [0, 0, 0],
							"post": [0, -0.1, -0.1]
						},
						"1.375": {
							"pre": [0, -0.1, -0.1],
							"post": [0, -0.1, -0.1]
						},
						"1.5": {
							"pre": [0, -0.1, -0.1],
							"post": [0, 0, 0]
						}
					}
				},
				"chest": {
					"rotation": {
						"0.0": [0, 0, 0],
						"0.2083": {
							"pre": [5, 0, 0],
							"post": [5, 0, 0],
							"lerp_mode": "catmullrom"
						},
						"0.9583": {
							"post": [-2.37, 0, 0],
							"lerp_mode": "catmullrom"
						},
						"1.7917": [0, 0, 0]
					}
				},
				"neck": {
					"rotation": {
						"0.0": [0, 0, 0],
						"0.3333": [5, 0, 0],
						"1.5": [0, 0, 0]
					}
				}
			},
			"sound_effects": {
				"0.25": {
					"effect": "pokemon.gardevoir.cry"
				}
			}
		}
	}
}