{
    "type": "minecraft:crafting_shaped",
    "category": "misc",
    "pattern": [
      "WBb",
      "BB ",
      "   "
    ],
    "key": {
        "W": {
            "item": "minecraft:white_wool"
        },
        "B": {
            "item": "minecraft:black_wool"
        },
        "b": {
            "item": "minecraft:black_carpet"
        }
    },    
    "result": {
      "id": "minecraft:carved_pumpkin",
      "components": {
        "minecraft:custom_model_data": 350,
        "minecraft:item_name": "\"Aqua Grunt Bandana\""
      },
      "count": 1
    },
    "show_notification": false
}
