{
    "type": "minecraft:crafting_shaped",
    "category": "misc",
    "pattern": [
      "aRR",
      "rRR",
      "   "
    ],
    "key": {
      "a": {
            "item": "minecraft:amethyst_shard"
    },
      "R": {
            "item": "minecraft:red_wool"
    },
      "r": {
            "item": "minecraft:red_carpet"
    } 
  },
    "result": {
      "id": "minecraft:carved_pumpkin",
      "components": {
        "minecraft:custom_model_data": 6011,
        "minecraft:item_name": "\"Calem's Hat & Glasses\""
      },
      "count": 1
    },
    "show_notification": false
}
