{
    "type": "minecraft:crafting_shaped",
    "category": "misc",
    "pattern": [
     "GaG",
     "   ",
     "   "
    ],
    "key": {
      "G": {
            "item": "minecraft:red_stained_glass"
    },
      "a": {
            "item": "minecraft:amethyst_shard"
    }
  },
    "result": {
      "id": "minecraft:carved_pumpkin",
      "components": {
        "minecraft:custom_model_data": 650,
        "minecraft:item_name": "\"Flare Grunt Glasses\""
      },
      "count": 1
    },
    "show_notification": false
}
