{
    "type": "minecraft:crafting_shaped",
    "category": "misc",
    "pattern": [
      "CCC",
      "c c",
      "   "
    ],
    "key": {
      "C": {
            "item": "minecraft:cyan_wool"
    },
      "c": {
            "item": "minecraft:cyan_carpet"
    }
  },   
    "result": {
      "id": "minecraft:carved_pumpkin",
      "components": {
        "minecraft:custom_model_data": 450,
        "minecraft:item_name": "\"Galactic Grunt Wig\""
      },
      "count": 1
    },
    "show_notification": false
}
