{
    "type": "minecraft:crafting_shaped",
    "category": "misc",
    "pattern": [
      "   ",
      "wWw",
      "   "
    ],
    "key": {
        "w": {
            "item": "minecraft:white_carpet"
        },
        "W": {
            "item": "minecraft:white_wool"
        }
    },    
    "result": {
      "id": "minecraft:carved_pumpkin",
      "components": {
        "minecraft:custom_model_data": 1022,
        "minecraft:item_name": "\"Leaf's Sunhat\""
      },
      "count": 1
    },
    "show_notification": false
}