{
    "type": "minecraft:crafting_shaped",
    "category": "misc",
    "pattern": [
      " WW",
      "wWR",
      "   "
    ],
    "key": {
        "W": {
            "item": "minecraft:white_wool"
        },
        "w": {
            "item": "minecraft:white_carpet"
        },
        "R": {
            "item": "minecraft:red_wool"
        }
    },    
    "result": {
      "id": "minecraft:carved_pumpkin",
      "components": {
        "minecraft:custom_model_data": 2033,
        "minecraft:item_name": "\"Lyra's Ribbon Hat\""
      },
      "count": 1
    },
    "show_notification": false
}
