{
    "type": "minecraft:crafting_shaped",
    "category": "misc",
    "pattern": [
      "   ",
      "rrR",
      "   "
    ],
    "key": {
      "r": {
            "item": "minecraft:red_carpet"
    },
      "R": {
            "item": "minecraft:red_wool"
    }
  },
    "result": {
      "id": "minecraft:carved_pumpkin",
      "components": {
        "minecraft:custom_model_data": 5033,
        "minecraft:item_name": "\"Nate's Visor\""
      },
      "count": 1
    },
    "show_notification": false
}
