{
    "type": "minecraft:crafting_shaped",
    "category": "misc",
    "pattern": [
      " BB",
      "bBB",
      "   "
    ],
    "key": {
        "B": {
            "item": "minecraft:black_wool"
        },
        "b": {
            "item": "minecraft:black_carpet"
        }
    },
    "result": {
      "id": "minecraft:carved_pumpkin",
      "components": {
        "minecraft:custom_model_data": 150,
        "minecraft:item_name": "\"Rocket Grunt Hat\""
      },
      "count": 1
    },
    "show_notification": false
  }