{
    "type": "minecraft:crafting_shaped",
    "category": "misc",
    "pattern": [
      "   ",
      "ppW",
      "   "
    ],
    "key": {
      "p": {
            "item": "minecraft:pink_carpet"
    },
      "W": {
            "item": "minecraft:white_wool"
    }
  },
    "result": {
      "id": "minecraft:carved_pumpkin",
      "components": {
        "minecraft:custom_model_data": 5044,
        "minecraft:item_name": "\"Rosa's Visor\""
      },
      "count": 1
    },
    "show_notification": false
}
