{
    "type": "minecraft:crafting_shaped",
    "category": "misc",
    "pattern": [
      "   ",
      "BWW",
      "   "
    ],
    "key": {
      "B": {
            "item": "minecraft:black_wool"
    },
      "W": {
            "item": "minecraft:white_wool"
    }
  },
    "result": {
      "id": "minecraft:carved_pumpkin",
      "components": {
        "minecraft:custom_model_data": 750,
        "minecraft:item_name": "\"Skull Grunt Beanie\""
    },
    "count": 1
  },
    "show_notification": false
}
