{
    "type": "minecraft:crafting_shaped",
    "category": "misc",
    "pattern": [
      "iii",
      "nni",
      "   "
    ],
    "key": {
      "i": {
            "item": "minecraft:iron_ingot"
    },
      "n": {
            "item": "minecraft:gold_nugget"
    }
  },
    "result": {
      "id": "minecraft:carved_pumpkin",
      "components": {
        "minecraft:custom_model_data": 950,
        "minecraft:item_name": "\"Star Grunt Helmet\""
      },
      "count": 1
    },
    "show_notification": false
}
