{
	"format_version": "1.12.0",
	"minecraft:geometry": [
		{
			"description": {
				"identifier": "geometry.calyrex_shadow",
				"texture_width": 512,
				"texture_height": 512,
				"visible_bounds_width": 13,
				"visible_bounds_height": 7.5,
				"visible_bounds_offset": [0, 3.25, 0]
			},
			"bones": [
				{
					"name": "calyrex_shadow",
					"pivot": [0, 0, 0]
				},
				{
					"name": "spectrier",
					"parent": "calyrex_shadow",
					"pivot": [-1.9, 37, -4.4],
					"rotation": [-12, 0, 0]
				},
				{
					"name": "bone2",
					"parent": "spectrier",
					"pivot": [-1.9, 39.3, 11.7],
					"rotation": [15, 0, 0]
				},
				{
					"name": "bone4",
					"parent": "bone2",
					"pivot": [13.7, 29.4, 30.1]
				},
				{
					"name": "leg_b_right",
					"parent": "bone4",
					"pivot": [8.5125, 16.38477, 40.71807],
					"cubes": [
						{"origin": [5.2, 9.3, 33.9], "size": [7, 7, 7], "inflate": -1, "pivot": [5.2, 4.3, 34.9], "rotation": [22, 0, 0], "uv": [221, 130]},
						{"origin": [5.2, 20.69194, 28.67938], "size": [7, 17, 8], "inflate": -0.2, "pivot": [12.2, 27.6, 30.4], "rotation": [29, 0, 0], "uv": [94, 187]},
						{"origin": [5.2, 13.00043, 30.42443], "size": [7, 15, 7], "inflate": -0.7, "pivot": [12.2, 18.7, 31.4], "rotation": [-5, 0, 0], "uv": [0, 206]},
						{"origin": [4.2, 29.76042, 23.71103], "size": [8, 20, 13], "pivot": [12.2, 39.8, 27.7], "rotation": [8, 0, 0], "uv": [0, 127]},
						{"origin": [5, 1.3, 29.1], "size": [7, 5, 7], "inflate": -0.5, "pivot": [5, -3.7, 30.1], "rotation": [-1, 0, 0], "uv": [213, 186]},
						{"origin": [8.4, 1.3, 46.2], "size": [0, 13, 19], "pivot": [4.4, -3.7, 47.2], "rotation": [6, 0, 0], "uv": [139, 139]},
						{"origin": [8.4, 3.9, 62.2], "size": [0, 11, 19], "uv": [141, 14]},
						{"origin": [8.4, 1.3, 32.1], "size": [0, 10, 14], "pivot": [4.4, -3.7, 33.1], "rotation": [-1, 0, 0], "uv": [0, 146]}
					]
				},
				{
					"name": "leg_f_right",
					"parent": "bone4",
					"pivot": [13.3, 13, -8.4],
					"cubes": [
						{"origin": [6.3, 3.96042, -13.38897], "size": [7, 4, 7], "inflate": -0.5, "pivot": [13.3, 13, -11.4], "rotation": [-3, 0, 0], "uv": [233, 232]}
					]
				},
				{
					"name": "bone6",
					"parent": "leg_f_right",
					"pivot": [13.3, 18.6, -10.9],
					"cubes": [
						{"origin": [6.3, 31.96042, -13.28897], "size": [7, 16, 14], "uv": [158, 84]}
					]
				},
				{
					"name": "bone7",
					"parent": "bone6",
					"pivot": [13.3, 34.1, -9.9],
					"cubes": [
						{"origin": [6.3, 24.26042, -11.88897], "size": [7, 14, 10], "inflate": -0.2, "pivot": [13.3, 32.3, -10.9], "rotation": [-15, 0, 0], "uv": [60, 177]}
					]
				},
				{
					"name": "bone8",
					"parent": "bone7",
					"pivot": [13.3, 17.5, -11.8],
					"rotation": [-7, 0, 0],
					"cubes": [
						{"origin": [6.3, 12.91156, -13.88811], "size": [7, 16, 8], "inflate": -1, "pivot": [13.3, 23, -10.5], "rotation": [2, 0, 0], "uv": [191, 191]}
					]
				},
				{
					"name": "bone9",
					"parent": "bone8",
					"pivot": [13.3, 17.5, -11.9],
					"rotation": [-2, 0, 0],
					"cubes": [
						{"origin": [6.3, 9.66974, -15.02779], "size": [7, 7, 8], "inflate": -1.5, "pivot": [13.3, 18.3, -11.7], "rotation": [23, 0, 0], "uv": [209, 115]}
					]
				},
				{
					"name": "leg_f_left",
					"parent": "bone4",
					"pivot": [-13.4, 13, -8.4],
					"cubes": [
						{"origin": [-13.4, 3.96042, -13.38897], "size": [7, 4, 7], "inflate": -0.5, "pivot": [-13.4, 13, -11.4], "rotation": [-3, 0, 0], "uv": [228, 53]}
					]
				},
				{
					"name": "bone11",
					"parent": "leg_f_left",
					"pivot": [-13.4, 18.6, -10.9],
					"cubes": [
						{"origin": [-13.4, 31.96042, -13.28897], "size": [7, 16, 14], "uv": [28, 153]}
					]
				},
				{
					"name": "bone12",
					"parent": "bone11",
					"pivot": [-13.4, 34.1, -9.9],
					"cubes": [
						{"origin": [-13.4, 24.26042, -11.88897], "size": [7, 14, 10], "inflate": -0.2, "pivot": [-13.4, 32.3, -10.9], "rotation": [-15, 0, 0], "uv": [0, 173]}
					]
				},
				{
					"name": "bone13",
					"parent": "bone12",
					"pivot": [-13.4, 17.5, -12],
					"rotation": [-6, 0, 0],
					"cubes": [
						{"origin": [-13.4, 12.93599, -14.08875], "size": [7, 16, 8], "inflate": -1, "pivot": [-13.4, 23, -10.7], "rotation": [2, 0, 0], "uv": [26, 189]}
					]
				},
				{
					"name": "bone14",
					"parent": "bone13",
					"pivot": [-13.4, 17.5, -12.1],
					"rotation": [-2, 0, 0],
					"cubes": [
						{"origin": [-13.4, 9.69305, -15.22045], "size": [7, 7, 8], "inflate": -1.5, "pivot": [-13.4, 18.3, -11.9], "rotation": [23, 0, 0], "uv": [206, 56]}
					]
				},
				{
					"name": "leg_b_left",
					"parent": "bone4",
					"pivot": [15.7, 29.4, 30.1],
					"cubes": [
						{"origin": [-11.5, 29.76042, 23.71103], "size": [8, 20, 13], "pivot": [-11.5, 39.8, 27.7], "rotation": [8, 0, 0], "uv": [124, 0]},
						{"origin": [-11.6, 20.69194, 28.37938], "size": [7, 17, 8], "inflate": -0.2, "pivot": [-11.6, 27.6, 30.1], "rotation": [29, 0, 0], "uv": [184, 39]},
						{"origin": [-11.5, 13.00043, 30.42443], "size": [7, 15, 7], "inflate": -0.7, "pivot": [-11.5, 18.7, 31.4], "rotation": [-5, 0, 0], "uv": [56, 201]},
						{"origin": [-11.5, 9.3, 33.9], "size": [7, 7, 7], "inflate": -1, "pivot": [-4.5, 4.3, 34.9], "rotation": [22, 0, 0], "uv": [219, 19]},
						{"origin": [-11.3, 1.3, 29.1], "size": [7, 5, 7], "inflate": -0.5, "pivot": [-4.3, -3.7, 30.1], "rotation": [-1, 0, 0], "uv": [104, 0]},
						{"origin": [-7.9, 1.3, 32.1], "size": [0, 10, 14], "pivot": [-11.9, -3.7, 33.1], "rotation": [-1, 0, 0], "uv": [154, 185]},
						{"origin": [-7.9, 1.3, 46.1], "size": [0, 13, 19], "pivot": [-11.9, -3.7, 47.1], "rotation": [6, 0, 0], "uv": [70, 140]},
						{"origin": [-7.9, 3.9, 62.5], "size": [0, 11, 19], "uv": [150, 95]}
					]
				},
				{
					"name": "bodymain",
					"parent": "spectrier",
					"pivot": [-0.5, 38.8, -16.4],
					"rotation": [9, 0, 0]
				},
				{
					"name": "bone3",
					"parent": "bodymain",
					"pivot": [-1.5, 34.8, 12.5],
					"rotation": [5, 0, 0],
					"cubes": [
						{"origin": [-9.5, 32.82149, 6.39846], "size": [19, 12, 15], "inflate": -0.01, "pivot": [-1.5, 33.6, 10.4], "rotation": [-6, 0, 0], "uv": [66, 87]},
						{"origin": [-9.5, 31.13277, 20.83854], "size": [19, 16, 14], "inflate": 1, "pivot": [-1.5, 36.1, 26.3], "rotation": [-4, 0, 0], "uv": [0, 73]},
						{"origin": [-9.5, 35.83277, 7.03854], "size": [19, 11, 17], "pivot": [-1.5, 34.8, 12.5], "rotation": [8, 0, 0], "uv": [69, 17]}
					]
				},
				{
					"name": "bone34",
					"parent": "bone3",
					"pivot": [-1.5, 35.8, 28.2],
					"rotation": [-52, 0, 0],
					"cubes": [
						{"origin": [-3.5, 42.33277, 24.53854], "size": [7, 7, 15], "pivot": [-1.5, 38.3, 30], "rotation": [38, 0, 0], "uv": [162, 158]},
						{"origin": [-5.5, 45.43277, 34.83854], "size": [11, 12, 13], "pivot": [-1.5, 42.4, 40.3], "rotation": [24, 0, 0], "uv": [139, 133]},
						{"origin": [-5.5, 43.93277, 40.83854], "size": [11, 13, 13], "inflate": -0.1, "pivot": [-1.5, 41.9, 46.3], "rotation": [-1, 0, 0], "uv": [91, 133]},
						{"origin": [-4.5, 47.43277, 52.43854], "size": [9, 9, 11], "inflate": -0.3, "pivot": [-1.5, 41.4, 55.9], "rotation": [19, 0, 0], "uv": [133, 171]},
						{"origin": [-3.5, 54.03277, 60.83854], "size": [7, 7, 12], "inflate": -0.3, "pivot": [-1.5, 46, 66.3], "rotation": [35, 0, 0], "uv": [161, 180]},
						{"origin": [-0.1, 58.93277, 66.33854], "size": [0, 12, 20], "pivot": [-1.1, 52.9, 71.8], "rotation": [35, 0, 0], "uv": [42, 121]}
					]
				},
				{
					"name": "bone35",
					"parent": "bone34",
					"pivot": [-1.5, 59.8, 70],
					"rotation": [17, 0, 0]
				},
				{
					"name": "bone",
					"parent": "bodymain",
					"pivot": [-0.5, 41.2, -16.4],
					"rotation": [-8, 0, 0]
				},
				{
					"name": "bone5",
					"parent": "bone",
					"pivot": [-1.5, 32.8, -3.3],
					"cubes": [
						{"origin": [-10.5, 37.98773, -11.06422], "size": [21, 12, 22], "inflate": 1, "pivot": [-1.5, 36.8, -7], "rotation": [-4, 0, 0], "uv": [0, 0]},
						{"origin": [-8.5, 33.03568, -17.07462], "size": [17, 7, 12], "inflate": -0.01, "pivot": [-0.5, 41.2, -16.4], "rotation": [78.5, 0, 0], "uv": [104, 114]},
						{"origin": [-8.5, 42.9865, -13.66355], "size": [17, 7, 12], "pivot": [-0.5, 43.1, -16.7], "rotation": [-63.5, 0, 0], "uv": [116, 45]},
						{"origin": [-8.5, 30.77275, -11.07583], "size": [17, 13, 24], "inflate": -0.01, "pivot": [-1.5, 32.8, -3.3], "rotation": [17, 0, 0], "uv": [0, 34]}
					]
				},
				{
					"name": "bone10",
					"parent": "bone",
					"pivot": [-0.5, 43.7, -7.4],
					"rotation": [23, 0, 0],
					"cubes": [
						{"origin": [-6.5, 36.53568, -10.77462], "size": [13, 11, 13.6], "inflate": -0.01, "pivot": [-0.5, 43.7, -10.1], "rotation": [101.5, 0, 0], "uv": [120, 74]},
						{"origin": [-4.5, 51.93568, -12.67462], "size": [9, 9, 12], "inflate": 0.2, "pivot": [-0.5, 57.1, -12], "rotation": [101.5, 0, 0], "uv": [166, 0]},
						{"origin": [-6.5, 37.53568, -8.07462], "size": [13, 10, 14], "inflate": -0.02, "pivot": [-0.5, 43.7, -7.4], "rotation": [107.5, 0, 0], "uv": [0, 103]}
					]
				},
				{
					"name": "bone15",
					"parent": "bone10",
					"pivot": [-0.5, 64.4, -17.3],
					"cubes": [
						{"origin": [-6.5, 60.93568, -16.67462], "size": [13, 15, 12], "pivot": [-0.5, 69.1, -15], "rotation": [94.5, 0, 0], "uv": [54, 114]},
						{"origin": [-0.8, 58.73568, -8.77462], "size": [9, 12, 0], "pivot": [5.2, 63.9, -18.1], "rotation": [93.54881, -2.76871, 37.91421], "uv": [153, 0]},
						{"origin": [-8.2, 58.83568, -9.87462], "size": [9, 12, 0], "pivot": [-5.2, 64, -19.2], "rotation": [93.54881, 2.76871, -37.91421], "uv": [126, 133]},
						{"origin": [-4.6, 63.33568, -27.57462], "size": [9, 14, 6], "pivot": [-0.6, 70.5, -25.9], "rotation": [108.58524, -2.10128, 0.63143], "uv": [200, 95]},
						{"origin": [-3.6, 69.3265, -9.25905], "size": [7, 16, 2], "inflate": 0.2, "pivot": [-0.6, 67, -12.6], "rotation": [104.5, 0, 0], "uv": [66, 248]}
					]
				},
				{
					"name": "bone21",
					"parent": "bone15",
					"pivot": [3, 81.4, -24.9],
					"cubes": [
						{"origin": [-0.2, 67.9901, -36.60873], "size": [4, 2, 4], "pivot": [0.8, 79.7, -33.4], "rotation": [94.5, 0, 0], "uv": [56, 153]},
						{"origin": [1.4753, 78.54122, -31.09589], "size": [4, 0, 6], "pivot": [6, 79.4, -24], "rotation": [43.9688, -9.39256, -17.73757], "uv": [46, 73]},
						{"origin": [3.14126, 77.39566, -33.93261], "size": [4, 0, 6], "pivot": [7.9, 77.8, -25.5], "rotation": [72.77035, -40.59636, -9.84811], "uv": [0, 73]},
						{"origin": [5.72982, 71.70399, -35.49178], "size": [4, 0, 8], "pivot": [10.2, 71.9, -26.1], "rotation": [75.09204, -57.60301, -6.38765], "uv": [50, 34]},
						{"origin": [-0.8, 69.2901, -25.70873], "size": [4, 4, 5], "inflate": -0.5, "pivot": [0.2, 81, -22.5], "rotation": [90.5, 0, 0], "uv": [118, 159]},
						{"origin": [-1, 65.9901, -30.90873], "size": [4, 8, 5], "pivot": [0, 79.7, -27.7], "rotation": [94.5, 0, 0], "uv": [29, 127]},
						{"origin": [-1.5247, 80.9858, -28.22237], "size": [6, 0, 4], "pivot": [3, 81.4, -22.9], "rotation": [62.9688, -9.39256, -17.73757], "uv": [0, 17]}
					]
				},
				{
					"name": "bone32",
					"parent": "bone15",
					"pivot": [-4.5, 83.5, -15],
					"cubes": [
						{"origin": [-0.75525, 76.33981, -15.84579], "size": [10, 0, 11], "pivot": [4.6, 81.1, -14.5], "rotation": [97.62628, 53.7576, 6.16347], "uv": [73, 0]},
						{"origin": [-6.05525, 76.33981, -12.44579], "size": [10, 0, 11], "pivot": [-0.7, 81.1, -11.1], "rotation": [-105.93544, 73.39516, 164.69732], "uv": [47, 45]},
						{"origin": [-9.83481, 75.87648, -15.84579], "size": [10, 0, 11], "pivot": [-4.3, 81.1, -14.5], "rotation": [96.35094, -44.82365, -4.48618], "uv": [53, 11]},
						{"origin": [-4.33481, 75.87648, -12.14579], "size": [10, 0, 11], "pivot": [1.2, 81.1, -10.8], "rotation": [-109.28297, -76.25587, -161.23], "uv": [53, 0]}
					]
				},
				{
					"name": "bone33",
					"parent": "bone15",
					"pivot": [-9.82477, 82.69226, -6.37202],
					"cubes": [
						{"origin": [-7, 73.99129, -17.53756], "size": [14, 14, 4], "pivot": [-0.5, 79.9, -15], "rotation": [94.5, 0, 0], "uv": [186, 77]},
						{"origin": [-2.58354, 89.70372, -9.41148], "size": [7, 4, 3], "inflate": -0.1, "pivot": [9.92477, 82.69226, -6.97202], "rotation": [121.71753, -63.25704, 56.02729], "uv": [133, 66]},
						{"origin": [-4.01646, 89.70372, -9.41148], "size": [7, 4, 3], "inflate": -0.1, "pivot": [-9.52477, 82.69226, -6.97202], "rotation": [121.71753, 63.25704, -56.02729], "uv": [104, 45]}
					]
				},
				{
					"name": "bone19",
					"parent": "bone10",
					"pivot": [-0.5, 41.5, -11.8]
				},
				{
					"name": "bone17",
					"parent": "bone19",
					"pivot": [-6.1, 79, -15.9],
					"rotation": [0.99663, -66.19681, -11.79155],
					"cubes": [
						{"origin": [-5.64531, 43.07862, -0.69378], "size": [6, 11, 5], "inflate": -0.8, "pivot": [-2.64531, 48.57862, 1.80622], "rotation": [28.41566, -8.27768, 14.9008], "uv": [44, 240]},
						{"origin": [-4.34531, 58.30629, -9.48696], "size": [6, 12, 5], "inflate": -0.11, "pivot": [-1.34531, 64.30629, -6.98696], "rotation": [28.14449, -9.22532, 16.68282], "uv": [231, 105]},
						{"origin": [-5.44531, 50.30629, -4.98696], "size": [6, 12, 5], "inflate": -0.4, "pivot": [-2.44531, 56.30629, -2.48696], "rotation": [29.19677, 4.41799, -7.8488], "uv": [76, 231]},
						{"origin": [-4.95469, 67.13593, -15.19454], "size": [8, 14, 5], "inflate": -0.1, "pivot": [-0.95469, 74.13593, -12.69454], "rotation": [35.7864, 7.84451, -3.41821], "uv": [208, 0]}
					]
				},
				{
					"name": "bone23",
					"parent": "bone17",
					"pivot": [0.05864, 44.03943, 5.52031],
					"rotation": [0, 0, -19],
					"cubes": [
						{"origin": [-13.14531, 20.48629, 12.05988], "size": [10, 24, 0], "pivot": [-8.14531, 32.48629, 12.05988], "rotation": [27.51035, -11.09318, 20.27645], "uv": [200, 215]},
						{"origin": [-8.44531, 32.17111, 6.35925], "size": [6, 11, 5], "inflate": -0.8, "pivot": [-5.44531, 37.67111, 8.85925], "rotation": [25.12878, -15.98345, 30.41559], "uv": [240, 210]},
						{"origin": [-6.34531, 39.06004, 3.23652], "size": [6, 9, 5], "inflate": -0.5, "pivot": [-3.34531, 43.56004, 5.73652], "rotation": [29.5, 0, 0], "uv": [142, 245]}
					]
				},
				{
					"name": "bone18",
					"parent": "bone19",
					"pivot": [-6.4, 79.1, -10.7],
					"rotation": [55.06553, -82.25626, -75.20892],
					"cubes": [
						{"origin": [-12.63974, 67.52969, -10.96102], "size": [8, 14, 5], "inflate": -0.1, "pivot": [-8.63974, 74.52969, -8.46102], "rotation": [37.76533, -6.84178, 12.24359], "uv": [28, 213]},
						{"origin": [-14.83974, 60.30004, -5.55344], "size": [6, 12, 5], "inflate": -0.11, "pivot": [-11.83974, 66.30004, -3.05344], "rotation": [25.3842, -15.55677, 29.47581], "uv": [230, 88]},
						{"origin": [-16.83974, 53.40004, -1.05344], "size": [6, 12, 5], "inflate": -0.4, "pivot": [-13.83974, 59.40004, 1.44656], "rotation": [42.48504, 0.9847, -1.74088], "uv": [150, 228]}
					]
				},
				{
					"name": "bone31",
					"parent": "bone18",
					"pivot": [-15.42477, 55.99226, 3.32798],
					"rotation": [11, 0, 19],
					"cubes": [
						{"origin": [-17.73974, 42.4538, 6.97004], "size": [6, 9, 5], "inflate": -0.5, "pivot": [-14.73974, 46.9538, 9.47004], "rotation": [28.41566, 8.27768, -14.9008], "uv": [0, 245]},
						{"origin": [-17.13974, 34.56487, 10.49277], "size": [6, 11, 5], "inflate": -0.8, "pivot": [-14.13974, 40.06487, 12.99277], "rotation": [29.3653, -2.95045, 5.22676], "uv": [240, 33]},
						{"origin": [-16.43974, 22.48005, 16.1934], "size": [10, 24, 0], "pivot": [-11.43974, 34.48005, 16.1934], "rotation": [27.99746, 9.6959, -17.57735], "uv": [180, 215]},
						{"origin": [-17.83974, 47.27238, 3.73973], "size": [6, 11, 5], "inflate": -0.8, "pivot": [-14.83974, 52.77238, 6.23973], "rotation": [28.86672, -6.35977, 11.36157], "uv": [216, 239]}
					]
				},
				{
					"name": "bone24",
					"parent": "bone19",
					"pivot": [2.2, 77.79642, -9.39164],
					"rotation": [20.05676, 25.80912, -9.18463]
				},
				{
					"name": "bone25",
					"parent": "bone24",
					"pivot": [-1.44275, 50.14236, -7.69993],
					"rotation": [1.25315, 40.96515, 6.26227],
					"cubes": [
						{"origin": [-4.44275, 41.32989, -9.06958], "size": [6, 11, 5], "inflate": -0.8, "pivot": [-1.44275, 46.82989, -6.56958], "rotation": [29.5, 0, 0], "uv": [194, 239]},
						{"origin": [-4.04275, 12.03757, 1.38408], "size": [10, 24, 0], "pivot": [0.95725, 24.03757, 1.38408], "rotation": [13.5, 14, 0], "uv": [130, 215]},
						{"origin": [-2.94275, 27.32238, -2.71655], "size": [6, 11, 5], "inflate": -0.8, "pivot": [0.05725, 32.82238, -0.21655], "rotation": [5.94651, 17.06729, -20.52364], "uv": [172, 239]},
						{"origin": [-4.44275, 35.21132, -5.13928], "size": [6, 9, 5], "inflate": -0.5, "pivot": [-1.44275, 39.71132, -2.63928], "rotation": [29.5, 0, 0], "uv": [244, 64]}
					]
				},
				{
					"name": "bone26",
					"parent": "bone24",
					"pivot": [5.35725, 79.64236, -0.09993],
					"rotation": [-23.47657, -14.58788, 8.97954],
					"cubes": [
						{"origin": [-3.64275, 63.6872, -6.77034], "size": [8, 14, 5], "inflate": -0.1, "pivot": [0.35725, 70.6872, -4.27034], "rotation": [29.3653, -2.95045, 5.22676], "uv": [84, 212]},
						{"origin": [-3.74275, 55.25756, -3.46276], "size": [6, 12, 5], "inflate": -0.11, "pivot": [-0.74275, 61.25756, -0.96276], "rotation": [14.24453, 2.73833, -10.65778], "uv": [0, 228]},
						{"origin": [-2.64275, 47.25756, -0.16276], "size": [6, 12, 5], "inflate": -0.4, "pivot": [0.35725, 53.25756, 2.33724], "rotation": [36.39561, 2.97167, -4.02289], "uv": [54, 223]}
					]
				},
				{
					"name": "bone27",
					"parent": "bone19",
					"pivot": [7.3, 78.2, -10.2],
					"rotation": [-57.97514, 83.41642, -38.26626],
					"cubes": [
						{"origin": [5.43974, 65.84583, -14.28555], "size": [8, 14, 5], "inflate": -0.1, "pivot": [10.82477, 77.79226, -11.87202], "rotation": [35.31663, -3.44046, 6.09983], "uv": [154, 209]},
						{"origin": [4.2758, 58.32305, -7.82805], "size": [6, 12, 5], "inflate": -0.11, "pivot": [7.92477, 68.29226, -4.47202], "rotation": [28.41566, 8.27768, -14.9008], "uv": [222, 71]},
						{"origin": [6.23974, 50.54265, -1.79511], "size": [6, 12, 5], "inflate": -0.4, "pivot": [9.23974, 57.50004, 1.24656], "rotation": [29.04683, -5.3914, 9.60238], "uv": [221, 198]}
					]
				},
				{
					"name": "bone30",
					"parent": "bone27",
					"pivot": [17.42477, 55.29226, 3.02798],
					"rotation": [10, 0, -19],
					"cubes": [
						{"origin": [6.03974, 42.14273, 4.69277], "size": [6, 9, 5], "inflate": -0.5, "pivot": [9.03974, 49.2538, 8.67004], "rotation": [28.14449, -9.22532, 16.68282], "uv": [238, 243]},
						{"origin": [3.13974, 34.86487, 9.69277], "size": [6, 11, 5], "inflate": -0.8, "pivot": [6.13974, 40.36487, 12.19277], "rotation": [28.86672, -6.35977, 11.36157], "uv": [120, 239]},
						{"origin": [1.83974, 22.98005, 15.3934], "size": [10, 24, 0], "pivot": [6.83974, 34.98005, 15.3934], "rotation": [29.46634, 1.47676, -2.61165], "uv": [110, 215]},
						{"origin": [5.73974, 47.27238, 2.73973], "size": [6, 11, 5], "inflate": -0.8, "pivot": [8.73974, 52.77238, 5.23973], "rotation": [29.31663, 3.44046, -6.09983], "uv": [98, 239]}
					]
				},
				{
					"name": "bone28",
					"parent": "bone19",
					"pivot": [6.3, 79, -17],
					"rotation": [6.11607, 65.67499, 14.12662],
					"cubes": [
						{"origin": [-2.65469, 43.27862, -1.79378], "size": [6, 11, 5], "inflate": -0.8, "pivot": [0.34531, 48.77862, 0.70622], "rotation": [28.41566, 8.27768, -14.9008], "uv": [134, 98]},
						{"origin": [-3.95469, 66.73593, -15.59454], "size": [8, 14, 5], "inflate": -0.1, "pivot": [0.04531, 73.73593, -13.09454], "rotation": [29.31663, -3.44046, 6.09983], "uv": [206, 167]},
						{"origin": [-2.95469, 58.30629, -10.58696], "size": [6, 12, 5], "inflate": -0.11, "pivot": [0.04531, 64.30629, -8.08696], "rotation": [28.76533, 6.84178, -12.24359], "uv": [221, 144]},
						{"origin": [-2.65469, 50.30629, -6.08696], "size": [6, 12, 5], "inflate": -0.4, "pivot": [0.34531, 56.30629, -3.58696], "rotation": [28.41566, -8.27768, 14.9008], "uv": [0, 0]}
					]
				},
				{
					"name": "bone29",
					"parent": "bone28",
					"pivot": [0.14136, 44.03943, 3.82031],
					"rotation": [-10, 0, 19],
					"cubes": [
						{"origin": [1.54531, 21.38629, 8.25988], "size": [10, 24, 0], "pivot": [6.54531, 33.38629, 8.25988], "rotation": [25.87162, 14.69164, -27.60788], "uv": [0, 34]},
						{"origin": [0.44531, 32.57111, 3.45925], "size": [6, 11, 5], "inflate": -0.8, "pivot": [3.44531, 38.07111, 5.95925], "rotation": [25.63181, 15.12613, -28.53994], "uv": [234, 0]},
						{"origin": [-2.05469, 38.76004, 0.73652], "size": [6, 9, 5], "inflate": -0.5, "pivot": [0.94531, 43.26004, 3.23652], "rotation": [29.5, 0, 0], "uv": [243, 194]}
					]
				},
				{
					"name": "bone20",
					"parent": "bone19",
					"pivot": [-2.8, 76.89642, -11.09164],
					"rotation": [19.33436, -42.06896, -9.09641]
				},
				{
					"name": "bone22",
					"parent": "bone20",
					"pivot": [-3.31211, 38.33123, 5.71781],
					"cubes": [
						{"origin": [-5.21211, 39.91876, -3.75184], "size": [6, 11, 5], "inflate": -0.8, "pivot": [-2.21211, 45.41876, -1.25184], "rotation": [29.19677, 4.41799, -7.8488], "uv": [241, 178]},
						{"origin": [-11.31211, 13.72643, 6.20183], "size": [10, 24, 0], "pivot": [-6.31211, 25.72643, 6.20183], "rotation": [13.68476, -4.28895, 2.56453], "uv": [220, 215]},
						{"origin": [-9.01211, 27.21125, 2.1012], "size": [6, 11, 5], "inflate": -0.8, "pivot": [-6.01211, 32.71125, 4.6012], "rotation": [7.65206, -5.62704, 17.12558], "uv": [243, 144]},
						{"origin": [-6.41211, 34.80018, 0.17847], "size": [6, 9, 5], "inflate": -0.5, "pivot": [-3.41211, 39.30018, 2.67847], "rotation": [27.84276, -10.16415, 18.47438], "uv": [247, 16]}
					]
				},
				{
					"name": "bone16",
					"parent": "bone20",
					"pivot": [-3.61211, 83.43123, -0.58219],
					"rotation": [-11, 17, 0],
					"cubes": [
						{"origin": [-3.31211, 65.07607, -8.75259], "size": [8, 14, 5], "inflate": -0.1, "pivot": [0.68789, 72.07607, -6.25259], "rotation": [19.33097, 24.71355, 8.34374], "uv": [214, 34]},
						{"origin": [-1.61211, 55.24642, -5.44501], "size": [6, 12, 5], "inflate": -0.11, "pivot": [1.38789, 61.24642, -2.94501], "rotation": [24.46398, 1.33978, -2.68955], "uv": [232, 161]},
						{"origin": [-3.31211, 47.04642, -0.64501], "size": [6, 12, 5], "inflate": -0.4, "pivot": [-0.31211, 53.04642, 1.85499], "rotation": [33.17718, -12.82262, 21.60727], "uv": [22, 232]}
					]
				},
				{
					"name": "bone36",
					"parent": "calyrex_shadow",
					"pivot": [0.49667, 51.5, 15],
					"cubes": [
						{"origin": [-2.58331, 57.3, 13], "size": [5, 6, 5], "inflate": -0.8, "uv": [92, 114]},
						{"origin": [-3.08331, 49.3, 13], "size": [6, 10, 5], "uv": [242, 122]},
						{"origin": [-3.08331, 62, 12], "size": [6, 6, 6], "uv": [40, 103]},
						{"origin": [3, 64.3, 13], "size": [0, 2, 3], "pivot": [0.15, 64.3, 15], "rotation": [5, 0, 0], "uv": [16, 16]},
						{"origin": [-3.2, 64.3, 13], "size": [0, 2, 3], "pivot": [-0.21662, 64.3, 15], "rotation": [5, 0, 0], "uv": [16, 14]},
						{"origin": [-2.08331, 61.7, 9.3], "size": [4, 3, 4], "inflate": 0.2, "pivot": [-1.08331, 62.7, 10.3], "rotation": [9, 0, 0], "uv": [159, 77]}
					]
				},
				{
					"name": "bone37",
					"parent": "bone36",
					"pivot": [0.49667, 57.5, 14.5]
				},
				{
					"name": "bone38",
					"parent": "bone37",
					"pivot": [8.49667, 52.5, 13.4],
					"cubes": [
						{"origin": [-8.5, 67.3, 6.3], "size": [17, 16, 17], "uv": [65, 54]},
						{"origin": [-7.5, 66.9, 19.3], "size": [15, 13, 5], "inflate": -0.1, "pivot": [1.5, 67.9, 26.3], "rotation": [-15, 0, 0], "uv": [179, 21]},
						{"origin": [-7.5, 66.9, 4.7], "size": [15, 13, 5], "inflate": -0.1, "pivot": [1.5, 71.9, 2.7], "rotation": [15, 0, 0], "uv": [174, 125]},
						{"origin": [-9.89667, 66.9, 7.3], "size": [5, 13, 15], "inflate": -0.1, "pivot": [-11.89667, 67.9, 13.3], "rotation": [0, 0, -15], "uv": [93, 159]},
						{"origin": [4.89667, 66.9, 7.3], "size": [5, 13, 15], "inflate": -0.1, "pivot": [11.89667, 67.9, 13.3], "rotation": [0, 0, 15], "uv": [159, 49]}
					]
				},
				{
					"name": "bone40",
					"parent": "bone37",
					"pivot": [-8.09667, 57.5, 22.3],
					"rotation": [-2.02491, 8.99447, -0.3167],
					"cubes": [
						{"origin": [2.33625, 66.13324, 25.08366], "size": [5, 9, 0], "pivot": [8.69667, 67.5, 22.9], "rotation": [-22.29391, 26.47856, 2.89369], "uv": [0, 127]},
						{"origin": [3.49864, 59.52402, 26.53953], "size": [5, 7, 0], "pivot": [6.19667, 66.3, 25.9], "rotation": [-106.84351, 28.03059, 3.24099], "uv": [0, 170]},
						{"origin": [3.93625, 73.56575, 27.50571], "size": [5, 6, 0], "pivot": [10.29667, 74.6, 25.4], "rotation": [-0.29391, 26.47856, 2.89369], "uv": [133, 174]}
					]
				},
				{
					"name": "bone39",
					"parent": "bone37",
					"pivot": [7.93004, 57.5, 22.3],
					"rotation": [-2.02491, -8.99447, 0.3167],
					"cubes": [
						{"origin": [-7.50288, 66.13324, 25.08366], "size": [5, 9, 0], "pivot": [-8.86329, 67.5, 22.9], "rotation": [-22.29391, -26.47856, -2.89369], "uv": [54, 115]},
						{"origin": [-8.66526, 59.52402, 26.53953], "size": [5, 7, 0], "pivot": [-6.36329, 66.3, 25.9], "rotation": [-106.84351, -28.03059, -3.24099], "uv": [166, 21]},
						{"origin": [-9.10288, 73.56575, 27.50571], "size": [5, 6, 0], "pivot": [-10.46329, 74.6, 25.4], "rotation": [-0.29391, -26.47856, -2.89369], "uv": [128, 168]}
					]
				},
				{
					"name": "bone41",
					"parent": "bone37",
					"pivot": [7.93004, 57.5, 7.7],
					"rotation": [2.02491, 8.99447, 0.3167],
					"cubes": [
						{"origin": [-7.15401, 66.33329, 4.47106], "size": [5, 9, 0], "pivot": [-8.86329, 67.5, 7.1], "rotation": [22.29391, 26.47856, -2.89369], "uv": [0, 103]},
						{"origin": [-8.30323, 59.97719, 3.61396], "size": [5, 7, 0], "pivot": [-6.36329, 66.3, 4.1], "rotation": [106.84351, 28.03059, -3.24099], "uv": [162, 125]},
						{"origin": [-8.75401, 73.58443, 2.0065], "size": [5, 6, 0], "pivot": [-10.46329, 74.6, 4.6], "rotation": [0.29391, 26.47856, -2.89369], "uv": [118, 168]}
					]
				},
				{
					"name": "bone42",
					"parent": "bone37",
					"pivot": [-8.09667, 57.5, 7.7],
					"rotation": [2.02491, -8.99447, -0.3167],
					"cubes": [
						{"origin": [1.98739, 66.33329, 4.47106], "size": [5, 9, 0], "pivot": [8.69667, 67.5, 7.1], "rotation": [22.29391, -26.47856, 2.89369], "uv": [66, 87]},
						{"origin": [3.13661, 59.97719, 3.61396], "size": [5, 7, 0], "pivot": [6.19667, 66.3, 4.1], "rotation": [106.84351, -28.03059, 3.24099], "uv": [162, 44]},
						{"origin": [3.58739, 73.58443, 2.0065], "size": [5, 6, 0], "pivot": [10.29667, 74.6, 4.6], "rotation": [0.29391, -26.47856, 2.89369], "uv": [162, 51]}
					]
				},
				{
					"name": "wing",
					"parent": "bone36",
					"pivot": [-1.23638, 58.8, 20],
					"rotation": [30, 0, 0],
					"cubes": [
						{"origin": [-0.76362, 38.8, 19], "size": [15, 24, 0], "pivot": [1.23638, 58.8, 20], "rotation": [17, 0, -19], "uv": [191, 143]},
						{"origin": [-14.23638, 38.8, 19], "size": [15, 24, 0], "pivot": [-1.23638, 58.8, 20], "rotation": [17, 0, 19], "uv": [124, 191]}
					]
				},
				{
					"name": "bone44",
					"parent": "bone36",
					"pivot": [3.15, 57.4, 15.1],
					"rotation": [-38, 0, 0],
					"cubes": [
						{"origin": [4.35, 53.7, 14.1], "size": [1, 6, 1], "inflate": 0.6, "pivot": [5.35, 54.7, 13.1], "rotation": [0, 0, -33], "uv": [10, 110]},
						{"origin": [5.15, 51.4, 14.1], "size": [1, 6, 1], "inflate": 0.2, "pivot": [6.15, 53.4, 13.1], "rotation": [0, 0, -33], "uv": [112, 114]}
					]
				},
				{
					"name": "bone45",
					"parent": "bone36",
					"pivot": [-6.31662, 54.2, 10.9],
					"rotation": [-45, 0, 0],
					"cubes": [
						{"origin": [-5.51662, 54.5, 11.9], "size": [1, 6, 1], "inflate": 0.6, "pivot": [-5.51662, 55.5, 10.9], "rotation": [0, 0, 33], "uv": [10, 103]},
						{"origin": [-6.31662, 52.2, 11.9], "size": [1, 6, 1], "inflate": 0.2, "pivot": [-6.31662, 54.2, 10.9], "rotation": [0, 0, 33], "uv": [104, 0]}
					]
				},
				{
					"name": "cleg1",
					"parent": "bone36",
					"pivot": [3.81669, 49.8, 15.5],
					"rotation": [0, 0, -76],
					"cubes": [
						{"origin": [3.31669, 43.3, 15], "size": [1, 8, 1], "uv": [76, 87]},
						{"origin": [0.21669, 36.8, 16.1], "size": [1, 8, 1], "pivot": [0.71669, 39.3, 16.6], "rotation": [11.86701, -1.55503, 35.89618], "uv": [61, 71]}
					]
				},
				{
					"name": "cleg2",
					"parent": "bone36",
					"pivot": [-3.81669, 49.8, 15.5],
					"rotation": [0, 0, 76],
					"cubes": [
						{"origin": [-4.31669, 43.3, 15], "size": [1, 8, 1], "uv": [20, 43]},
						{"origin": [-1.21669, 36.8, 16.1], "size": [1, 8, 1], "pivot": [-0.71669, 39.3, 16.6], "rotation": [11.86701, 1.55503, -35.89618], "uv": [20, 34]}
					]
				},
				{
					"name": "bone43",
					"parent": "bone36",
					"pivot": [4.65, 60.1, 13.9],
					"cubes": [
						{"origin": [-0.35, 57.5, 11.9], "size": [3, 3, 3], "inflate": 0.2, "pivot": [1.65, 58.5, 10.9], "rotation": [25.87555, 39.1332, 18.22245], "uv": [56, 159]},
						{"origin": [-1.58331, 56.7, 10.1], "size": [3, 3, 3], "inflate": 0.1, "pivot": [0.41669, 56.7, 9.1], "rotation": [19, 0, 0], "uv": [28, 160]},
						{"origin": [-2.81662, 57.5, 11.9], "size": [3, 3, 3], "inflate": 0.2, "pivot": [-1.81662, 58.5, 10.9], "rotation": [25.87555, -39.1332, -18.22245], "uv": [0, 79]},
						{"origin": [-5.81662, 59.1, 14.9], "size": [3, 3, 3], "inflate": 0.4, "pivot": [-4.81662, 60.1, 13.9], "rotation": [12.16734, 8.90406, 9.65851], "uv": [52, 79]},
						{"origin": [3.45, 60.1, 18.9], "size": [3, 3, 3], "inflate": 0.5, "pivot": [4.45, 60.1, 17.9], "rotation": [33.98563, -57.75198, -40.27646], "uv": [125, 0]},
						{"origin": [-6.61662, 60.1, 18.9], "size": [3, 3, 3], "inflate": 0.5, "pivot": [-4.61662, 60.1, 17.9], "rotation": [33.98563, 57.75198, 40.27646], "uv": [66, 96]},
						{"origin": [2.65, 59.1, 14.9], "size": [3, 3, 3], "inflate": 0.4, "pivot": [4.65, 60.1, 13.9], "rotation": [12.16734, -8.90406, -9.65851], "uv": [79, 150]}
					]
				},
				{
					"name": "bone46",
					"parent": "bone36",
					"pivot": [8.4, 68.7, -28],
					"rotation": [6, 0, 0],
					"cubes": [
						{"origin": [-15.4743, 66.85554, -31.62847], "size": [13, 0, 2], "pivot": [-8.4, 68.7, -28], "rotation": [100.72839, 40.89093, -10.09445], "uv": [32, 71]},
						{"origin": [-20.8, 65.13169, -20.51627], "size": [13, 0, 2], "pivot": [-10.8, 65.2, -19.1], "rotation": [-28.42663, 65.10819, -129.25881], "uv": [76, 45]},
						{"origin": [-19.3, 60.23169, -9.41627], "size": [13, 0, 2], "pivot": [-9.3, 60.3, -8], "rotation": [32.41925, 46.73007, -53.66931], "uv": [76, 47]},
						{"origin": [-22.1, 52.93169, -0.01627], "size": [13, 0, 2], "pivot": [-12.1, 53, 1.4], "rotation": [-25.97617, 49.93685, -127.24596], "uv": [76, 49]},
						{"origin": [-8.5, 46.6529, 8.60878], "size": [17, 2, 0], "pivot": [0, 47.6529, 8.60878], "rotation": [-23, 0, 0], "uv": [0, 71]},
						{"origin": [9.1, 52.93169, -0.01627], "size": [13, 0, 2], "pivot": [12.1, 53, 1.4], "rotation": [-25.97617, -49.93685, 127.24596], "uv": [76, 51]},
						{"origin": [6.3, 60.23169, -9.41627], "size": [13, 0, 2], "pivot": [9.3, 60.3, -8], "rotation": [32.41925, -46.73007, 53.66931], "uv": [82, 12]},
						{"origin": [7.8, 65.13169, -20.51627], "size": [13, 0, 2], "pivot": [10.8, 65.2, -19.1], "rotation": [-28.42663, -65.10819, 129.25881], "uv": [82, 14]},
						{"origin": [2.4743, 66.85554, -31.62847], "size": [13, 0, 2], "pivot": [8.4, 68.7, -28], "rotation": [100.72839, -40.89093, 10.09445], "uv": [114, 64]}
					]
				}
			]
		}
	]
}