{
	"format_version": "1.12.0",
	"minecraft:geometry": [
		{
			"description": {
				"identifier": "geometry.arctosyrin",
				"texture_width": 256,
				"texture_height": 256,
				"visible_bounds_width": 40,
				"visible_bounds_height": 15,
				"visible_bounds_offset": [0, 5.5, 0]
			},
			"bones": [
				{
					"name": "arctosyrin",
					"pivot": [0, 0, 0]
				},
				{
					"name": "body",
					"parent": "arctosyrin",
					"pivot": [0, 14, 0],
					"rotation": [90, 0, 0]
				},
				{
					"name": "torso",
					"parent": "body",
					"pivot": [0, -1, -0.5],
					"cubes": [
						{"origin": [-9, -4, -10], "size": [18, 5, 14], "uv": [96, 204]},
						{"origin": [-12, 1, -13], "size": [24, 18, 18], "uv": [162, 206]}
					]
				},
				{
					"name": "chest",
					"parent": "torso",
					"pivot": [0, 22.51133, 3.28675],
					"cubes": [
						{"origin": [-14, 18, -14], "size": [28, 11, 10], "uv": [86, 223]},
						{"origin": [-15.5, 18, -4], "size": [31, 11, 21], "uv": [0, 224]},
						{"origin": [-17, 20, 2], "size": [4, 7, 7], "pivot": [-15, 20, 3], "rotation": [35, 0, 0], "uv": [233, 163]},
						{"origin": [13, 19, 2], "size": [4, 7, 7], "pivot": [15, 19, 3], "rotation": [35, 0, 0], "uv": [233, 163], "mirror": true},
						{"origin": [-14.5, 29, -13], "size": [29, 10, 29], "uv": [0, 0]},
						{"origin": [-9.5, 34, -10], "size": [19, 13, 23], "pivot": [0, 40.5, 1.5], "rotation": [-7.5, 0, 0], "uv": [172, 0]},
						{"origin": [-12, 10, 11], "size": [24, 8, 6], "uv": [160, 242]},
						{"origin": [-14, 9, -9], "size": [28, 9, 20], "uv": [0, 195]},
						{"origin": [-11, 3, 4], "size": [22, 6, 7], "uv": [98, 150]}
					]
				},
				{
					"name": "tail",
					"parent": "torso",
					"pivot": [-0.5, -4, 3],
					"rotation": [-90, 0, 0],
					"cubes": [
						{"origin": [-6.5, -16, 2], "size": [12, 12, 8], "inflate": 0.03, "uv": [0, 175]}
					]
				},
				{
					"name": "tail2",
					"parent": "tail",
					"pivot": [0, -15.275, 10],
					"cubes": [
						{"origin": [-5.5, -15.25, 8.5], "size": [10, 11, 8], "inflate": 0.02, "uv": [40, 176]}
					]
				},
				{
					"name": "tail3",
					"parent": "tail2",
					"pivot": [0, -4.5, 16.5],
					"cubes": [
						{"origin": [-4, -12.5, 15], "size": [7, 8, 7], "inflate": 0.01, "uv": [76, 200]}
					]
				},
				{
					"name": "tail_fin",
					"parent": "tail3",
					"pivot": [0.5, -4.5, 19],
					"rotation": [5, 0, 0]
				},
				{
					"name": "tail4",
					"parent": "tail3",
					"pivot": [0, -4.75, 22],
					"cubes": [
						{"origin": [-3, -9.75, 21], "size": [5, 5, 6], "uv": [76, 189]}
					]
				},
				{
					"name": "tail5",
					"parent": "tail4",
					"pivot": [0, -5.25, 27],
					"cubes": [
						{"origin": [-2, -8.25, 25.5], "size": [3, 3, 4], "uv": [97, 197]}
					]
				},
				{
					"name": "neck1",
					"parent": "torso",
					"pivot": [0, 40, 5],
					"rotation": [-90, 0, 0],
					"cubes": [
						{"origin": [-5, 33, -8], "size": [10, 15, 13], "uv": [9, 123]}
					]
				},
				{
					"name": "neck2",
					"parent": "neck1",
					"pivot": [0, 43, -8.5],
					"cubes": [
						{"origin": [-4, 36, -25], "size": [8, 12, 17], "uv": [8, 84]}
					]
				},
				{
					"name": "neck3",
					"parent": "neck2",
					"pivot": [0, 42.5, -25.5],
					"cubes": [
						{"origin": [-3, 37, -42], "size": [6, 11, 17], "uv": [51, 142]}
					]
				},
				{
					"name": "neck4",
					"parent": "neck3",
					"pivot": [0, 44.5, -42.5],
					"cubes": [
						{"origin": [-3, 37, -59], "size": [6, 11, 17], "inflate": 0.01, "uv": [64, 103]}
					]
				},
				{
					"name": "neck5",
					"parent": "neck4",
					"pivot": [0, 43.5, -58.5],
					"cubes": [
						{"origin": [-3, 37, -76], "size": [6, 11, 17], "uv": [104, 122]}
					]
				},
				{
					"name": "neck6",
					"parent": "neck5",
					"pivot": [0, 43.5, -75.5],
					"cubes": [
						{"origin": [-3, 37, -93], "size": [6, 11, 17], "inflate": 0.01, "uv": [147, 146]}
					]
				},
				{
					"name": "head",
					"parent": "neck6",
					"pivot": [0, 40.54833, -83.85704],
					"cubes": [
						{"origin": [-4, 35, -120], "size": [8, 12, 15], "uv": [202, 112]},
						{"origin": [-5, 34, -96], "size": [10, 16, 13], "pivot": [0, 45, -91], "rotation": [-5, 0, 0], "uv": [153, 60]},
						{"origin": [-6, 33, -114], "size": [12, 18, 19], "uv": [194, 70]}
					]
				},
				{
					"name": "eyes",
					"parent": "head",
					"pivot": [-5, 43, -119],
					"cubes": [
						{"origin": [2.1, 40, -120.1], "size": [2, 5, 4], "uv": [150, 100]},
						{"origin": [-4.1, 40, -120.1], "size": [2, 5, 4], "uv": [150, 100], "mirror": true}
					]
				},
				{
					"name": "jawtop",
					"parent": "head",
					"pivot": [0, 42.5, -119.5],
					"cubes": [
						{"origin": [-2, 40, -128], "size": [4, 4, 8], "uv": [167, 102]},
						{"origin": [-2, 40, -134], "size": [4, 6, 6], "uv": [162, 122]}
					]
				},
				{
					"name": "jawbottom",
					"parent": "head",
					"pivot": [0, 43.5, -119.75],
					"cubes": [
						{"origin": [-2, 37, -126], "size": [4, 3, 6], "uv": [202, 182]},
						{"origin": [-2, 37, -131], "size": [4, 3, 5], "uv": [203, 174]}
					]
				},
				{
					"name": "legs",
					"parent": "body",
					"pivot": [0, 3, -7],
					"rotation": [-45, 0, 0]
				},
				{
					"name": "frontleg_left",
					"parent": "legs",
					"pivot": [16.25, 26.93934, -25.11092],
					"rotation": [-45, 0, 0],
					"cubes": [
						{"origin": [14, 21.93934, -28.61092], "size": [4, 5, 6], "uv": [220, 242], "mirror": true},
						{"origin": [14, 17.93934, -28.61092], "size": [5, 4, 8], "uv": [228, 211], "mirror": true}
					]
				},
				{
					"name": "leg_left5",
					"parent": "frontleg_left",
					"pivot": [14, 17.93934, -28.61092]
				},
				{
					"name": "leg_left_rot2",
					"parent": "leg_left5",
					"pivot": [16.5, 17.93934, -28.61092],
					"cubes": [
						{"origin": [14, 5.93934, -28.61092], "size": [5, 12, 9], "inflate": 0.01, "uv": [228, 190], "mirror": true},
						{"origin": [14, 9.93934, -28.61092], "size": [0, 5, 2], "uv": [233, 192], "mirror": true}
					]
				},
				{
					"name": "leg_left6",
					"parent": "leg_left_rot2",
					"pivot": [16, 5.93934, -28.61092],
					"cubes": [
						{"origin": [14, 0.93934, -28.61092], "size": [4, 5, 6], "uv": [208, 191], "mirror": true}
					]
				},
				{
					"name": "frontleg_right",
					"parent": "legs",
					"pivot": [-16.25, 26.93934, -25.11092],
					"rotation": [-45, 0, 0],
					"cubes": [
						{"origin": [-18, 21.93934, -28.61092], "size": [4, 5, 6], "uv": [220, 242]},
						{"origin": [-19, 17.93934, -28.61092], "size": [5, 4, 8], "uv": [228, 211]}
					]
				},
				{
					"name": "leg_right5",
					"parent": "frontleg_right",
					"pivot": [-14, 17.93934, -28.61092]
				},
				{
					"name": "leg_right_rot2",
					"parent": "leg_right5",
					"pivot": [-16.5, 17.93934, -28.61092],
					"cubes": [
						{"origin": [-19, 5.93934, -28.61092], "size": [5, 12, 9], "inflate": 0.01, "uv": [228, 190]},
						{"origin": [-14, 9.93934, -28.61092], "size": [0, 5, 2], "uv": [233, 192]}
					]
				},
				{
					"name": "leg_right6",
					"parent": "leg_right_rot2",
					"pivot": [-16, 5.93934, -28.61092],
					"cubes": [
						{"origin": [-18, 0.93934, -28.61092], "size": [4, 5, 6], "uv": [208, 191]}
					]
				},
				{
					"name": "leg_left",
					"parent": "legs",
					"pivot": [12, 3, -7],
					"rotation": [-45, 0, 0],
					"cubes": [
						{"origin": [10, 0, -10], "size": [4, 5, 6], "uv": [220, 242], "mirror": true},
						{"origin": [10, -4, -11], "size": [5, 4, 8], "uv": [228, 211], "mirror": true}
					]
				},
				{
					"name": "leg_left2",
					"parent": "leg_left",
					"pivot": [12.5, -4, -11]
				},
				{
					"name": "leg_left_rot",
					"parent": "leg_left2",
					"pivot": [10, -4, -11.5],
					"cubes": [
						{"origin": [10, -16, -11.5], "size": [5, 12, 9], "inflate": 0.01, "uv": [228, 190], "mirror": true},
						{"origin": [15.02, -12, -8], "size": [0, 5, 2], "uv": [233, 192], "mirror": true}
					]
				},
				{
					"name": "leg_left3",
					"parent": "leg_left_rot",
					"pivot": [12, -16, -10],
					"cubes": [
						{"origin": [10, -20, -10], "size": [4, 4, 6], "uv": [208, 191], "mirror": true}
					]
				},
				{
					"name": "leg_right",
					"parent": "legs",
					"pivot": [-12, 3, -7],
					"rotation": [-45, 0, 0],
					"cubes": [
						{"origin": [-14, 0, -10], "size": [4, 5, 6], "uv": [220, 242]},
						{"origin": [-15, -4, -11], "size": [5, 4, 8], "uv": [228, 211]}
					]
				},
				{
					"name": "leg_right2",
					"parent": "leg_right",
					"pivot": [-12.5, -4, -11]
				},
				{
					"name": "leg_right_rot",
					"parent": "leg_right2",
					"pivot": [-10, -4, -11.5],
					"cubes": [
						{"origin": [-15, -16, -11.5], "size": [5, 12, 9], "inflate": 0.01, "uv": [228, 190]},
						{"origin": [-15.02, -12, -8], "size": [0, 5, 2], "uv": [233, 192]}
					]
				},
				{
					"name": "leg_right3",
					"parent": "leg_right_rot",
					"pivot": [-12, -16, -10],
					"cubes": [
						{"origin": [-14, -20, -10], "size": [4, 4, 6], "uv": [208, 191]}
					]
				}
			]
		}
	]
}