{
	"format_version": "1.12.0",
	"minecraft:geometry": [
		{
			"description": {
				"identifier": "geometry.arcanine",
				"texture_width": 256,
				"texture_height": 128,
				"visible_bounds_width": 11,
				"visible_bounds_height": 7,
				"visible_bounds_offset": [0, 2.5, 0]
			},
			"bones": [
				{
					"name": "arcanine",
					"pivot": [0, 0, 0]
				},
				{
					"name": "body",
					"parent": "arcanine",
					"pivot": [0, -1, 0]
				},
				{
					"name": "torso",
					"parent": "body",
					"pivot": [0.5, 16, 7],
					"cubes": [
						{"origin": [-5.5, 10, -4], "size": [11, 11, 15], "uv": [39, 16]}
					]
				},
				{
					"name": "upper_torso",
					"parent": "torso",
					"pivot": [0.5, 21, -1],
					"cubes": [
						{"origin": [-6.5, 9, -14], "size": [13, 13, 13], "uv": [0, 31]}
					]
				},
				{
					"name": "neck",
					"parent": "upper_torso",
					"pivot": [0, 21.25, -7.5],
					"rotation": [32.5, 0, 0],
					"cubes": [
						{"origin": [-4.5, 17.25, -13.75], "size": [9, 12, 8], "uv": [82, 7]},
						{"origin": [-2, 20.25, -6.5], "size": [4, 4, 4], "pivot": [0, 22.25, -4], "rotation": [-17.5, 0, 0], "uv": [153, 98]},
						{"origin": [-2, 24.15518, -5.83424], "size": [4, 4, 4], "pivot": [0, 26.15518, -3.13424], "rotation": [-32.5, 0, 0], "uv": [153, 98]}
					]
				},
				{
					"name": "chest_fluff_right3",
					"parent": "neck",
					"pivot": [-4.45675, 25.40185, -7.49997],
					"rotation": [5, 100, -10],
					"cubes": [
						{"origin": [-7.45675, 25.40185, -20.49997], "size": [7, 0, 13], "pivot": [-3.95675, 25.40185, -13.99997], "rotation": [0, 0, -12.5], "uv": [133, 115], "mirror": true}
					]
				},
				{
					"name": "chest_fluff_right4",
					"parent": "neck",
					"pivot": [-4.09407, 25.13132, -5.7031],
					"rotation": [-160.87739, 25.28811, 178.11071],
					"cubes": [
						{"origin": [-7.09407, 25.13132, -18.7031], "size": [7, 0, 13], "uv": [147, 115], "mirror": true}
					]
				},
				{
					"name": "chest_fluff_right5",
					"parent": "neck",
					"pivot": [-6.41513, 24.74896, -8.83829],
					"rotation": [-63.69751, 78.83105, -83.25979],
					"cubes": [
						{"origin": [-9.41513, 24.74896, -21.83829], "size": [7, 0, 13], "uv": [161, 115], "mirror": true}
					]
				},
				{
					"name": "chest_fluff_right6",
					"parent": "neck",
					"pivot": [-5.99122, 23.93755, -5.6918],
					"rotation": [-166.5498, 41.70738, 169.04107],
					"cubes": [
						{"origin": [-8.99122, 23.93755, -16.6918], "size": [7, 0, 13], "uv": [161, 115], "mirror": true}
					]
				},
				{
					"name": "chest_fluff_right2",
					"parent": "neck",
					"pivot": [-3.78869, 25.9, -12.45315],
					"rotation": [8.45654, 60.06419, -1.73792],
					"cubes": [
						{"origin": [-7.78869, 25.9, -25.45315], "size": [7, 0, 13], "uv": [133, 115], "mirror": true}
					]
				},
				{
					"name": "chest_fluff_left6",
					"parent": "neck",
					"pivot": [5.99122, 23.93755, -5.6918],
					"rotation": [-166.5498, -41.70738, -169.04107],
					"cubes": [
						{"origin": [1.99122, 23.93755, -16.6918], "size": [7, 0, 13], "uv": [161, 115]}
					]
				},
				{
					"name": "chest_fluff_left5",
					"parent": "neck",
					"pivot": [6.41513, 24.74896, -8.83829],
					"rotation": [-63.69751, -78.83105, 83.25979],
					"cubes": [
						{"origin": [2.41513, 24.74896, -21.83829], "size": [7, 0, 13], "uv": [161, 115]}
					]
				},
				{
					"name": "chest_fluff_left4",
					"parent": "neck",
					"pivot": [4.09407, 25.13132, -5.7031],
					"rotation": [-160.87739, -25.28811, -178.11071],
					"cubes": [
						{"origin": [0.09407, 25.13132, -18.7031], "size": [7, 0, 13], "uv": [147, 115]}
					]
				},
				{
					"name": "chest_fluff_left3",
					"parent": "neck",
					"pivot": [4.45675, 25.40185, -7.49997],
					"rotation": [5, -100, 10],
					"cubes": [
						{"origin": [0.45675, 25.40185, -20.49997], "size": [7, 0, 13], "pivot": [3.95675, 25.40185, -13.99997], "rotation": [0, 0, 12.5], "uv": [133, 115]}
					]
				},
				{
					"name": "chest_fluff_left2",
					"parent": "neck",
					"pivot": [3.78869, 25.9, -12.45315],
					"rotation": [8.45654, -60.06419, 1.73792],
					"cubes": [
						{"origin": [0.78869, 25.9, -25.45315], "size": [7, 0, 13], "uv": [133, 115]}
					]
				},
				{
					"name": "head",
					"parent": "neck",
					"pivot": [0, 29.5, -7.75],
					"rotation": [-32.5, 0, 0],
					"cubes": [
						{"origin": [-1, 31.06147, -4.41272], "size": [2, 2, 2], "pivot": [0, 32.06147, -3.11272], "rotation": [-5, 0, 0], "uv": [156, 94]},
						{"origin": [-5, 25, -13], "size": [10, 9, 9], "uv": [59, 67]},
						{"origin": [-0.5, 30.5, -13.05], "size": [1, 4, 0], "uv": [145, 111]},
						{"origin": [0, 31.5, -13.04], "size": [1, 2, 0], "pivot": [0, 32.5, -13.05], "rotation": [0, 0, 90], "uv": [147, 113]},
						{"origin": [-4, 27.25, -16.75], "size": [8, 3, 4], "uv": [79, 0]},
						{"origin": [-3.5, 25.75, -13.02], "size": [7, 3, 0], "inflate": -0.01, "uv": [103, 37]},
						{"origin": [-1, 29.25, -16.75], "size": [2, 1, 1], "inflate": 0.01, "uv": [0, 3]},
						{"origin": [5, 25.7, -11.75], "size": [2, 2, 2], "pivot": [6, 26.7, -10.75], "rotation": [5, 0, 0], "uv": [145, 100]},
						{"origin": [-7, 25.7, -11.75], "size": [2, 2, 2], "pivot": [-6, 26.7, -10.75], "rotation": [5, 0, 0], "uv": [145, 100], "mirror": true},
						{"origin": [5, 27.7, -6.75], "size": [2, 2, 2], "pivot": [6, 26.7, -10.75], "rotation": [5, 0, 0], "uv": [145, 100]},
						{"origin": [-7, 27.7, -6.75], "size": [2, 2, 2], "pivot": [-6, 26.7, -10.75], "rotation": [5, 0, 0], "uv": [145, 100], "mirror": true},
						{"origin": [4.26526, 25.80428, -9.75], "size": [3, 3, 3], "pivot": [6, 27.1, -8.75], "rotation": [5, 0, 7.5], "uv": [136, 101]},
						{"origin": [-7.26526, 25.80428, -9.75], "size": [3, 3, 3], "pivot": [-6, 27.1, -8.75], "rotation": [5, 0, -7.5], "uv": [136, 101], "mirror": true},
						{"origin": [-1, 33.5, -8.75], "size": [2, 3, 2], "pivot": [0, 33.5, -7.75], "rotation": [-10, 0, 0], "uv": [147, 80]},
						{"origin": [-5.01, 32.5, -8.75], "size": [0, 3, 1], "uv": [132, 38]},
						{"origin": [5.01, 32.5, -8.75], "size": [0, 3, 1], "uv": [132, 38], "mirror": true}
					]
				},
				{
					"name": "eyes_open",
					"parent": "head",
					"pivot": [0, 30.7076, -12.02815]
				},
				{
					"name": "left_eye",
					"parent": "eyes_open",
					"pivot": [2, 31.4576, -12.52815],
					"cubes": [
						{"origin": [2, 30.5, -13], "size": [3, 2, 2], "inflate": 0.01, "uv": [93, 104]},
						{"origin": [2.5, 31, -13.01], "size": [1, 1, 0], "inflate": 0.01, "uv": [10, 8]}
					]
				},
				{
					"name": "right_eye",
					"parent": "eyes_open",
					"pivot": [-2, 31.4576, -12.52815],
					"cubes": [
						{"origin": [-5, 30.5, -13], "size": [3, 2, 2], "inflate": 0.01, "uv": [98, 52]},
						{"origin": [-3.5, 31, -13.01], "size": [1, 1, 0], "inflate": 0.01, "uv": [10, 6]}
					]
				},
				{
					"name": "left_eyelid",
					"parent": "eyes_open",
					"pivot": [3.4, 31.5, -11.9],
					"cubes": [
						{"origin": [1.9, 30.5, -12.9], "size": [3, 2, 2], "inflate": 0.03, "uv": [162, 0]}
					]
				},
				{
					"name": "right_eyelid",
					"parent": "eyes_open",
					"pivot": [-3.4, 31.5, -11.9],
					"cubes": [
						{"origin": [-4.9, 30.5, -12.9], "size": [3, 2, 2], "inflate": 0.03, "uv": [162, 4], "mirror": true}
					]
				},
				{
					"name": "jaw",
					"parent": "head",
					"pivot": [0, 27.2076, -12.52815],
					"rotation": [-17.5, 0, 0],
					"cubes": [
						{"origin": [-3.5, 25.25, -15], "size": [7, 2, 3], "inflate": 0.01, "uv": [122, 75]},
						{"origin": [-2.5, 25.25, -16], "size": [5, 2, 1], "inflate": 0.01, "uv": [0, 9]}
					]
				},
				{
					"name": "teeth2",
					"parent": "jaw",
					"pivot": [0, 27.3576, -11.02815]
				},
				{
					"name": "left_tooth2",
					"parent": "teeth2",
					"pivot": [2.15, 27.2076, -15.17815],
					"rotation": [0, -12.5, 0],
					"cubes": [
						{"origin": [1.55, 26.7, -15.25], "size": [1, 1, 0], "pivot": [2.17268, 27.2076, -15.17723], "rotation": [-33.16757, -28.26351, 54.0759], "uv": [10, 4]}
					]
				},
				{
					"name": "right_tooth2",
					"parent": "teeth2",
					"pivot": [-2.15, 27.2076, -15.17815],
					"rotation": [0, 12.5, 0],
					"cubes": [
						{"origin": [-2.55, 26.7, -15.25], "size": [1, 1, 0], "pivot": [-2.17268, 27.2076, -15.17723], "rotation": [-33.16757, 28.26351, -54.0759], "uv": [10, 3]}
					]
				},
				{
					"name": "left_ear",
					"parent": "head",
					"pivot": [5, 31, -9.25],
					"rotation": [7.5, -40, -15],
					"cubes": [
						{"origin": [4, 29, -9.25], "size": [9, 5, 0], "uv": [123, 0], "mirror": true}
					]
				},
				{
					"name": "right_ear",
					"parent": "head",
					"pivot": [-5, 31, -9.25],
					"rotation": [7.5, 40, 15],
					"cubes": [
						{"origin": [-13, 29, -9.25], "size": [9, 5, 0], "uv": [123, 0]}
					]
				},
				{
					"name": "teeth",
					"parent": "head",
					"pivot": [0, 27.3576, -11.02815]
				},
				{
					"name": "left_tooth",
					"parent": "teeth",
					"pivot": [3.4, 27.2076, -15.92815],
					"rotation": [0, -12.5, 0],
					"cubes": [
						{"origin": [2.8, 26.7, -16], "size": [1, 1, 0], "pivot": [3.42268, 27.2076, -15.92723], "rotation": [-33.16757, -28.26351, 54.0759], "uv": [10, 7]}
					]
				},
				{
					"name": "right_tooth",
					"parent": "teeth",
					"pivot": [-3.4, 27.2076, -15.92815],
					"rotation": [0, 12.5, 0],
					"cubes": [
						{"origin": [-3.8, 26.7, -16], "size": [1, 1, 0], "pivot": [-3.42268, 27.2076, -15.92723], "rotation": [-33.16757, 28.26351, -54.0759], "uv": [10, 5]}
					]
				},
				{
					"name": "chest_fluff",
					"parent": "upper_torso",
					"pivot": [0, 21.9, -14],
					"rotation": [-7.5, 0, 0]
				},
				{
					"name": "chest_fluff_left",
					"parent": "chest_fluff",
					"pivot": [2, 19.9, -14],
					"rotation": [75.01363, -0.64686, -2.41492],
					"cubes": [
						{"origin": [0, 20.9, -26], "size": [7, 0, 13], "uv": [119, 115]}
					]
				},
				{
					"name": "chest_fluff_right",
					"parent": "chest_fluff",
					"pivot": [-2, 19.9, -14],
					"rotation": [75.01363, 0.64686, 2.41492],
					"cubes": [
						{"origin": [-7, 20.9, -26], "size": [7, 0, 13], "uv": [119, 115], "mirror": true}
					]
				},
				{
					"name": "tail",
					"parent": "torso",
					"pivot": [0, 19.75, 9.75],
					"rotation": [-37.5, 0, 0],
					"cubes": [
						{"origin": [-6, 19.5, 3.75], "size": [12, 14, 12], "inflate": 0.01, "uv": [0, 0]}
					]
				},
				{
					"name": "tail2",
					"parent": "tail",
					"pivot": [0, 36.1236, 6.19214],
					"rotation": [-10, 0, 0],
					"cubes": [
						{"origin": [-2.4, 33.1236, 6.19214], "size": [9, 12, 11], "pivot": [1.5, 40.6236, 11.69214], "rotation": [0, -7.5, 0], "uv": [216, 0]},
						{"origin": [-7.5, 32.1236, 8.69214], "size": [6, 10, 10], "pivot": [-5.5, 37.1236, 13.19214], "rotation": [-10, 0, 0], "uv": [47, 47]}
					]
				},
				{
					"name": "tail3",
					"parent": "tail2",
					"pivot": [0, 42.29371, 15.98327],
					"rotation": [27.5, 0, 0],
					"cubes": [
						{"origin": [-3.5, 41.29371, 8.98327], "size": [7, 12, 7], "uv": [86, 85]}
					]
				},
				{
					"name": "tail4",
					"parent": "tail3",
					"pivot": [0, 53.29371, 12.48327],
					"cubes": [
						{"origin": [-2, 52.29371, 10.48327], "size": [4, 5, 4], "uv": [122, 66]}
					]
				},
				{
					"name": "left_thigh",
					"parent": "body",
					"pivot": [5.5, 15.75, 6.75],
					"cubes": [
						{"origin": [2, 8.75, 2.75], "size": [6, 10, 9], "uv": [0, 81], "mirror": true}
					]
				},
				{
					"name": "left_knee",
					"parent": "left_thigh",
					"pivot": [5, 8.75, 2.75],
					"rotation": [50, 0, 0],
					"cubes": [
						{"origin": [2.5, 0.75, 2.75], "size": [5, 8, 6], "inflate": 0.01, "uv": [0, 100], "mirror": true}
					]
				},
				{
					"name": "left_ankle",
					"parent": "left_knee",
					"pivot": [5, 0.75, 8.75],
					"rotation": [-50, 0, 0],
					"cubes": [
						{"origin": [2.5, -6.25, 3.75], "size": [5, 7, 5], "uv": [49, 111], "mirror": true}
					]
				},
				{
					"name": "left_backpaw",
					"parent": "left_ankle",
					"pivot": [5, -6, 6.25],
					"cubes": [
						{"origin": [2.5, -7.5, 1.25], "size": [5, 3, 7], "inflate": 0.02, "uv": [54, 101], "mirror": true}
					]
				},
				{
					"name": "left_ankle_fluff",
					"parent": "left_ankle",
					"pivot": [5, -3.75, 5.65],
					"cubes": [
						{"origin": [2, -5.25, 2.9], "size": [6, 3, 3], "uv": [143, 0]},
						{"origin": [2, -5.25, 5.4], "size": [6, 5, 4], "inflate": 0.01, "uv": [116, 13]}
					]
				},
				{
					"name": "left_ankle_fluff2",
					"parent": "left_ankle_fluff",
					"pivot": [5.99525, -5.29345, 9.31284],
					"rotation": [27.5, 5, 2.5],
					"cubes": [
						{"origin": [3.99525, -5.29345, 9.31284], "size": [4, 5, 6], "uv": [36, 0], "mirror": true}
					]
				},
				{
					"name": "left_ankle_fluff9",
					"parent": "left_ankle_fluff2",
					"pivot": [5.9952, -3.29345, 15.31284],
					"rotation": [0, 0, 2.5],
					"cubes": [
						{"origin": [4.29525, -6.09345, 13.31284], "size": [5, 7, 7], "pivot": [6.49525, -2.79345, 18.81284], "rotation": [-7.5, 0, 0], "uv": [30, 83], "mirror": true}
					]
				},
				{
					"name": "right_thigh",
					"parent": "body",
					"pivot": [-5.5, 15.75, 6.75],
					"cubes": [
						{"origin": [-8, 8.75, 2.75], "size": [6, 10, 9], "uv": [0, 81]}
					]
				},
				{
					"name": "right_knee",
					"parent": "right_thigh",
					"pivot": [-5, 8.75, 2.75],
					"rotation": [50, 0, 0],
					"cubes": [
						{"origin": [-7.5, 0.75, 2.75], "size": [5, 8, 6], "inflate": 0.01, "uv": [0, 100]}
					]
				},
				{
					"name": "right_ankle",
					"parent": "right_knee",
					"pivot": [-5, 0.75, 8.75],
					"rotation": [-50, 0, 0],
					"cubes": [
						{"origin": [-7.5, -6.25, 3.75], "size": [5, 7, 5], "uv": [49, 111]}
					]
				},
				{
					"name": "right_backpaw",
					"parent": "right_ankle",
					"pivot": [-5, -6, 6.25],
					"cubes": [
						{"origin": [-7.5, -7.5, 1.25], "size": [5, 3, 7], "inflate": 0.02, "uv": [54, 101]}
					]
				},
				{
					"name": "right_ankle_fluff",
					"parent": "right_ankle",
					"pivot": [-5, -3.75, 5.65],
					"cubes": [
						{"origin": [-8, -5.25, 2.9], "size": [6, 3, 3], "uv": [143, 0], "mirror": true},
						{"origin": [-8, -5.25, 5.4], "size": [6, 5, 4], "inflate": 0.01, "uv": [116, 13], "mirror": true}
					]
				},
				{
					"name": "right_ankle_fluff2",
					"parent": "right_ankle_fluff",
					"pivot": [-5.99525, -5.29345, 9.31284],
					"rotation": [27.5, -5, -2.5],
					"cubes": [
						{"origin": [-7.99525, -5.29345, 9.31284], "size": [4, 5, 6], "uv": [36, 0]}
					]
				},
				{
					"name": "right_ankle_fluff9",
					"parent": "right_ankle_fluff2",
					"pivot": [-5.99525, -3.29345, 15.31284],
					"rotation": [0, 0, -2.5],
					"cubes": [
						{"origin": [-9.29525, -6.09345, 13.31284], "size": [5, 7, 7], "pivot": [-6.49525, -2.79345, 18.81284], "rotation": [-7.5, 0, 0], "uv": [30, 83]}
					]
				},
				{
					"name": "left_shoulder",
					"parent": "body",
					"pivot": [6, 15.5, -9],
					"cubes": [
						{"origin": [3, 9.5, -11.5], "size": [5, 8, 5], "inflate": 0.01, "uv": [109, 47]}
					]
				},
				{
					"name": "left_elbow",
					"parent": "left_shoulder",
					"pivot": [5.5, 9.5, -6.5],
					"cubes": [
						{"origin": [3, 1.5, -11.5], "size": [5, 8, 5], "uv": [108, 0]}
					]
				},
				{
					"name": "left_elbow_fluff",
					"parent": "left_elbow",
					"pivot": [7.48481, 7.25, -7.27365],
					"rotation": [22.5, 10, 0],
					"cubes": [
						{"origin": [6.48481, 4.75, -8.52365], "size": [2, 3, 5], "uv": [141, 7], "mirror": true}
					]
				},
				{
					"name": "left_elbow_fluff2",
					"parent": "left_elbow_fluff",
					"pivot": [8.48481, 7.25, -4.52365],
					"cubes": [
						{"origin": [8.55, 3.75, -7.52365], "size": [0, 6, 8], "uv": [0, 66], "mirror": true}
					]
				},
				{
					"name": "left_frontpaw",
					"parent": "left_elbow",
					"pivot": [5.5, 2, -9],
					"cubes": [
						{"origin": [3, 0, -13], "size": [5, 3, 6], "inflate": 0.02, "uv": [113, 98]}
					]
				},
				{
					"name": "right_shoulder",
					"parent": "body",
					"pivot": [-6, 15.5, -9],
					"cubes": [
						{"origin": [-8, 9.5, -11.5], "size": [5, 8, 5], "inflate": 0.01, "uv": [109, 47], "mirror": true}
					]
				},
				{
					"name": "right_elbow",
					"parent": "right_shoulder",
					"pivot": [-5.5, 9.5, -6.5],
					"cubes": [
						{"origin": [-8, 1.5, -11.5], "size": [5, 8, 5], "uv": [108, 0], "mirror": true}
					]
				},
				{
					"name": "right_elbow_fluff",
					"parent": "right_elbow",
					"pivot": [-7.48481, 7.25, -7.27365],
					"rotation": [22.5, -10, 0],
					"cubes": [
						{"origin": [-8.48481, 4.75, -8.52365], "size": [2, 3, 5], "uv": [141, 7]}
					]
				},
				{
					"name": "right_elbow_fluff2",
					"parent": "right_elbow_fluff",
					"pivot": [-7.48481, 7.25, -4.52365],
					"cubes": [
						{"origin": [-8.55, 3.75, -7.52365], "size": [0, 6, 8], "uv": [0, 66]}
					]
				},
				{
					"name": "right_frontpaw",
					"parent": "right_elbow",
					"pivot": [-5.5, 2, -9],
					"cubes": [
						{"origin": [-8, 0, -13], "size": [5, 3, 6], "inflate": 0.02, "uv": [113, 98], "mirror": true}
					]
				}
			]
		}
	]
}