{
    "portraitScale": 1.25,
    "portraitTranslation": [ 0, 0.7, 0 ],
    "profileScale": 0.7,
    "profileTranslation": [ 0, 0.8, 0 ],
    "animations": {
      "faint": "q.bedrock_primary('aromatisse', 'faint', q.curve('one'))",
      "cry": "q.bedrock_stateful('aromatisse', 'cry')",
      "physical": "q.bedrock_stateful('aromatisse', 'physical')",
      "special": "q.bedrock_stateful('aromatisse', 'special')",
      "status": "q.bedrock_stateful('aromatisse', 'status')",
      "howl": "q.bedrock_stateful('aromatisse', 'special')",
      "recoil": "q.bedrock_stateful('aromatisse', 'recoil')"
    },
    "poses": {
      "standing": {
        "poseName": "standing",
        "transformTicks": 10,
        "poseTypes": ["STAND", "NONE", "PORTRAIT", "PROFILE"],
        "isBattle": false,
        "animations": [
          "q.look('head')",
          "q.bedrock('aromatisse', 'ground_idle')"
        ],
        "quirks": [
          "q.bedrock_quirk('aromatisse', 'blink')",
          "q.bedrock_quirk('aromatisse', q.array('smile_quirk', 'tongue_quirk'), 60, 300, 1)"
       ]
      },
      "battle": {
        "poseName": "battle_idle",
        "transformTicks": 10,
        "poseTypes": ["STAND"],
        "isBattle": true,
        "animations": [
          "q.look('head')",
          "q.bedrock('aromatisse', 'battle_idle')"
        ],
        "quirks": [
          "q.bedrock_quirk('aromatisse', 'blink')"
       ]
      },
      "walking": {
        "poseName": "walking",
        "transformTicks": 10,
        "poseTypes": ["WALK"],
        "animations": [
          "q.bedrock('aromatisse', 'ground_walk')"
        ],
        "quirks": [
          "q.bedrock_quirk('aromatisse', 'blink')",
          "q.bedrock_quirk('aromatisse', q.array('smile_quirk', 'tongue_quirk'), 60, 300, 1)"
       ]
      },
      "sleeping": {
        "poseName": "sleeping",
        "transformTicks": 10,
        "poseTypes": ["SLEEP"],
        "animations": [
          "q.bedrock('aromatisse', 'sleep')"
        ]
      }
    }
  }