{
    "portraitScale": 1.20,
    "portraitTranslation": [0, 1, -1],
    "profileScale": 0.4,
    "profileTranslation": [0, 1.2, 0],
    "animations": {
      "faint": "q.bedrock_primary('coalossal', 'faint', q.curve('one'))",
      "cry": "q.bedrock_stateful('coalossal', 'cry')",
      "physical": "q.bedrock_stateful('coalossal', 'physical')",
      "special": "q.bedrock_stateful('coalossal', 'special')",
      "status": "q.bedrock_stateful('coalossal', 'status')",
      "howl": "q.bedrock_stateful('coalossal', 'special')",
      "recoil": "q.bedrock_stateful('coalossal', 'recoil')"
    },
    "poses": {
      "standing": {
        "poseName": "standing",
        "transformTicks": 10,
        "poseTypes": ["STAND", "NONE", "PORTRAIT", "PROFILE"],
        "isBattle": false,
        "animations": [
          "q.look('head')",
          "q.bedrock('coalossal', 'ground_idle')"
       ]
      },
      "battle": {
        "poseName": "battle_idle",
        "transformTicks": 10,
        "poseTypes": ["STAND"],
        "isBattle": true,
        "animations": [
          "q.look('head')",
          "q.bedrock('coalossal', 'battle_idle')"
        ],
        "quirks": [
          "q.bedrock_quirk('coalossal', 'blink')"
       ]
      },
      "walking": {
        "poseName": "walking",
        "transformTicks": 10,
        "poseTypes": ["WALK"],
        "animations": [
          "q.bedrock('coalossal', 'ground_walk')"
       ]
      },
      "sleeping": {
        "poseName": "sleeping",
        "transformTicks": 10,
        "poseTypes": ["SLEEP"],
        "animations": [
          "q.bedrock('coalossal', 'sleep')"
        ]
      }
    }
  }