{
    "portraitScale": 1.58,
    "portraitTranslation": [ 0, 0.1, -1 ],
    "profileScale": 0.7,
    "profileTranslation": [ 0, 0.8, 0 ],
    "animations": {
      "faint": "q.bedrock_primary('drilbur', 'faint', q.curve('one'))",
      "cry": "q.bedrock_stateful('drilbur', 'cry')",
      "physical": "q.bedrock_stateful('drilbur', 'physical')",
      "special": "q.bedrock_stateful('drilbur', 'special')",
      "status": "q.bedrock_stateful('drilbur', 'status')",
      "howl": "q.bedrock_stateful('drilbur', 'special')",
      "recoil": "q.bedrock_stateful('drilbur', 'recoil')"
    },
    "poses": {
      "standing": {
        "poseName": "standing",
        "transformTicks": 10,
        "poseTypes": ["STAND", "NONE", "PORTRAIT", "PROFILE"],
        "isBattle": false,
        "animations": [
          "q.look('head')",
          "q.bedrock('drilbur', 'ground_idle')"
       ]
      },
      "battle": {
        "poseName": "battle_idle",
        "transformTicks": 10,
        "poseTypes": ["STAND"],
        "isBattle": true,
        "animations": [
          "q.look('head')",
          "q.bedrock('drilbur', 'battle_idle')"
        ],
        "quirks": [
          "q.bedrock_quirk('drilbur', 'blink')"
       ]
      },
      "walking": {
        "poseName": "walking",
        "transformTicks": 10,
        "poseTypes": ["WALK"],
        "animations": [
          "q.bedrock('drilbur', 'ground_walk')"
       ]
      },
      "sleeping": {
        "poseName": "sleeping",
        "transformTicks": 10,
        "poseTypes": ["SLEEP"],
        "animations": [
          "q.bedrock('drilbur', 'sleep')"
        ]
      },
      "shoulder_left": {
        "poseTypes": ["SHOULDER_LEFT"],
        "animations": [
          "q.bedrock('drilbur', 'shoulder_left')"
        ],
        "quirks": ["q.bedrock_quirk('drilbur', 'blink')"]
      },
      "shoulder_right": {
        "poseTypes": ["SHOULDER_RIGHT"],
        "animations": [
          "q.bedrock('drilbur', 'shoulder_right')"
        ],
        "quirks": ["q.bedrock_quirk('drilbur', 'blink')"]
      }
    }
   }