{
    "portraitScale": 1.28,
    "portraitTranslation": [ -0, 0.7, 0 ],
    "profileScale": 0.7,
    "profileTranslation": [ 0, 0.6, -0.2 ],
    "animations": {
      "faint": "q.bedrock_primary('excadrill', 'faint', q.curve('one'))",
      "cry": "q.bedrock_stateful('excadrill', 'cry')",
      "physical": "q.bedrock_stateful('excadrill', 'physical')",
      "special": "q.bedrock_stateful('excadrill', 'special')",
      "status": "q.bedrock_stateful('excadrill', 'status')",
      "howl": "q.bedrock_stateful('excadrill', 'special')",
      "recoil": "q.bedrock_stateful('excadrill', 'recoil')"
    },
    "poses": {
      "standing": {
        "poseName": "standing",
        "transformTicks": 10,
        "poseTypes": ["STAND", "NONE", "PORTRAIT", "PROFILE"],
        "isBattle": false,
        "animations": [
          "q.look('head')",
          "q.bedrock('excadrill', 'ground_idle')"
        ],
        "quirks": [
          "q.bedrock_quirk('excadrill', 'blink')",
          "q.bedrock_quirk('excadrill', q.array('blink', 'blink'), 60, 300, 1)"
       ]
      },
      "battle": {
        "poseName": "battle_idle",
        "transformTicks": 10,
        "poseTypes": ["STAND"],
        "isBattle": true,
        "animations": [
          "q.look('head')",
          "q.bedrock('excadrill', 'battle_idle')"
        ],
        "quirks": [
          "q.bedrock_quirk('excadrill', 'blink')"
       ]
      },
      "walking": {
        "poseName": "walking",
        "transformTicks": 10,
        "poseTypes": ["WALK"],
        "animations": [
          "q.bedrock('excadrill', 'ground_walk')"
        ],
        "quirks": [
          "q.bedrock_quirk('excadrill', 'blink')",
          "q.bedrock_quirk('excadrill', q.array('blink', 'blink'), 60, 300, 1)"
       ]
      },
      "sleeping": {
        "poseName": "sleeping",
        "transformTicks": 10,
        "poseTypes": ["SLEEP"],
        "animations": [
          "q.bedrock('excadrill', 'sleep')"
        ]
      }
    }
  }