{
    "portraitScale": 1.75,
    "portraitTranslation": [ -0.1, 0.0, 0 ],
    "profileScale": 0.75,
    "profileTranslation": [ 0, 0.5, 0 ],
    "animations": {
      "faint": "q.bedrock_primary('impidimp', 'faint', q.curve('one'))",
      "cry": "q.bedrock_stateful('impidimp', 'cry')",
      "physical": "q.bedrock_stateful('impidimp', 'physical')",
      "special": "q.bedrock_stateful('impidimp', 'special')",
      "status": "q.bedrock_stateful('impidimp', 'status')",
      "howl": "q.bedrock_stateful('impidimp', 'special')",
      "recoil": "q.bedrock_stateful('impidimp', 'recoil')"
    },
    "poses": {
      "standing": {
        "poseName": "standing",
        "transformTicks": 10,
        "poseTypes": ["STAND", "NONE", "PORTRAIT", "PROFILE"],
        "isBattle": false,
        "animations": [
          "q.look('head')",
          "q.bedrock('impidimp', 'ground_idle')"
       ]
      },
      "battle": {
        "poseName": "battle_idle",
        "transformTicks": 10,
        "poseTypes": ["STAND"],
        "isBattle": true,
        "animations": [
          "q.look('head')",
          "q.bedrock('impidimp', 'battle_idle')"
        ],
        "quirks": [
          "q.bedrock_quirk('impidimp', 'blink')"
       ]
      },
      "walking": {
        "poseName": "walking",
        "transformTicks": 10,
        "poseTypes": ["WALK"],
        "animations": [
          "q.bedrock('impidimp', 'ground_walk')"
       ]
      },
      "sleeping": {
        "poseName": "sleeping",
        "transformTicks": 10,
        "poseTypes": ["SLEEP"],
        "animations": [
          "q.bedrock('impidimp', 'sleep')"
        ]
      }
    }
  }