{
    "head": "head",
    "portraitScale": 1.75,
    "portraitTranslation": [ -1.4, 2.5, 0 ],
    "profileScale": 0.32,
    "profileTranslation": [ -0, 1.2, 0 ],
    "animations": {
      "faint": "q.bedrock_primary('runerigus', 'faint', q.curve('one'))",
      "cry": "q.bedrock_stateful('runerigus', 'cry')",
      "physical": "q.bedrock_stateful('runerigus', 'physical')",
      "special": "q.bedrock_stateful('runerigus', 'special')",
      "status": "q.bedrock_stateful('runerigus', 'status')",
      "howl": "q.bedrock_stateful('runerigus', 'special')",
      "recoil": "q.bedrock_stateful('runerigus', 'recoil')"
    },
    "poses": {
      "standing": {
        "poseName": "standing",
        "transformTicks": 10,
        "poseTypes": ["STAND", "NONE", "PORTRAIT", "PROFILE"],
        "isBattle": false,
        "animations": [
          "q.look('head')",
          "q.bedrock('runerigus', 'ground_idle')"
        ],
        "quirks": [
          "q.bedrock_quirk('runerigus', 'blink')",
          "q.bedrock_quirk('runerigus', q.array('smile_quirk', 'tongue_quirk'), 60, 300, 1)"
       ]
      },
      "battle": {
        "poseName": "battle_idle",
        "transformTicks": 10,
        "poseTypes": ["STAND"],
        "isBattle": true,
        "animations": [
          "q.look('head')",
          "q.bedrock('runerigus', 'battle_idle')"
        ],
        "quirks": [
          "q.bedrock_quirk('runerigus', 'blink')"
       ]
      },
      "walking": {
        "poseName": "walking",
        "transformTicks": 10,
        "poseTypes": ["WALK"],
        "animations": [
          "q.bedrock('runerigus', 'ground_walk')"
        ],
        "quirks": [
          "q.bedrock_quirk('runerigus', 'blink')",
          "q.bedrock_quirk('runerigus', q.array('smile_quirk', 'tongue_quirk'), 60, 300, 1)"
       ]
      },
      "sleeping": {
        "poseName": "sleeping",
        "transformTicks": 10,
        "poseTypes": ["SLEEP"],
        "animations": [
          "q.bedrock('runerigus', 'sleep')"
        ]
      }
    }
  }