{
    "portraitScale": 2.2,
    "portraitTranslation": [-0, -0.5, 0.0],
    "profileScale": 0.9,
    "profileTranslation": [0.0, 0.7, 0.0],
    "animations": {
      "faint": "q.bedrock_primary('spritzee', 'faint', q.curve('one'))",
      "cry": "q.bedrock_stateful('spritzee', 'cry')",
      "physical": "q.bedrock_stateful('spritzee', 'physical')",
      "special": "q.bedrock_stateful('spritzee', 'special')",
      "status": "q.bedrock_stateful('spritzee', 'status')",
      "howl": "q.bedrock_stateful('spritzee', 'special')",
      "recoil": "q.bedrock_stateful('spritzee', 'recoil')"
    },
    "poses": {
      "standing": {
        "poseName": "standing",
        "transformTicks": 10,
        "poseTypes": ["STAND", "NONE", "PORTRAIT", "PROFILE"],
        "isBattle": false,
        "animations": [
          "q.look('head')",
          "q.bedrock('spritzee', 'ground_idle')"
        ],
        "quirks": [
          "q.bedrock_quirk('spritzee', 'blink')",
          "q.bedrock_quirk('spritzee', q.array('smile_quirk', 'tongue_quirk'), 60, 300, 1)"
       ]
      },
      "battle": {
        "poseName": "battle_idle",
        "transformTicks": 10,
        "poseTypes": ["STAND"],
        "isBattle": true,
        "animations": [
          "q.look('head')",
          "q.bedrock('spritzee', 'battle_idle')"
        ],
        "quirks": [
          "q.bedrock_quirk('spritzee', 'blink')"
       ]
      },
      "walking": {
        "poseName": "walking",
        "transformTicks": 10,
        "poseTypes": ["WALK"],
        "animations": [
          "q.bedrock('spritzee', 'ground_walk')"
        ],
        "quirks": [
          "q.bedrock_quirk('spritzee', 'blink')",
          "q.bedrock_quirk('spritzee', q.array('smile_quirk', 'tongue_quirk'), 60, 300, 1)"
       ]
      },
      "sleeping": {
        "poseName": "sleeping",
        "transformTicks": 10,
        "poseTypes": ["SLEEP"],
        "animations": [
          "q.bedrock('spritzee', 'sleep')"
        ]
      },
      "shoulder_left": {
        "poseTypes": ["SHOULDER_LEFT"],
        "animations": [
          "q.bedrock('spritzee', 'shoulder_left')"
        ],
        "quirks": ["q.bedrock_quirk('spritzee', 'blink')"]
      },
      "shoulder_right": {
        "poseTypes": ["SHOULDER_RIGHT"],
        "animations": [
          "q.bedrock('spritzee', 'shoulder_right')"
        ],
        "quirks": ["q.bedrock_quirk('spritzee', 'blink')"]
      }
    }
   }