{
    "portraitScale": 2.2,
    "portraitTranslation": [-0, -0.0, 0.0],
    "profileScale": 1,
    "profileTranslation": [0.0, 0.4, 0.0],
   "animations": {
      "faint": "q.bedrock_primary('yamask_galarian', 'faint', q.curve('one'))",
      "cry": "q.bedrock_stateful('yamask_galarian', 'cry')",
      "physical": "q.bedrock_stateful('yamask_galarian', 'physical')",
      "special": "q.bedrock_stateful('yamask_galarian', 'special')",
      "status": "q.bedrock_stateful('yamask_galarian', 'status')",
      "howl": "q.bedrock_stateful('yamask_galarian', 'special')",
      "recoil": "q.bedrock_stateful('yamask_galarian', 'recoil')"
    },
    "poses": {
      "standing": {
        "poseName": "standing",
        "transformTicks": 10,
        "poseTypes": ["STAND", "NONE", "PORTRAIT", "PROFILE"],
        "isBattle": false,
        "animations": [
          "q.look('head')",
          "q.bedrock('yamask_galarian', 'ground_idle')"
        ],
        "quirks": [
          "q.bedrock_quirk('yamask_galarian', 'blink')",
          "q.bedrock_quirk('yamask_galarian', q.array('blink', 'blink'), 60, 300, 1)"
       ]
      },
      "battle": {
        "poseName": "battle_idle",
        "transformTicks": 10,
        "poseTypes": ["STAND"],
        "isBattle": true,
        "animations": [
          "q.look('head')",
          "q.bedrock('yamask_galarian', 'battle_idle')"
        ],
        "quirks": [
          "q.bedrock_quirk('yamask_galarian', 'blink')"
       ]
      },
      "walking": {
        "poseName": "walking",
        "transformTicks": 10,
        "poseTypes": ["WALK"],
        "animations": [
          "q.bedrock('yamask_galarian', 'ground_walk')"
        ],
        "quirks": [
          "q.bedrock_quirk('yamask_galarian', 'blink')",
          "q.bedrock_quirk('yamask_galarian', q.array('blink', 'blink'), 60, 300, 1)"
       ]
      },
      "sleeping": {
        "poseName": "sleeping",
        "transformTicks": 10,
        "poseTypes": ["SLEEP"],
        "animations": [
          "q.bedrock('yamask_galarian', 'sleep')"
        ]
      }
    }
  }