{
	"format_version": "1.12.0",
	"minecraft:geometry": [
		{
			"description": {
				"identifier": "geometry.passimian",
				"texture_width": 128,
				"texture_height": 128,
				"visible_bounds_width": 4,
				"visible_bounds_height": 4,
				"visible_bounds_offset": [0, 1, 0]
			},
			"bones": [
				{
					"name": "passimian",
					"pivot": [0, 0, 0]
				},
				{
					"name": "ball",
					"parent": "passimian",
					"pivot": [10.5, 2.5, -5.5],
					"cubes": [
						{"origin": [8, 0, -8], "size": [5, 5, 5], "uv": [28, 9]}
					]
				},
				{
					"name": "body",
					"parent": "passimian",
					"pivot": [0, 12, 5],
					"rotation": [10, 0, 0],
					"cubes": [
						{"origin": [-3.5, 9, -1], "size": [7, 5, 7], "uv": [0, 0]}
					]
				},
				{
					"name": "tail",
					"parent": "body",
					"pivot": [0, 13.5, 5],
					"cubes": [
						{"origin": [-1, 12.5, 5], "size": [2, 2, 3], "uv": [52, 53]}
					]
				},
				{
					"name": "tail2",
					"parent": "tail",
					"pivot": [0, 14, 8],
					"cubes": [
						{"origin": [-1.5, 12, 8], "size": [3, 3, 5], "uv": [16, 44]}
					]
				},
				{
					"name": "tail3",
					"parent": "tail2",
					"pivot": [0, 14, 13],
					"cubes": [
						{"origin": [-2, 11.3, 13], "size": [4, 4, 8], "uv": [0, 24]}
					]
				},
				{
					"name": "tail4",
					"parent": "tail3",
					"pivot": [0, 13.5, 21],
					"cubes": [
						{"origin": [-1.5, 12, 21], "size": [3, 3, 1], "uv": [15, 60]}
					]
				},
				{
					"name": "thigh_right",
					"parent": "body",
					"pivot": [-3.5, 10.8, 5],
					"rotation": [-35, 0, 0],
					"cubes": [
						{"origin": [-5, 5.8, 3], "size": [4, 7, 4], "uv": [24, 33]}
					]
				},
				{
					"name": "leg_right",
					"parent": "thigh_right",
					"pivot": [-3, 5.8, 5],
					"rotation": [82.5, 0, 0],
					"cubes": [
						{"origin": [-4.5, 3.8, 3.5], "size": [3, 3, 3], "uv": [48, 27]},
						{"origin": [-4, -0.2, 4], "size": [2, 4, 2], "uv": [16, 36]}
					]
				},
				{
					"name": "right_foot",
					"parent": "leg_right",
					"pivot": [-3.1, -0.2, 5],
					"cubes": [
						{"origin": [-4.6, -1.2, 3], "size": [3, 1, 3], "uv": [28, 19]}
					]
				},
				{
					"name": "toes_right2",
					"parent": "right_foot",
					"pivot": [-1.9, -0.8, 4],
					"rotation": [0, -5, 0],
					"cubes": [
						{"origin": [-1.9, -1.3, 2], "size": [1, 1, 2], "uv": [28, 58]}
					]
				},
				{
					"name": "toes_right",
					"parent": "right_foot",
					"pivot": [-3.1, -0.7, 3],
					"cubes": [
						{"origin": [-4.6, -1.2, 1], "size": [3, 1, 2], "uv": [56, 33]}
					]
				},
				{
					"name": "thigh_left",
					"parent": "body",
					"pivot": [3.5, 10.8, 5],
					"rotation": [-35, 0, 0],
					"cubes": [
						{"origin": [1, 5.8, 3], "size": [4, 7, 4], "uv": [0, 36]}
					]
				},
				{
					"name": "leg_left",
					"parent": "thigh_left",
					"pivot": [3, 5.8, 5],
					"rotation": [82.5, 0, 0],
					"cubes": [
						{"origin": [1.5, 3.8, 3.5], "size": [3, 3, 3], "uv": [28, 52]},
						{"origin": [2, -0.2, 4], "size": [2, 4, 2], "uv": [32, 44]}
					]
				},
				{
					"name": "left_foot",
					"parent": "leg_left",
					"pivot": [3.1, -0.2, 5],
					"cubes": [
						{"origin": [1.6, -1.2, 3], "size": [3, 1, 3], "uv": [40, 53]}
					]
				},
				{
					"name": "toes_left2",
					"parent": "left_foot",
					"pivot": [1.9, -0.8, 4],
					"rotation": [0, 5, 0],
					"cubes": [
						{"origin": [0.9, -1.3, 2], "size": [1, 1, 2], "uv": [34, 58]}
					]
				},
				{
					"name": "toes_left",
					"parent": "left_foot",
					"pivot": [3.1, -0.7, 3],
					"cubes": [
						{"origin": [1.6, -1.2, 1], "size": [3, 1, 2], "uv": [56, 36]}
					]
				},
				{
					"name": "upperbody",
					"parent": "body",
					"pivot": [0, 12, -1],
					"rotation": [-5, 0, 0],
					"cubes": [
						{"origin": [-4, 8.5, -7], "size": [8, 6, 6], "uv": [0, 12]},
						{"origin": [-1.5, 8.49, -5.5], "size": [3, 0, 1], "uv": [15, 25]},
						{"origin": [-1.5, 9.48, -7.5], "size": [3, 0, 1], "pivot": [0, 9.49, -7], "rotation": [-90, 0, 0], "uv": [21, 25]}
					]
				},
				{
					"name": "arm_right",
					"parent": "upperbody",
					"pivot": [-4, 12.5, -5.5],
					"rotation": [-50, 0, 0],
					"cubes": [
						{"origin": [-6, 6.5, -7.5], "size": [4, 6, 4], "uv": [40, 33]},
						{"origin": [-5, 8.75, -7.51], "size": [2, 1, 0], "uv": [38, 45]},
						{"origin": [-4.5, 9, -7.51], "size": [1, 3, 0], "uv": [42, 43], "mirror": true}
					]
				},
				{
					"name": "arm_right2",
					"parent": "arm_right",
					"pivot": [-4, 6.5, -5.5],
					"cubes": [
						{"origin": [-5.5, 1.5, -7], "size": [3, 5, 3], "uv": [52, 0]}
					]
				},
				{
					"name": "hand_right",
					"parent": "arm_right2",
					"pivot": [-3.9, 1.5, -5],
					"rotation": [-35, 0, 0],
					"cubes": [
						{"origin": [-5.4, -1.5, -6], "size": [3, 3, 1], "uv": [40, 19]}
					]
				},
				{
					"name": "fingers3",
					"parent": "hand_right",
					"pivot": [-2.4, 1.5, -5],
					"rotation": [32.5, 0, -22.5],
					"cubes": [
						{"origin": [-2.4, -0.5, -6], "size": [1, 2, 1], "uv": [8, 58]}
					]
				},
				{
					"name": "fingers4",
					"parent": "hand_right",
					"pivot": [-3.9, -1.5, -5],
					"rotation": [32.5, 0, 0],
					"cubes": [
						{"origin": [-5.4, -3.5, -6], "size": [3, 2, 1], "uv": [56, 46]}
					]
				},
				{
					"name": "arm_left",
					"parent": "upperbody",
					"pivot": [4, 12.5, -5.5],
					"rotation": [-50, 0, 0],
					"cubes": [
						{"origin": [2, 6.5, -7.5], "size": [4, 6, 4], "uv": [40, 43]},
						{"origin": [3, 8.75, -7.51], "size": [2, 1, 0], "uv": [38, 45], "mirror": true},
						{"origin": [3.5, 9, -7.51], "size": [1, 3, 0], "uv": [42, 43]}
					]
				},
				{
					"name": "arm_left2",
					"parent": "arm_left",
					"pivot": [4, 6.5, -5.5],
					"cubes": [
						{"origin": [2.5, 1.5, -7], "size": [3, 5, 3], "uv": [16, 52]}
					]
				},
				{
					"name": "hand_left",
					"parent": "arm_left2",
					"pivot": [3.9, 1.5, -5],
					"rotation": [-35, 0, 0],
					"cubes": [
						{"origin": [2.4, -1.5, -6], "size": [3, 3, 1], "uv": [56, 42]}
					]
				},
				{
					"name": "fingers2",
					"parent": "hand_left",
					"pivot": [2.4, 1.5, -5],
					"rotation": [32.5, 0, 22.5],
					"cubes": [
						{"origin": [1.4, -0.5, -6], "size": [1, 2, 1], "uv": [52, 58]}
					]
				},
				{
					"name": "fingers",
					"parent": "hand_left",
					"pivot": [3.9, -1.5, -5],
					"rotation": [32.5, 0, 0],
					"cubes": [
						{"origin": [2.4, -3.5, -6], "size": [3, 2, 1], "uv": [56, 49]}
					]
				},
				{
					"name": "neck",
					"parent": "upperbody",
					"pivot": [0, 14, -5.5],
					"rotation": [35, 0, 0],
					"cubes": [
						{"origin": [-2, 13, -8.5], "size": [4, 3, 4], "uv": [0, 47]},
						{"origin": [-0.5, 13.5, -8.51], "size": [1, 2, 0], "uv": [16, 26]}
					]
				},
				{
					"name": "head",
					"parent": "neck",
					"pivot": [0, 15.5, -6],
					"rotation": [-35, 0, 0],
					"cubes": [
						{"origin": [-3, 14.5, -11], "size": [6, 3, 6], "uv": [24, 24]},
						{"origin": [-1, 16, -12.5], "size": [2, 1, 2], "uv": [40, 57]}
					]
				},
				{
					"name": "fluff5",
					"parent": "head",
					"pivot": [0, 16.5, -5],
					"rotation": [-20, 0, 0],
					"cubes": [
						{"origin": [-3, 16.5, -5], "size": [3, 3, 0], "pivot": [0, 16.5, -5], "rotation": [0, 0, -5], "uv": [0, 55]},
						{"origin": [0, 16.5, -5], "size": [3, 3, 0], "pivot": [0, 16.5, -5], "rotation": [0, 0, 5], "uv": [0, 55], "mirror": true},
						{"origin": [-1.5, 16, -5], "size": [3, 4, 0], "pivot": [-1.5, 16, -5], "rotation": [-2.5, 0, 0], "uv": [0, 61], "mirror": true}
					]
				},
				{
					"name": "fluff4",
					"parent": "head",
					"pivot": [3, 16, -7.5],
					"cubes": [
						{"origin": [3, 16, -11], "size": [0, 3, 3], "pivot": [3, 16, -7.5], "rotation": [0, 0, 30], "uv": [57, 21], "mirror": true},
						{"origin": [3, 16, -9], "size": [0, 3, 3], "pivot": [3, 16, -5.5], "rotation": [0, 0, 25], "uv": [51, 21], "mirror": true},
						{"origin": [3, 16, -8], "size": [0, 3, 3], "pivot": [3, 16, -4.5], "rotation": [0, 0, 20], "uv": [51, 18], "mirror": true}
					]
				},
				{
					"name": "fluff3",
					"parent": "head",
					"pivot": [-3, 16, -7.5],
					"cubes": [
						{"origin": [-3, 16, -11], "size": [0, 3, 3], "pivot": [-3, 16, -7.5], "rotation": [0, 0, -30], "uv": [57, 21]},
						{"origin": [-3, 16, -9], "size": [0, 3, 3], "pivot": [-3, 16, -5.5], "rotation": [0, 0, -25], "uv": [51, 21]},
						{"origin": [-3, 16, -8], "size": [0, 3, 3], "pivot": [-3, 16, -4.5], "rotation": [0, 0, -20], "uv": [51, 18]}
					]
				},
				{
					"name": "fluff2",
					"parent": "head",
					"pivot": [0, 14.5, -10],
					"rotation": [20, -10, 0],
					"cubes": [
						{"origin": [0.1, 12.5, -10], "size": [2, 3, 0], "pivot": [0, 14.5, -10], "rotation": [-20, 0, 0], "uv": [56, 39], "mirror": true},
						{"origin": [1.1, 12.5, -9.99], "size": [2, 3, 0], "pivot": [0, 14.5, -10], "rotation": [0, 0, -17.5], "uv": [56, 39], "mirror": true}
					]
				},
				{
					"name": "fluff",
					"parent": "head",
					"pivot": [0, 14.5, -10],
					"rotation": [20, 10, 0],
					"cubes": [
						{"origin": [-2.1, 12.5, -10], "size": [2, 3, 0], "pivot": [0, 14.5, -10], "rotation": [-20, 0, 0], "uv": [56, 39]},
						{"origin": [-3.1, 12.5, -9.99], "size": [2, 3, 0], "pivot": [0, 14.5, -10], "rotation": [0, 0, 17.5], "uv": [56, 39]}
					]
				},
				{
					"name": "eyes",
					"parent": "head",
					"pivot": [0, 17.5, -11],
					"cubes": [
						{"origin": [-2.5, 16.5, -11.01], "size": [5, 1, 0], "uv": [28, 23]},
						{"origin": [-1.9, 16.7, -11.011], "size": [1, 1, 0], "uv": [38, 23]},
						{"origin": [0.9, 16.7, -11.011], "size": [1, 1, 0], "uv": [40, 23]}
					]
				},
				{
					"name": "eyes_blink",
					"parent": "head",
					"pivot": [0, 17.5, -10],
					"cubes": [
						{"origin": [-2.5, 16.5, -10.01], "size": [5, 1, 0], "uv": [20, 29]},
						{"origin": [-1.9, 16.7, -10.011], "size": [1, 1, 0], "uv": [26, 28]},
						{"origin": [0.9, 16.7, -10.011], "size": [1, 1, 0], "uv": [28, 28]}
					]
				},
				{
					"name": "mouth",
					"parent": "head",
					"pivot": [0, 16, -11],
					"cubes": [
						{"origin": [-1, 15, -12.5], "size": [2, 1, 2], "uv": [0, 58]}
					]
				},
				{
					"name": "hat",
					"parent": "head",
					"pivot": [0, 17.5, -8],
					"cubes": [
						{"origin": [-3, 17.5, -11], "size": [6, 3, 6], "uv": [28, 0]},
						{"origin": [-0.5, 19.51, -11.01], "size": [1, 1, 1], "uv": [30, 4]},
						{"origin": [-2, 17.5, -11.012], "size": [4, 1, 0], "uv": [17, 24]}
					]
				},
				{
					"name": "leaves",
					"parent": "hat",
					"pivot": [0, 18.5, -5],
					"rotation": [-7.5, 0, 0],
					"cubes": [
						{"origin": [0, 18.5, -5], "size": [2, 6, 0], "pivot": [1, 18.5, -5], "rotation": [0, 0, 5], "uv": [12, 55]},
						{"origin": [-2, 18.5, -5], "size": [2, 6, 0], "pivot": [-1, 18.5, -5], "rotation": [0, 0, -5], "uv": [48, 57]}
					]
				}
			]
		}
	]
}