{
	"format_version": "1.12.0",
	"minecraft:geometry": [
		{
			"description": {
				"identifier": "geometry.cafe_lilligant",
				"texture_width": 128,
				"texture_height": 128,
				"visible_bounds_width": 4,
				"visible_bounds_height": 4.5,
				"visible_bounds_offset": [0, 1.75, 0]
			},
			"bones": [
				{
					"name": "bb_main",
					"pivot": [0, 0, 0],
					"cubes": [
						{"origin": [-2, 20, -5], "size": [4, 0, 9], "uv": [-1, 80]}
					]
				},
				{
					"name": "lilligant",
					"pivot": [0, 0, 0]
				},
				{
					"name": "body",
					"parent": "lilligant",
					"pivot": [0, 17.5, 0],
					"cubes": [
						{"origin": [-4, 14, -6.5], "size": [8, 4, 13], "inflate": 0.01, "uv": [39, 67]},
						{"origin": [-6, 2.5, -9], "size": [12, 12, 18], "inflate": 0.01, "uv": [61, 26]},
						{"origin": [-6.5, 14, -4], "size": [13, 4, 8], "uv": [76, 14]},
						{"origin": [-9, 2.5, -6], "size": [18, 12, 12], "uv": [68, 56]}
					]
				},
				{
					"name": "dress",
					"parent": "body",
					"pivot": [0, 0, 0],
					"cubes": [
						{"origin": [6, 14, -6], "size": [0, 10, 11], "pivot": [7, 19, 0], "rotation": [0, 0, -65], "uv": [6, 98], "mirror": true},
						{"origin": [-6, 14, -6], "size": [0, 10, 11], "pivot": [-7, 19, 0], "rotation": [0, 0, 65], "uv": [6, 98]}
					]
				},
				{
					"name": "lilbow",
					"parent": "body",
					"pivot": [0, 0, 0],
					"cubes": [
						{"origin": [-7, 16, -7], "size": [6, 6, 0], "pivot": [-2, 18, -7], "rotation": [-17.57895, -11.32666, 14.03532], "uv": [11, 97], "mirror": true},
						{"origin": [1, 7, -9], "size": [3, 11, 0], "pivot": [2, 14, -9], "rotation": [-36.62569, 1.02342, -28.28366], "uv": [32, 94]},
						{"origin": [-4, 7, -9], "size": [3, 11, 0], "pivot": [-2, 14, -9], "rotation": [-36.62569, -1.02342, 28.28366], "uv": [32, 94], "mirror": true},
						{"origin": [-1, 18, -8], "size": [2, 2, 2], "pivot": [0, 18, -7], "rotation": [-17.5, 0, 0], "uv": [64, 94]},
						{"origin": [1, 16, -7], "size": [6, 6, 0], "pivot": [2, 18, -7], "rotation": [-17.57895, 11.32666, -14.03532], "uv": [11, 97]}
					]
				},
				{
					"name": "bell",
					"parent": "lilbow",
					"pivot": [0, -4, -3],
					"rotation": [-25, 0, 0],
					"cubes": [
						{"origin": [-2, 8, -19], "size": [4, 4, 4], "uv": [61, 106]},
						{"origin": [-1, 11, -17], "size": [2, 3, 1], "pivot": [0, 14, -17], "rotation": [-15, 0, 0], "uv": [53, 102]},
						{"origin": [-3, 7, -20], "size": [6, 1, 6], "uv": [35, 111]},
						{"origin": [-1, 7, -18], "size": [2, 2, 2], "uv": [51, 91]}
					]
				},
				{
					"name": "leaves_back",
					"parent": "body",
					"pivot": [0, 18, 4]
				},
				{
					"name": "leaf_back_left",
					"parent": "leaves_back",
					"pivot": [0.25, 18, 4],
					"rotation": [0, -17.5, 0]
				},
				{
					"name": "leaf_back_left_rotation",
					"parent": "leaf_back_left",
					"pivot": [0.25, 18, 4],
					"rotation": [0, 0, -5],
					"cubes": [
						{"origin": [-0.25, 18, 1.5], "size": [3, 0, 5], "uv": [29, 59], "mirror": true}
					]
				},
				{
					"name": "leaf_back_left2",
					"parent": "leaf_back_left_rotation",
					"pivot": [2.75, 18, 4],
					"rotation": [0, 0, 5],
					"cubes": [
						{"origin": [2.75, 18, 0.5], "size": [3, 0, 7], "uv": [39, 59], "mirror": true}
					]
				},
				{
					"name": "leaf_back_left3",
					"parent": "leaf_back_left2",
					"pivot": [5.75, 18, 4],
					"rotation": [0, 0, 45],
					"cubes": [
						{"origin": [5.75, 18, -0.5], "size": [5, 0, 9], "uv": [7, 62], "mirror": true}
					]
				},
				{
					"name": "leaf_back_left4",
					"parent": "leaf_back_left3",
					"pivot": [10.75, 18, 4],
					"rotation": [0, 0, 15],
					"cubes": [
						{"origin": [10.75, 18, -0.5], "size": [6, 0, 9], "uv": [29, 66], "mirror": true}
					]
				},
				{
					"name": "leaf_back_left5",
					"parent": "leaf_back_left4",
					"pivot": [16.75, 18, 4],
					"rotation": [0, 0, 15],
					"cubes": [
						{"origin": [16.75, 18, 0.5], "size": [5, 0, 7], "uv": [3, 71], "mirror": true}
					]
				},
				{
					"name": "leaf_back_right",
					"parent": "leaves_back",
					"pivot": [-0.25, 18, 4],
					"rotation": [0, 17.5, 0]
				},
				{
					"name": "leaf_back_right_rotation",
					"parent": "leaf_back_right",
					"pivot": [-0.25, 18, 4],
					"rotation": [0, 0, 5],
					"cubes": [
						{"origin": [-2.75, 18, 1.5], "size": [3, 0, 5], "uv": [23, 59]}
					]
				},
				{
					"name": "leaf_back_right2",
					"parent": "leaf_back_right_rotation",
					"pivot": [-2.75, 18, 4],
					"rotation": [0, 0, -5],
					"cubes": [
						{"origin": [-5.75, 18, 0.5], "size": [3, 0, 7], "uv": [33, 59]}
					]
				},
				{
					"name": "leaf_back_right3",
					"parent": "leaf_back_right2",
					"pivot": [-5.75, 18, 4],
					"rotation": [0, 0, -45],
					"cubes": [
						{"origin": [-10.75, 18, -0.5], "size": [5, 0, 9], "uv": [-3, 62]}
					]
				},
				{
					"name": "leaf_back_right4",
					"parent": "leaf_back_right3",
					"pivot": [-10.75, 18, 4],
					"rotation": [0, 0, -15],
					"cubes": [
						{"origin": [-16.75, 18, -0.5], "size": [6, 0, 9], "uv": [17, 64]}
					]
				},
				{
					"name": "leaf_back_right5",
					"parent": "leaf_back_right4",
					"pivot": [-16.75, 18, 4],
					"rotation": [0, 0, -15],
					"cubes": [
						{"origin": [-21.75, 18, 0.5], "size": [5, 0, 7], "uv": [-7, 71]}
					]
				},
				{
					"name": "chest",
					"parent": "body",
					"pivot": [0, 18, 0],
					"cubes": [
						{"origin": [-2, 17, -2], "size": [4, 6, 4], "uv": [90, 4]}
					]
				},
				{
					"name": "neck",
					"parent": "chest",
					"pivot": [0, 23, 0],
					"cubes": [
						{"origin": [-1.5, 22, -1.5], "size": [3, 4, 3], "uv": [107, 5]}
					]
				},
				{
					"name": "neck_petals",
					"parent": "neck",
					"pivot": [0, 23.9, 0.5],
					"rotation": [10, 0, 0]
				},
				{
					"name": "neck_petal_front",
					"parent": "neck_petals",
					"pivot": [0, 23.9, -1.5],
					"cubes": [
						{"origin": [-2, 23.9, -4.5], "size": [4, 0, 3], "uv": [73, 13]}
					]
				},
				{
					"name": "neck_petal_front2",
					"parent": "neck_petal_front",
					"pivot": [0, 23.9, -4.5],
					"cubes": [
						{"origin": [-1.5, 23.9, -6.5], "size": [3, 0, 2], "uv": [70, 16]}
					]
				},
				{
					"name": "neck_petal_left",
					"parent": "neck_petals",
					"pivot": [1.5, 23.9, 0.5],
					"cubes": [
						{"origin": [1, 23.9, -2], "size": [3, 0, 3], "inflate": 0.01, "uv": [67, 12]}
					]
				},
				{
					"name": "neck_petal_left2",
					"parent": "neck_petal_left",
					"pivot": [4, 23.9, -0.5],
					"cubes": [
						{"origin": [4, 23.9, -2], "size": [2, 0, 3], "uv": [81, 8]}
					]
				},
				{
					"name": "neck_petal_right",
					"parent": "neck_petals",
					"pivot": [-1.5, 23.9, 0.5],
					"cubes": [
						{"origin": [-4, 23.9, -2], "size": [3, 0, 3], "inflate": 0.01, "uv": [75, 10], "mirror": true}
					]
				},
				{
					"name": "neck_petal_right2",
					"parent": "neck_petal_right",
					"pivot": [-4, 23.9, -0.5],
					"cubes": [
						{"origin": [-6, 23.9, -2], "size": [2, 0, 3], "uv": [81, 11], "mirror": true}
					]
				},
				{
					"name": "head",
					"parent": "neck",
					"pivot": [0, 24, 0],
					"cubes": [
						{"origin": [-4, 24, -4], "size": [8, 8, 8], "uv": [0, 0]}
					]
				},
				{
					"name": "eyes",
					"parent": "head",
					"pivot": [0, 27, -4.01]
				},
				{
					"name": "eye_left",
					"parent": "eyes",
					"pivot": [2.5, 27, -4.01],
					"cubes": [
						{"origin": [1.5, 25, -4.01], "size": [2, 2, 0], "uv": [0, 0]},
						{"origin": [2, 27, -4.01], "size": [1, 1, 0], "uv": [0, 2]}
					]
				},
				{
					"name": "pupil_left",
					"parent": "eye_left",
					"pivot": [2.5, 26.5, -4.02],
					"cubes": [
						{"origin": [2, 26, -4.02], "size": [1, 1, 0], "uv": [2, 2]}
					]
				},
				{
					"name": "eyelid_left",
					"parent": "eye_left",
					"pivot": [2.5, 26.5, -3.42],
					"cubes": [
						{"origin": [1.5, 25, -3.92], "size": [2, 3, 1], "inflate": 0.01, "uv": [0, 3]}
					]
				},
				{
					"name": "eye_right",
					"parent": "eyes",
					"pivot": [-2.5, 27, -4.01],
					"cubes": [
						{"origin": [-3.5, 25, -4.01], "size": [2, 2, 0], "uv": [4, 0], "mirror": true},
						{"origin": [-3, 27, -4.01], "size": [1, 1, 0], "uv": [4, 2], "mirror": true}
					]
				},
				{
					"name": "pupil_right",
					"parent": "eye_right",
					"pivot": [-2.5, 26.5, -4.02],
					"cubes": [
						{"origin": [-3, 26, -4.02], "size": [1, 1, 0], "uv": [6, 2], "mirror": true}
					]
				},
				{
					"name": "eyelid_right",
					"parent": "eye_right",
					"pivot": [-2.5, 26.5, -3.42],
					"cubes": [
						{"origin": [-3.5, 25, -3.92], "size": [2, 3, 1], "inflate": 0.01, "uv": [0, 16], "mirror": true}
					]
				},
				{
					"name": "hair",
					"parent": "head",
					"pivot": [0, 29.5, 0],
					"cubes": [
						{"origin": [-4.5, 29.5, -4.5], "size": [9, 3, 9], "uv": [0, 16]},
						{"origin": [-2.5, 27.5, -4.5], "size": [7, 2, 0], "uv": [49, 16]},
						{"origin": [-4.5, 27.5, -4.5], "size": [2, 2, 9], "uv": [27, 7]}
					]
				},
				{
					"name": "hair_back",
					"parent": "hair",
					"pivot": [0, 31.5, 4.5]
				},
				{
					"name": "hair_back_main",
					"parent": "hair_back",
					"pivot": [0, 31.5, 4.5],
					"rotation": [15, 0, 0],
					"cubes": [
						{"origin": [-3.5, 23.5, 4.5], "size": [7, 8, 0], "uv": [56, 8]}
					]
				},
				{
					"name": "hair_back2",
					"parent": "hair_back_main",
					"pivot": [0, 23.5, 4.5],
					"cubes": [
						{"origin": [-4.5, 16.5, 4.5], "size": [9, 7, 0], "uv": [27, 18]}
					]
				},
				{
					"name": "hair_back3",
					"parent": "hair_back2",
					"pivot": [0, 16.5, 4.5],
					"cubes": [
						{"origin": [-6.5, 5.5, 4.5], "size": [13, 11, 0], "uv": [0, 28]}
					]
				},
				{
					"name": "hair_left",
					"parent": "hair_back",
					"pivot": [4.5, 31.5, 2.525],
					"rotation": [15, 0, -7.5],
					"cubes": [
						{"origin": [4.5, 23.5, -1.475], "size": [0, 8, 6], "uv": [24, -6]},
						{"origin": [1.5, 23.5, 4.5], "size": [3, 8, 0], "inflate": 0.01, "pivot": [4.5, 27.5, 4.5], "rotation": [0, -2.5, 0], "uv": [52, 0]}
					]
				},
				{
					"name": "hair_left2",
					"parent": "hair_left",
					"pivot": [4.5, 23.5, 4.525],
					"cubes": [
						{"origin": [4.5, 15.5, 0.525], "size": [0, 8, 4], "uv": [40, 4]},
						{"origin": [1.5, 15.5, 4.5], "size": [3, 8, 0], "pivot": [4.5, 19.5, 4.5], "rotation": [0, -2.5, 0], "uv": [64, 0]}
					]
				},
				{
					"name": "hair_right",
					"parent": "hair_back",
					"pivot": [-4.5, 31.5, 2.525],
					"rotation": [15, 0, 7.5],
					"cubes": [
						{"origin": [-4.5, 23.5, -1.475], "size": [0, 8, 6], "uv": [40, -6], "mirror": true},
						{"origin": [-4.5, 23.5, 4.5], "size": [3, 8, 0], "inflate": 0.01, "pivot": [-4.5, 27.5, 4.5], "rotation": [0, 2.5, 0], "uv": [58, 0], "mirror": true}
					]
				},
				{
					"name": "bigbow",
					"parent": "hair_right",
					"pivot": [3, -3, -3],
					"rotation": [2.48107, 0.43523, -4.98107],
					"cubes": [
						{"origin": [5, 20, 8], "size": [12, 12, 0], "pivot": [6, 23, 9], "rotation": [0, -12.5, -10], "uv": [98, 102]},
						{"origin": [-12, 16, 8], "size": [15, 10, 0], "pivot": [2, 17, 9], "rotation": [-8.51814, 9.18229, -33.18528], "uv": [86, 88], "mirror": true},
						{"origin": [3, 16, 8], "size": [15, 10, 0], "pivot": [4, 17, 9], "rotation": [-8.51814, -9.18229, 33.18528], "uv": [86, 88]},
						{"origin": [-1, 22, 6], "size": [8, 9, 3], "uv": [77, 114]},
						{"origin": [-11, 20, 8], "size": [12, 12, 0], "pivot": [0, 23, 9], "rotation": [0, 12.5, 10], "uv": [98, 102], "mirror": true}
					]
				},
				{
					"name": "hair_right2",
					"parent": "hair_right",
					"pivot": [-4.5, 23.5, 4.525],
					"cubes": [
						{"origin": [-4.5, 15.5, 0.525], "size": [0, 8, 4], "uv": [48, 4], "mirror": true},
						{"origin": [-4.5, 15.5, 4.5], "size": [3, 8, 0], "pivot": [-4.5, 19.5, 4.5], "rotation": [0, 2.5, 0], "uv": [70, 0], "mirror": true}
					]
				},
				{
					"name": "hair_bang_left",
					"parent": "hair",
					"pivot": [4.5, 29.5, -1.25],
					"rotation": [-5, 15, -7.5],
					"cubes": [
						{"origin": [4.5, 27.5, -3.25], "size": [0, 2, 2], "uv": [11, 51]}
					]
				},
				{
					"name": "hair_bang_left2",
					"parent": "hair_bang_left",
					"pivot": [4.5, 27.5, -1.25],
					"rotation": [-2.5, 0, -5],
					"cubes": [
						{"origin": [4.5, 24.5, -3.25], "size": [0, 3, 2], "uv": [25, 51]}
					]
				},
				{
					"name": "hair_bang_left3",
					"parent": "hair_bang_left2",
					"pivot": [4.5, 24.5, -1.25],
					"rotation": [-5, 0, -5],
					"cubes": [
						{"origin": [4.5, 21.5, -3.75], "size": [0, 3, 3], "uv": [10, 56]}
					]
				},
				{
					"name": "hair_bang_left4",
					"parent": "hair_bang_left3",
					"pivot": [4.5, 21.5, -0.75],
					"cubes": [
						{"origin": [4.5, 18.5, -3.75], "size": [0, 3, 3], "uv": [22, 56]}
					]
				},
				{
					"name": "hair_bang_right",
					"parent": "hair",
					"pivot": [-4.5, 27.5, -1.25],
					"rotation": [-10, -15, 12.5],
					"cubes": [
						{"origin": [-4.5, 24.5, -3.25], "size": [0, 3, 2], "uv": [6, 57], "mirror": true}
					]
				},
				{
					"name": "hair_bang_right2",
					"parent": "hair_bang_right",
					"pivot": [-4.5, 24.5, -1.25],
					"rotation": [-5, 0, 5],
					"cubes": [
						{"origin": [-4.5, 21.5, -3.75], "size": [0, 3, 3], "uv": [16, 56], "mirror": true}
					]
				},
				{
					"name": "hair_bang_right3",
					"parent": "hair_bang_right2",
					"pivot": [-4.5, 21.5, -0.75],
					"cubes": [
						{"origin": [-4.5, 18.5, -3.75], "size": [0, 3, 3], "uv": [0, 60], "mirror": true}
					]
				},
				{
					"name": "flower",
					"parent": "hair",
					"pivot": [2, 32.25, 0],
					"rotation": [7.5, 0, 20],
					"cubes": [
						{"origin": [0, 31, -2], "size": [4, 5, 4], "inflate": 0.01, "uv": [45, 18]}
					]
				},
				{
					"name": "flower_leaf_left",
					"parent": "flower",
					"pivot": [4.25, 32.5, 0],
					"rotation": [0, 0, 40],
					"cubes": [
						{"origin": [4.25, 32.5, -3], "size": [4, 0, 6], "inflate": 0.01, "uv": [96, 0]}
					]
				},
				{
					"name": "flower_leaf_left2",
					"parent": "flower_leaf_left",
					"pivot": [8.25, 32.5, 0],
					"rotation": [0, 0, 7.5],
					"cubes": [
						{"origin": [8.25, 32.5, -2.5], "size": [4, 0, 5], "inflate": 0.01, "uv": [105, 0]}
					]
				},
				{
					"name": "flower_leaf_right",
					"parent": "flower",
					"pivot": [-0.25, 31.75, 0],
					"rotation": [0, 0, -12.5],
					"cubes": [
						{"origin": [-4.25, 31.75, -3], "size": [4, 0, 6], "inflate": 0.01, "uv": [112, 0], "mirror": true}
					]
				},
				{
					"name": "flower_leaf_right2",
					"parent": "flower_leaf_right",
					"pivot": [-4.25, 31.75, 0],
					"rotation": [0, 0, 5],
					"cubes": [
						{"origin": [-8.25, 31.75, -2.5], "size": [4, 0, 5], "inflate": 0.01, "uv": [115, 6], "mirror": true}
					]
				},
				{
					"name": "petals",
					"parent": "flower",
					"pivot": [2, 35.75, 0],
					"rotation": [0, -7.5, 0]
				},
				{
					"name": "petal_front",
					"parent": "petals",
					"pivot": [2, 35.75, 0]
				},
				{
					"name": "petal_front_rotation",
					"parent": "petal_front",
					"pivot": [2, 33.75, -1.5],
					"rotation": [-15, 0, 0],
					"cubes": [
						{"origin": [0, 31.75, -4], "size": [4, 4, 3], "uv": [0, 39]}
					]
				},
				{
					"name": "petal_front2",
					"parent": "petal_front_rotation",
					"pivot": [2, 35.75, -4],
					"rotation": [27.5, 0, 0],
					"cubes": [
						{"origin": [-0.5, 31.75, -7], "size": [5, 4, 3], "inflate": 0.01, "uv": [14, 39]},
						{"origin": [0, 35.77, -6.5], "size": [4, 0, 1], "uv": [-1, 78]}
					]
				},
				{
					"name": "petal_front3",
					"parent": "petal_front2",
					"pivot": [2, 35.25, -7],
					"rotation": [17.5, 0, 0],
					"cubes": [
						{"origin": [0, 32.25, -10], "size": [4, 3, 3], "uv": [0, 53]},
						{"origin": [1.5, 35.26, -9], "size": [1, 0, 2], "uv": [-1, 40]}
					]
				},
				{
					"name": "petal_front4",
					"parent": "petal_front3",
					"pivot": [2, 34.25, -10],
					"rotation": [10, 0, 0],
					"cubes": [
						{"origin": [0.5, 34.25, -10], "size": [3, 2, 0], "uv": [0, 59]}
					]
				},
				{
					"name": "petal_back",
					"parent": "petals",
					"pivot": [2, 35.75, 0]
				},
				{
					"name": "petal_back_rotation",
					"parent": "petal_back",
					"pivot": [2, 33.75, 1.5],
					"rotation": [15, 0, 0],
					"cubes": [
						{"origin": [0, 31.75, 1], "size": [4, 4, 3], "uv": [0, 46]}
					]
				},
				{
					"name": "petal_back2",
					"parent": "petal_back_rotation",
					"pivot": [2, 35.75, 4],
					"rotation": [-27.5, 0, 0],
					"cubes": [
						{"origin": [-0.5, 31.75, 4], "size": [5, 4, 3], "inflate": 0.01, "uv": [14, 46]},
						{"origin": [0, 35.77, 5.5], "size": [4, 0, 1], "uv": [7, 78]}
					]
				},
				{
					"name": "petal_back3",
					"parent": "petal_back2",
					"pivot": [2, 35.25, 7],
					"rotation": [-17.5, 0, 0],
					"cubes": [
						{"origin": [0, 32.25, 7], "size": [4, 3, 3], "uv": [14, 53]},
						{"origin": [1.5, 35.26, 7], "size": [1, 0, 2], "uv": [-1, 46]}
					]
				},
				{
					"name": "petal_back4",
					"parent": "petal_back3",
					"pivot": [2, 34.25, 10],
					"rotation": [-10, 0, 0],
					"cubes": [
						{"origin": [0.5, 34.25, 10], "size": [3, 2, 0], "uv": [0, 61]}
					]
				},
				{
					"name": "petal_front_left",
					"parent": "petals",
					"pivot": [2, 35.75, 0],
					"rotation": [0, -62.5, 0]
				},
				{
					"name": "petal_front_left_rotation",
					"parent": "petal_front_left",
					"pivot": [2, 33.75, -1.5],
					"rotation": [-15, 0, 0],
					"cubes": [
						{"origin": [0, 31.75, -4], "size": [4, 4, 3], "uv": [26, 28]}
					]
				},
				{
					"name": "petal_front_left2",
					"parent": "petal_front_left_rotation",
					"pivot": [2, 35.75, -4],
					"rotation": [27.5, 0, 0],
					"cubes": [
						{"origin": [-0.5, 31.75, -7], "size": [5, 4, 3], "inflate": 0.01, "uv": [27, 35]},
						{"origin": [0, 35.77, -6.5], "size": [4, 0, 1], "uv": [-1, 79]}
					]
				},
				{
					"name": "petal_front_left3",
					"parent": "petal_front_left2",
					"pivot": [2, 35.25, -7],
					"rotation": [17.5, 0, 0],
					"cubes": [
						{"origin": [0, 32.25, -10], "size": [4, 3, 3], "uv": [30, 42]},
						{"origin": [1.5, 35.26, -9], "size": [1, 0, 2], "uv": [9, 40]}
					]
				},
				{
					"name": "petal_front_left4",
					"parent": "petal_front_left3",
					"pivot": [2, 34.25, -10],
					"rotation": [10, 0, 0],
					"cubes": [
						{"origin": [0.5, 34.25, -10], "size": [3, 2, 0], "uv": [43, 41]}
					]
				},
				{
					"name": "petal_back_left",
					"parent": "petals",
					"pivot": [2, 35.75, 0],
					"rotation": [0, 62.5, 0]
				},
				{
					"name": "petal_back_left_rotation",
					"parent": "petal_back_left",
					"pivot": [2, 33.75, 1.5],
					"rotation": [15, 0, 0],
					"cubes": [
						{"origin": [0, 31.75, 1], "size": [4, 4, 3], "uv": [47, 41]}
					]
				},
				{
					"name": "petal_back_left2",
					"parent": "petal_back_left_rotation",
					"pivot": [2, 35.75, 4],
					"rotation": [-27.5, 0, 0],
					"cubes": [
						{"origin": [-0.5, 31.75, 4], "size": [5, 4, 3], "inflate": 0.01, "uv": [59, 34]},
						{"origin": [0, 35.77, 5.5], "size": [4, 0, 1], "uv": [7, 79]}
					]
				},
				{
					"name": "petal_back_left3",
					"parent": "petal_back_left2",
					"pivot": [2, 35.25, 7],
					"rotation": [-17.5, 0, 0],
					"cubes": [
						{"origin": [0, 32.25, 7], "size": [4, 3, 3], "uv": [61, 16]},
						{"origin": [1.5, 35.26, 7], "size": [1, 0, 2], "uv": [9, 46]}
					]
				},
				{
					"name": "petal_back_left4",
					"parent": "petal_back_left3",
					"pivot": [2, 34.25, 10],
					"rotation": [-10, 0, 0],
					"cubes": [
						{"origin": [0.5, 34.25, 10], "size": [3, 2, 0], "uv": [51, 27]}
					]
				},
				{
					"name": "petal_front_right",
					"parent": "petals",
					"pivot": [2, 35.75, 0],
					"rotation": [0, 62.5, 0]
				},
				{
					"name": "petal_front_right_rotation",
					"parent": "petal_front_right",
					"pivot": [2, 33.75, -1.5],
					"rotation": [-15, 0, 0],
					"cubes": [
						{"origin": [0, 31.75, -4], "size": [4, 4, 3], "uv": [40, 27], "mirror": true}
					]
				},
				{
					"name": "petal_front_right2",
					"parent": "petal_front_right_rotation",
					"pivot": [2, 35.75, -4],
					"rotation": [27.5, 0, 0],
					"cubes": [
						{"origin": [-0.5, 31.75, -7], "size": [5, 4, 3], "inflate": 0.01, "uv": [43, 34], "mirror": true},
						{"origin": [0, 35.77, -6.5], "size": [4, 0, 1], "uv": [-1, 80], "mirror": true}
					]
				},
				{
					"name": "petal_front_right3",
					"parent": "petal_front_right2",
					"pivot": [2, 35.25, -7],
					"rotation": [17.5, 0, 0],
					"cubes": [
						{"origin": [0, 32.25, -10], "size": [4, 3, 3], "uv": [61, 28], "mirror": true},
						{"origin": [1.5, 35.26, -9], "size": [1, 0, 2], "uv": [11, 40], "mirror": true}
					]
				},
				{
					"name": "petal_front_right4",
					"parent": "petal_front_right3",
					"pivot": [2, 34.25, -10],
					"rotation": [10, 0, 0],
					"cubes": [
						{"origin": [0.5, 34.25, -10], "size": [3, 2, 0], "uv": [41, 43], "mirror": true}
					]
				},
				{
					"name": "petal_back_right",
					"parent": "petals",
					"pivot": [2, 35.75, 0],
					"rotation": [0, -62.5, 0]
				},
				{
					"name": "petal_back_right_rotation",
					"parent": "petal_back_right",
					"pivot": [2, 33.75, 1.5],
					"rotation": [15, 0, 0],
					"cubes": [
						{"origin": [0, 31.75, 1], "size": [4, 4, 3], "uv": [103, 31], "mirror": true}
					]
				},
				{
					"name": "petal_back_right2",
					"parent": "petal_back_right_rotation",
					"pivot": [2, 35.75, 4],
					"rotation": [-27.5, 0, 0],
					"cubes": [
						{"origin": [-0.5, 31.75, 4], "size": [5, 4, 3], "inflate": 0.01, "uv": [64, 56], "mirror": true},
						{"origin": [0, 35.77, 5.5], "size": [4, 0, 1], "uv": [7, 80], "mirror": true}
					]
				},
				{
					"name": "petal_back_right3",
					"parent": "petal_back_right2",
					"pivot": [2, 35.25, 7],
					"rotation": [-17.5, 0, 0],
					"cubes": [
						{"origin": [0, 32.25, 7], "size": [4, 3, 3], "uv": [61, 22], "mirror": true},
						{"origin": [1.5, 35.26, 7], "size": [1, 0, 2], "uv": [11, 46], "mirror": true}
					]
				},
				{
					"name": "petal_back_right4",
					"parent": "petal_back_right3",
					"pivot": [2, 33.75, 10],
					"rotation": [-10, 0, 0],
					"cubes": [
						{"origin": [0.5, 33.75, 10], "size": [3, 2, 0], "uv": [57, 28], "mirror": true}
					]
				},
				{
					"name": "stems",
					"parent": "flower",
					"pivot": [2, 35.75, 0]
				},
				{
					"name": "stem_back",
					"parent": "stems",
					"pivot": [2, 36, 0],
					"rotation": [0, 2.5, 0]
				},
				{
					"name": "stem_back_rotation",
					"parent": "stem_back",
					"pivot": [2, 36, 0.25],
					"rotation": [-10, 0, 0],
					"cubes": [
						{"origin": [2, 36, 0.25], "size": [0, 2, 2], "inflate": 0.01, "uv": [84, -2]}
					]
				},
				{
					"name": "stem_back2",
					"parent": "stem_back_rotation",
					"pivot": [2, 38, 1.25],
					"rotation": [-17.5, 0, 0],
					"cubes": [
						{"origin": [2, 38, 1.25], "size": [0, 2, 1], "uv": [84, 1]}
					]
				},
				{
					"name": "stem_back3",
					"parent": "stem_back2",
					"pivot": [2, 39.5, 1.75],
					"rotation": [-10, 0, 0],
					"cubes": [
						{"origin": [1, 39.5, 0.75], "size": [2, 2, 2], "inflate": -0.1, "uv": [94, 0]}
					]
				},
				{
					"name": "stem_front_left",
					"parent": "stems",
					"pivot": [2, 36, 0],
					"rotation": [0, -40, 0]
				},
				{
					"name": "stem_front_left_rotation",
					"parent": "stem_front_left",
					"pivot": [2, 36, -0.25],
					"rotation": [10, 0, 0],
					"cubes": [
						{"origin": [2, 36, -2.25], "size": [0, 2, 2], "inflate": 0.01, "uv": [76, -2]}
					]
				},
				{
					"name": "stem_front_left2",
					"parent": "stem_front_left_rotation",
					"pivot": [2, 38, -1.25],
					"rotation": [17.5, 0, 0],
					"cubes": [
						{"origin": [2, 38, -2.25], "size": [0, 2, 1], "uv": [76, 3]}
					]
				},
				{
					"name": "stem_front_left3",
					"parent": "stem_front_left2",
					"pivot": [2, 39.5, -1.75],
					"rotation": [10, 0, 0],
					"cubes": [
						{"origin": [1, 39.5, -2.75], "size": [2, 2, 2], "inflate": -0.1, "uv": [70, 8]}
					]
				},
				{
					"name": "stem_back_left",
					"parent": "stems",
					"pivot": [2, 36, 0],
					"rotation": [0, 72.5, 0]
				},
				{
					"name": "stem_back_left_rotation",
					"parent": "stem_back_left",
					"pivot": [2, 36, 0.25],
					"rotation": [-10, 0, 0],
					"cubes": [
						{"origin": [2, 36, 0.25], "size": [0, 2, 2], "inflate": 0.01, "uv": [76, 0]}
					]
				},
				{
					"name": "stem_back_left2",
					"parent": "stem_back_left_rotation",
					"pivot": [2, 38, 1.25],
					"rotation": [-17.5, 0, 0],
					"cubes": [
						{"origin": [2, 38, 1.25], "size": [0, 2, 1], "uv": [80, 3]}
					]
				},
				{
					"name": "stem_back_left3",
					"parent": "stem_back_left2",
					"pivot": [2, 39.5, 1.75],
					"rotation": [-10, 0, 0],
					"cubes": [
						{"origin": [1, 39.5, 0.75], "size": [2, 2, 2], "inflate": -0.1, "uv": [82, 4]}
					]
				},
				{
					"name": "stem_front_right",
					"parent": "stems",
					"pivot": [2, 36, 0],
					"rotation": [0, 42.5, 0]
				},
				{
					"name": "stem_front_right_rotation",
					"parent": "stem_front_right",
					"pivot": [2, 36, -0.25],
					"rotation": [10, 0, 0],
					"cubes": [
						{"origin": [2, 36, -2.25], "size": [0, 2, 2], "inflate": 0.01, "uv": [80, -2], "mirror": true}
					]
				},
				{
					"name": "stem_front_right2",
					"parent": "stem_front_right_rotation",
					"pivot": [2, 38, -1.25],
					"rotation": [17.5, 0, 0],
					"cubes": [
						{"origin": [2, 38, -2.25], "size": [0, 2, 1], "uv": [78, 3], "mirror": true}
					]
				},
				{
					"name": "stem_front_right3",
					"parent": "stem_front_right2",
					"pivot": [2, 39.5, -1.75],
					"rotation": [10, 0, 0],
					"cubes": [
						{"origin": [1, 39.5, -2.75], "size": [2, 2, 2], "inflate": -0.1, "uv": [76, 6], "mirror": true}
					]
				},
				{
					"name": "stem_back_right",
					"parent": "stems",
					"pivot": [2, 36, 0],
					"rotation": [0, -70, 0]
				},
				{
					"name": "stem_back_right_rotation",
					"parent": "stem_back_right",
					"pivot": [2, 36, 0.25],
					"rotation": [-10, 0, 0],
					"cubes": [
						{"origin": [2, 36, 0.25], "size": [0, 2, 2], "inflate": 0.01, "uv": [80, 0], "mirror": true}
					]
				},
				{
					"name": "stem_back_right2",
					"parent": "stem_back_right_rotation",
					"pivot": [2, 38, 1.25],
					"rotation": [-17.5, 0, 0],
					"cubes": [
						{"origin": [2, 38, 1.25], "size": [0, 2, 1], "uv": [82, 3], "mirror": true}
					]
				},
				{
					"name": "stem_back_right3",
					"parent": "stem_back_right2",
					"pivot": [2, 39.5, 1.75],
					"rotation": [-10, 0, 0],
					"cubes": [
						{"origin": [1, 39.5, 0.75], "size": [2, 2, 2], "inflate": -0.1, "uv": [86, 0], "mirror": true}
					]
				},
				{
					"name": "arms",
					"parent": "chest",
					"pivot": [0, 23, 0]
				},
				{
					"name": "arm_left",
					"parent": "arms",
					"pivot": [2, 23, 0],
					"cubes": [
						{"origin": [2, 23, -1], "size": [3, 0, 2], "uv": [104, 12]}
					]
				},
				{
					"name": "arm_left2",
					"parent": "arm_left",
					"pivot": [5, 23, 1],
					"cubes": [
						{"origin": [5, 23, -1.5], "size": [4, 0, 3], "uv": [107, 14]}
					]
				},
				{
					"name": "arm_left3",
					"parent": "arm_left2",
					"pivot": [9, 23, 1.5],
					"cubes": [
						{"origin": [9, 23, -2.5], "size": [5, 0, 5], "uv": [98, 26]}
					]
				},
				{
					"name": "arm_left4",
					"parent": "arm_left3",
					"pivot": [14, 23, 2.5],
					"cubes": [
						{"origin": [14, 23, -2.5], "size": [3, 0, 5], "uv": [105, 17]}
					]
				},
				{
					"name": "arm_right",
					"parent": "arms",
					"pivot": [-2, 23, 0],
					"cubes": [
						{"origin": [-5, 23, -1], "size": [3, 0, 2], "uv": [110, 12], "mirror": true}
					]
				},
				{
					"name": "arm_right2",
					"parent": "arm_right",
					"pivot": [-5, 23, 1],
					"cubes": [
						{"origin": [-9, 23, -1.5], "size": [4, 0, 3], "uv": [115, 12], "mirror": true}
					]
				},
				{
					"name": "arm_right3",
					"parent": "arm_right2",
					"pivot": [-9, 23, 1.5],
					"cubes": [
						{"origin": [-14, 23, -2.5], "size": [5, 0, 5], "uv": [108, 26], "mirror": true}
					]
				},
				{
					"name": "arm_right4",
					"parent": "arm_right3",
					"pivot": [-14, 23, 2.5],
					"cubes": [
						{"origin": [-17, 23, -2.5], "size": [3, 0, 5], "uv": [111, 17], "mirror": true}
					]
				},
				{
					"name": "body_bottom",
					"parent": "body",
					"pivot": [0, 2.75, 0]
				},
				{
					"name": "body_bottom_front",
					"parent": "body_bottom",
					"pivot": [0, 2.75, 0],
					"rotation": [10, 0, 0],
					"cubes": [
						{"origin": [-1.5, 0.75, -4], "size": [3, 2, 4], "uv": [30, 48]}
					]
				},
				{
					"name": "body_bottom_front2",
					"parent": "body_bottom_front",
					"pivot": [0, 0.75, -4],
					"rotation": [-12.5, 0, 0],
					"cubes": [
						{"origin": [-0.5, 0.75, -6], "size": [1, 2, 2], "uv": [42, 46]},
						{"origin": [0, 1, -7], "size": [0, 2, 1], "uv": [44, 49]}
					]
				},
				{
					"name": "body_bottom_back",
					"parent": "body_bottom",
					"pivot": [0, 2.75, 0],
					"rotation": [-10, 0, 0],
					"cubes": [
						{"origin": [-1.5, 0.75, 0], "size": [3, 2, 4], "uv": [44, 48]}
					]
				},
				{
					"name": "body_bottom_back2",
					"parent": "body_bottom_back",
					"pivot": [0, 0.75, 4],
					"rotation": [12.5, 0, 0],
					"cubes": [
						{"origin": [-0.5, 0.75, 4], "size": [1, 2, 2], "uv": [54, 48]},
						{"origin": [0, 1, 6], "size": [0, 2, 1], "uv": [46, 49]}
					]
				},
				{
					"name": "body_bottom_left",
					"parent": "body_bottom",
					"pivot": [0, 2.75, 0],
					"rotation": [0, 0, 10],
					"cubes": [
						{"origin": [0, 0.75, -1.5], "size": [4, 2, 3], "uv": [28, 54]}
					]
				},
				{
					"name": "body_bottom_left2",
					"parent": "body_bottom_left",
					"pivot": [4, 0.75, 0],
					"rotation": [0, 0, -12.5],
					"cubes": [
						{"origin": [4, 0.75, -0.5], "size": [2, 2, 1], "uv": [39, 54]},
						{"origin": [6, 1, 0], "size": [1, 2, 0], "uv": [56, 57]}
					]
				},
				{
					"name": "body_bottom_right",
					"parent": "body_bottom",
					"pivot": [0, 2.75, 0],
					"rotation": [0, 0, -10],
					"cubes": [
						{"origin": [-4, 0.75, -1.5], "size": [4, 2, 3], "uv": [42, 54], "mirror": true}
					]
				},
				{
					"name": "body_bottom_right2",
					"parent": "body_bottom_right",
					"pivot": [-4, 0.75, 0],
					"rotation": [0, 0, 12.5],
					"cubes": [
						{"origin": [-6, 0.75, -0.5], "size": [2, 2, 1], "uv": [53, 54], "mirror": true},
						{"origin": [-7, 1, 0], "size": [1, 2, 0], "uv": [58, 57], "mirror": true}
					]
				}
			]
		}
	]
}