{
	"format_version": "1.12.0",
	"minecraft:geometry": [
		{
			"description": {
				"identifier": "geometry.mienfoo",
				"texture_width": 128,
				"texture_height": 128,
				"visible_bounds_width": 4,
				"visible_bounds_height": 3.5,
				"visible_bounds_offset": [0, 1.25, 0]
			},
			"bones": [
				{
					"name": "mienfoo",
					"pivot": [0, 0, 0]
				},
				{
					"name": "allbody",
					"parent": "mienfoo",
					"pivot": [0, 0, 0]
				},
				{
					"name": "legs",
					"parent": "allbody",
					"pivot": [0, 0, 0]
				},
				{
					"name": "leg1",
					"parent": "legs",
					"pivot": [0, 0, 0]
				},
				{
					"name": "legmini1",
					"parent": "leg1",
					"pivot": [0, 0, 0],
					"cubes": [
						{"origin": [-6, 6, 0], "size": [5, 5, 6], "pivot": [-5, 6, 4], "rotation": [0, 0, 7.5], "uv": [37, 44]}
					]
				},
				{
					"name": "legparte1",
					"parent": "leg1",
					"pivot": [0, 0, 0],
					"cubes": [
						{"origin": [-5, 2, 1], "size": [3, 4, 3], "pivot": [-3, 2, 3], "rotation": [0, 0, 5], "uv": [60, 48]}
					]
				},
				{
					"name": "legnime1",
					"parent": "legparte1",
					"pivot": [0, 0, 0],
					"cubes": [
						{"origin": [-12, 0, 1], "size": [9, 2, 5], "pivot": [-7, 0, 0], "rotation": [0, 90, 0], "uv": [41, 0]}
					]
				},
				{
					"name": "leg2",
					"parent": "legs",
					"pivot": [0, 0, 0]
				},
				{
					"name": "legmini2",
					"parent": "leg2",
					"pivot": [0, 0, 0],
					"cubes": [
						{"origin": [1, 6, 0], "size": [5, 5, 6], "pivot": [5, 6, 4], "rotation": [0, 0, -5], "uv": [37, 44], "mirror": true}
					]
				},
				{
					"name": "legparte2",
					"parent": "leg2",
					"pivot": [0, 0, 0],
					"cubes": [
						{"origin": [2, 2, 1], "size": [3, 4, 3], "pivot": [3, 2, 3], "rotation": [0, 0, -5], "uv": [64, 31], "mirror": true}
					]
				},
				{
					"name": "legnime2",
					"parent": "legparte2",
					"pivot": [0, 0, 0],
					"cubes": [
						{"origin": [-5, 0, -5], "size": [9, 2, 5], "pivot": [0, -1, 1], "rotation": [0, -90, 0], "uv": [41, 8]}
					]
				},
				{
					"name": "torso",
					"parent": "allbody",
					"pivot": [0, 0, 1],
					"rotation": [0, -87.5, 0]
				},
				{
					"name": "torsoparte",
					"parent": "torso",
					"pivot": [0, 0, 1],
					"cubes": [
						{"origin": [-1, 12, -4], "size": [6, 3, 10], "uv": [37, 17]},
						{"origin": [-2, 8, -5], "size": [8, 4, 12], "uv": [0, 0]}
					]
				},
				{
					"name": "torsomini",
					"parent": "torsoparte",
					"pivot": [0, 0, 1],
					"cubes": [
						{"origin": [0, 15, -1], "size": [4, 9, 4], "uv": [0, 64]}
					]
				},
				{
					"name": "head",
					"parent": "torsomini",
					"pivot": [0, 24, 1]
				},
				{
					"name": "face",
					"parent": "head",
					"pivot": [0, 0, 1],
					"cubes": [
						{"origin": [-1, 24, -2], "size": [7, 7, 6], "uv": [37, 31]}
					]
				},
				{
					"name": "nose",
					"parent": "head",
					"pivot": [0, 0, 1],
					"cubes": [
						{"origin": [-2, 24.5, -1], "size": [1, 2, 4], "pivot": [-2, 24, 2], "rotation": [0, 0, 12.5], "uv": [43, 67]}
					]
				},
				{
					"name": "eyes",
					"parent": "head",
					"pivot": [0, 0, 1]
				},
				{
					"name": "eye1",
					"parent": "eyes",
					"pivot": [0, 0, 1],
					"cubes": [
						{"origin": [-1.2, 26, 2], "size": [0, 2, 1], "uv": [69, 19]}
					]
				},
				{
					"name": "eye2",
					"parent": "eyes",
					"pivot": [-2, 0, -2],
					"cubes": [
						{"origin": [-1.2, 26, -1], "size": [0, 2, 1], "uv": [69, 15], "mirror": true}
					]
				},
				{
					"name": "cejas",
					"parent": "head",
					"pivot": [1.08335, 0, 0.90904]
				},
				{
					"name": "ceja1",
					"parent": "cejas",
					"pivot": [1.08335, 0, 0.90904],
					"cubes": [
						{"origin": [-1.2, 28.1, -2.09096], "size": [0, 1, 2], "inflate": -0.0001, "pivot": [0.08335, 28, -1.09096], "rotation": [-15, 0, 0], "uv": [70, 11]}
					]
				},
				{
					"name": "ceja2",
					"parent": "cejas",
					"pivot": [1.08335, 0, 0.90904],
					"cubes": [
						{"origin": [-1.2, 28.1, 1.90904], "size": [0, 1, 2], "inflate": -0.0001, "pivot": [0.08335, 28, 2.90904], "rotation": [15, 0, 0], "uv": [70, 11]}
					]
				},
				{
					"name": "bigotes",
					"parent": "head",
					"pivot": [0.08335, 0, 1.90904]
				},
				{
					"name": "bigote1",
					"parent": "bigotes",
					"pivot": [0.08335, 0, 1.90904],
					"cubes": [
						{"origin": [-0.91665, 25, 5.90904], "size": [0, 1, 3], "pivot": [0, 0, 2], "rotation": [5, 0, 0], "uv": [70, 1]}
					]
				},
				{
					"name": "bigote2",
					"parent": "bigotes",
					"pivot": [0.08335, 0, 0.90904],
					"rotation": [-5, 0, 0],
					"cubes": [
						{"origin": [-0.91665, 25, -6.09096], "size": [0, 1, 3], "uv": [70, 1]}
					]
				},
				{
					"name": "hoidos",
					"parent": "head",
					"pivot": [0.08335, 0, 0.90904]
				},
				{
					"name": "hoido1",
					"parent": "hoidos",
					"pivot": [0.08335, 0, 0.90904],
					"cubes": [
						{"origin": [1.08335, 29, -4.09096], "size": [2, 4, 3], "uv": [56, 67]}
					]
				},
				{
					"name": "hoido2",
					"parent": "hoidos",
					"pivot": [0.08335, 0, 0.90904],
					"cubes": [
						{"origin": [1.08335, 29, 2.90904], "size": [2, 4, 3], "uv": [67, 67]}
					]
				},
				{
					"name": "hands",
					"parent": "torsomini",
					"pivot": [0, 0, 4]
				},
				{
					"name": "hand0",
					"parent": "hands",
					"pivot": [0, 0, 1],
					"cubes": [
						{"origin": [-1, 18, -6], "size": [6, 5, 5], "uv": [23, 56]}
					]
				},
				{
					"name": "part_hand0",
					"parent": "hand0",
					"pivot": [2, 18, -2],
					"cubes": [
						{"origin": [-2, 17, -16], "size": [8, 7, 10], "uv": [0, 17]}
					]
				},
				{
					"name": "partmine0",
					"parent": "part_hand0",
					"pivot": [0, 0, 1],
					"cubes": [
						{"origin": [0, 18, -18], "size": [4, 4, 2], "pivot": [1, 18, -17], "rotation": [-7.5, 0, 0], "uv": [17, 67]}
					]
				},
				{
					"name": "hand1",
					"parent": "hands",
					"pivot": [0, 0, 1],
					"cubes": [
						{"origin": [-1, 18, 3], "size": [6, 5, 5], "uv": [46, 56]}
					]
				},
				{
					"name": "part_hand1",
					"parent": "hand1",
					"pivot": [2, 18, -2],
					"cubes": [
						{"origin": [-2, 17, 8], "size": [8, 7, 10], "uv": [0, 35]}
					]
				},
				{
					"name": "partmine1",
					"parent": "part_hand1",
					"pivot": [0, 0, 1],
					"cubes": [
						{"origin": [0, 18, 18], "size": [4, 4, 2], "pivot": [1, 18, 19], "rotation": [7.5, 0, 0], "uv": [30, 67]}
					]
				},
				{
					"name": "line",
					"parent": "torsomini",
					"pivot": [0, -1, 1],
					"rotation": [0, 0, -10],
					"cubes": [
						{"origin": [6, 9, -1], "size": [6, 0, 4], "uv": [58, 43]},
						{"origin": [10, 10, -1], "size": [5, 0, 4], "pivot": [4, 0, 1], "rotation": [0, 0, 7.5], "uv": [69, 43]}
					]
				}
			]
		}
	]
}