{
    "type": "minecraft:crafting_shaped",
    "category": "misc",
    "pattern": [
      "brb",
      "s s",
      "   "
    ],
    "key": {
      "s": {
            "item": "minecraft:string"
    },
      "b": {
            "item": "minecraft:brown_mushroom"
    },
      "r": {
            "item": "minecraft:white_terracotta"

    }
    },  
    "result": {
      "id": "minecraft:carved_pumpkin",
      "components": {
        "minecraft:custom_model_data": 255,
        "minecraft:item_name": "Toedscool Shroom\""
      },
      "count": 1
    },
    "show_notification": false
}