{
	"credit": "Made with Blockbench",
	"textures": {
		"0": "item/apple_hand",
		"particle": "item/apple_hand"
	},
	"elements": [
		{
			"from": [5.5, 0, 5.5],
			"to": [10.5, 5, 10.5],
			"rotation": {"angle": 0, "axis": "y", "origin": [7.5, 0, 5.5]},
			"faces": {
				"north": {"uv": [0, 0, 5, 5], "texture": "#0"},
				"east": {"uv": [0, 5, 5, 10], "texture": "#0"},
				"south": {"uv": [5, 0, 10, 5], "texture": "#0"},
				"west": {"uv": [5, 5, 10, 10], "texture": "#0"},
				"up": {"uv": [5, 15, 0, 10], "texture": "#0"},
				"down": {"uv": [15, 0, 10, 5], "texture": "#0"}
			}
		},
		{
			"from": [6.5, 5, 8],
			"to": [8.5, 7, 8],
			"rotation": {"angle": 0, "axis": "y", "origin": [6.5, 5, 8]},
			"faces": {
				"north": {"uv": [5, 10, 7, 12], "texture": "#0"},
				"east": {"uv": [0, 0, 0, 2], "texture": "#0"},
				"south": {"uv": [10, 5, 12, 7], "texture": "#0"},
				"west": {"uv": [0, 0, 0, 2], "texture": "#0"},
				"up": {"uv": [2, 0, 0, 0], "texture": "#0"},
				"down": {"uv": [2, 0, 0, 0], "texture": "#0"}
			}
		}
	],
	"display": {
		"thirdperson_righthand": {
			"rotation": [53, 45, 0],
			"translation": [-0.8, 2.25, 2.5],
			"scale": [0.58, 0.58, 0.58]
		},
		"thirdperson_lefthand": {
			"rotation": [53, 45, 0],
			"translation": [-0.8, 2.25, 2.5],
			"scale": [0.58, 0.58, 0.58]
		},
		"firstperson_righthand": {
			"rotation": [-75, 72, 54],
			"translation": [-0.55, 6.75, 0],
			"scale": [0.83, 0.83, 0.83]
		},
		"firstperson_lefthand": {
			"rotation": [-75, 72, 54],
			"translation": [-0.55, 6.75, 0],
			"scale": [0.83, 0.83, 0.83]
		}
	}
}