{
	"credit": "Made with Blockbench",
	"texture_size": [64, 64],
	"textures": {
		"3": "item/bucket_axolotl"
	},
	"elements": [
		{
			"name": "body",
			"from": [3.9797, 3.80402, 3.22436],
			"to": [11.9797, 13.80402, 7.22436],
			"rotation": {"angle": -22.5, "axis": "x", "origin": [8, 13.9643, 6]},
			"faces": {
				"north": {"uv": [4.75, 0, 6.75, 2.5], "texture": "#3"},
				"east": {"uv": [6, 7, 7, 9.5], "texture": "#3"},
				"south": {"uv": [4.5, 4.5, 6.5, 7], "texture": "#3"},
				"west": {"uv": [7, 7, 8, 9.5], "texture": "#3"},
				"up": {"uv": [9.75, 2, 8.75, 0], "rotation": 90, "texture": "#3"},
				"down": {"uv": [2.25, 8.75, 1.25, 10.75], "rotation": 270, "texture": "#3"}
			}
		},
		{
			"name": "body",
			"from": [7.9797, 5.41862, 4.84824],
			"to": [7.9797, 13.41862, 9.84824],
			"rotation": {"angle": -22.5, "axis": "x", "origin": [8, 13.9643, 6]},
			"faces": {
				"north": {"uv": [0, 0, 0, 2], "texture": "#3"},
				"east": {"uv": [4.75, 2.5, 6, 4.5], "texture": "#3"},
				"south": {"uv": [0, 0, 0, 2], "texture": "#3"},
				"west": {"uv": [8, 7, 9.25, 9], "texture": "#3"},
				"up": {"uv": [1.25, 0, 0, 0], "rotation": 90, "texture": "#3"},
				"down": {"uv": [1.25, 0, 0, 0], "rotation": 270, "texture": "#3"}
			}
		},
		{
			"name": "right_arm",
			"from": [9.9797, 5.8709, 6.5433],
			"to": [12.9797, 10.8709, 6.5433],
			"rotation": {"angle": 45, "axis": "x", "origin": [8, 13.9643, 8]},
			"faces": {
				"north": {"uv": [9.75, 4.5, 10.5, 5.75], "texture": "#3"},
				"east": {"uv": [0, 0, 0, 1.25], "texture": "#3"},
				"south": {"uv": [7, 9.5, 7.75, 10.75], "texture": "#3"},
				"west": {"uv": [0, 0, 0, 1.25], "texture": "#3"},
				"up": {"uv": [0, 0.75, 0, 0], "rotation": 90, "texture": "#3"},
				"down": {"uv": [0, 0, 0, 0.75], "rotation": 270, "texture": "#3"}
			}
		},
		{
			"name": "left_arm",
			"from": [2.9797, 5.8709, 6.5433],
			"to": [5.9797, 10.8709, 6.5433],
			"rotation": {"angle": 45, "axis": "x", "origin": [8, 13.9643, 8]},
			"faces": {
				"north": {"uv": [9.75, 4.5, 10.5, 5.75], "texture": "#3"},
				"east": {"uv": [0, 0, 0, 1.25], "texture": "#3"},
				"south": {"uv": [7, 9.5, 7.75, 10.75], "texture": "#3"},
				"west": {"uv": [0, 0, 0, 1.25], "texture": "#3"},
				"up": {"uv": [0, 0.75, 0, 0], "rotation": 90, "texture": "#3"},
				"down": {"uv": [0, 0, 0, 0.75], "rotation": 270, "texture": "#3"}
			}
		},
		{
			"name": "head",
			"from": [4.0812, 12.66055, 2.16546],
			"to": [11.9188, 17.55905, 7.06396],
			"rotation": {"angle": 0, "axis": "z", "origin": [8, 13.9643, 6]},
			"faces": {
				"north": {"uv": [8.5, 3.25, 10.5, 4.5], "texture": "#3"},
				"east": {"uv": [2.25, 8.75, 3.5, 10], "texture": "#3"},
				"south": {"uv": [8.5, 2, 10.5, 3.25], "texture": "#3"},
				"west": {"uv": [3.5, 9, 4.75, 10.25], "texture": "#3"},
				"up": {"uv": [9.75, 6.5, 8.5, 4.5], "rotation": 90, "texture": "#3"},
				"down": {"uv": [1.25, 8.75, 0, 10.75], "rotation": 270, "texture": "#3"}
			}
		},
		{
			"name": "left_gills",
			"from": [1.1421, 12.66055, 6.08426],
			"to": [4.0812, 19.51845, 6.08426],
			"rotation": {"angle": 0, "axis": "z", "origin": [8, 13.9643, 6]},
			"faces": {
				"north": {"uv": [9.25, 7.25, 10, 9], "texture": "#3"},
				"east": {"uv": [0, 0, 0, 1.75], "texture": "#3"},
				"south": {"uv": [4.75, 9, 5.5, 10.75], "texture": "#3"},
				"west": {"uv": [0, 0, 0, 1.75], "texture": "#3"},
				"up": {"uv": [0, 0.75, 0, 0], "rotation": 90, "texture": "#3"},
				"down": {"uv": [0, 0, 0, 0.75], "rotation": 270, "texture": "#3"}
			}
		},
		{
			"name": "right_gills",
			"from": [11.9188, 12.66055, 6.08426],
			"to": [14.8579, 19.51845, 6.08426],
			"rotation": {"angle": 0, "axis": "z", "origin": [8, 13.9643, 6]},
			"faces": {
				"north": {"uv": [6.25, 9.5, 7, 11.25], "texture": "#3"},
				"east": {"uv": [0, 0, 0, 1.75], "texture": "#3"},
				"south": {"uv": [5.5, 9.5, 6.25, 11.25], "texture": "#3"},
				"west": {"uv": [0, 0, 0, 1.75], "texture": "#3"},
				"up": {"uv": [0, 0.75, 0, 0], "rotation": 90, "texture": "#3"},
				"down": {"uv": [0, 0, 0, 0.75], "rotation": 270, "texture": "#3"}
			}
		},
		{
			"name": "top_gills",
			"from": [4.0812, 17.55905, 6.08426],
			"to": [11.9188, 20.49815, 6.08426],
			"rotation": {"angle": 0, "axis": "z", "origin": [8, 13.9643, 6]},
			"faces": {
				"north": {"uv": [9.25, 6.5, 11.25, 7.25], "texture": "#3"},
				"east": {"uv": [0, 0, 0, 0.75], "texture": "#3"},
				"south": {"uv": [8, 9, 10, 9.75], "texture": "#3"},
				"west": {"uv": [0, 0, 0, 0.75], "texture": "#3"},
				"up": {"uv": [0, 2, 0, 0], "rotation": 90, "texture": "#3"},
				"down": {"uv": [0, 0, 0, 2], "rotation": 270, "texture": "#3"}
			}
		},
		{
			"from": [3, 2, 3],
			"to": [13, 11, 4],
			"rotation": {"angle": 0, "axis": "y", "origin": [3, 1, 3]},
			"faces": {
				"north": {"uv": [0, 0, 2.5, 2.25], "texture": "#3"},
				"east": {"uv": [7.75, 9.5, 8, 11.75], "texture": "#3"},
				"south": {"uv": [0, 2.25, 2.5, 4.5], "texture": "#3"},
				"west": {"uv": [8, 9.75, 8.25, 12], "texture": "#3"},
				"up": {"uv": [12.25, 6, 9.75, 5.75], "texture": "#3"},
				"down": {"uv": [12.25, 6, 9.75, 6.25], "texture": "#3"}
			}
		},
		{
			"from": [3, 2, 4],
			"to": [4, 11, 13],
			"rotation": {"angle": 0, "axis": "y", "origin": [3, 1, 13]},
			"faces": {
				"north": {"uv": [8.25, 9.75, 8.5, 12], "texture": "#3"},
				"east": {"uv": [2.5, 0, 4.75, 2.25], "texture": "#3"},
				"south": {"uv": [8.5, 9.75, 8.75, 12], "texture": "#3"},
				"west": {"uv": [2.5, 2.25, 4.75, 4.5], "texture": "#3"},
				"up": {"uv": [9, 12, 8.75, 9.75], "texture": "#3"},
				"down": {"uv": [9.25, 9.75, 9, 12], "texture": "#3"}
			}
		},
		{
			"from": [4, 2, 12],
			"to": [13, 11, 13],
			"rotation": {"angle": 0, "axis": "y", "origin": [13, 1, 13]},
			"faces": {
				"north": {"uv": [0, 4.5, 2.25, 6.75], "texture": "#3"},
				"east": {"uv": [9.25, 9.75, 9.5, 12], "texture": "#3"},
				"south": {"uv": [2.25, 4.5, 4.5, 6.75], "texture": "#3"},
				"west": {"uv": [9.5, 9.75, 9.75, 12], "texture": "#3"},
				"up": {"uv": [12, 6.5, 9.75, 6.25], "texture": "#3"},
				"down": {"uv": [12, 9.75, 9.75, 10], "texture": "#3"}
			}
		},
		{
			"from": [12, 2, 4],
			"to": [13, 11, 12],
			"rotation": {"angle": 0, "axis": "y", "origin": [12, 1, 13]},
			"faces": {
				"north": {"uv": [2.25, 10, 2.5, 12.25], "texture": "#3"},
				"east": {"uv": [6.5, 2.5, 8.5, 4.75], "texture": "#3"},
				"south": {"uv": [2.5, 10, 2.75, 12.25], "texture": "#3"},
				"west": {"uv": [6.5, 4.75, 8.5, 7], "texture": "#3"},
				"up": {"uv": [6.25, 4.5, 6, 2.5], "texture": "#3"},
				"down": {"uv": [6.5, 2.5, 6.25, 4.5], "texture": "#3"}
			}
		},
		{
			"from": [4, 0, 4],
			"to": [12, 2, 12],
			"rotation": {"angle": 0, "axis": "y", "origin": [4, 0, 4]},
			"faces": {
				"north": {"uv": [9.75, 0, 11.75, 0.5], "texture": "#3"},
				"east": {"uv": [9.75, 0.5, 11.75, 1], "texture": "#3"},
				"south": {"uv": [9.75, 1, 11.75, 1.5], "texture": "#3"},
				"west": {"uv": [9.75, 1.5, 11.75, 2], "texture": "#3"},
				"up": {"uv": [4, 8.75, 2, 6.75], "texture": "#3"},
				"down": {"uv": [6, 7, 4, 9], "texture": "#3"}
			}
		},
		{
			"from": [4, 10, 4],
			"to": [12, 10, 12],
			"rotation": {"angle": 0, "axis": "y", "origin": [8, 8, 4]},
			"faces": {
				"north": {"uv": [0, 0, 2, 0], "texture": "#3"},
				"east": {"uv": [0, 0, 2, 0], "texture": "#3"},
				"south": {"uv": [0, 0, 2, 0], "texture": "#3"},
				"west": {"uv": [0, 0, 2, 0], "texture": "#3"},
				"up": {"uv": [2, 8.75, 0, 6.75], "texture": "#3"},
				"down": {"uv": [8.75, 0, 6.75, 2], "texture": "#3"}
			}
		}
	],
	"display": {
		"thirdperson_righthand": {
			"rotation": [68, 0, 0],
			"translation": [-0.05, 0.5, -1.25],
			"scale": [0.47, 0.5, 0.47]
		},
		"thirdperson_lefthand": {
			"rotation": [68, 0, 0],
			"translation": [-0.05, 0.5, -1.25],
			"scale": [0.47, 0.5, 0.47]
		},
		"firstperson_righthand": {
			"rotation": [-75, 72, 54],
			"translation": [1.25, 2.75, 0.5],
			"scale": [0.66, 0.75, 0.66]
		},
		"firstperson_lefthand": {
			"rotation": [-75, 72, 54],
			"translation": [1.25, 2.75, 0.5],
			"scale": [0.66, 0.75, 0.66]
		}
	},
	"groups": [
		{
			"name": "root",
			"origin": [1.97971, -4, -0.04184],
			"color": 0,
			"children": [
				{
					"name": "body",
					"origin": [1.97971, 3, 3.95816],
					"color": 0,
					"children": [
						0,
						1,
						{
							"name": "right_arm",
							"origin": [5.97971, 1, -4.04184],
							"rotation": [0, 90, 90],
							"color": 0,
							"children": [2]
						},
						{
							"name": "right_leg",
							"origin": [5.97971, 1, 3.95816],
							"rotation": [0, -90, 90],
							"color": 0,
							"children": []
						},
						{
							"name": "left_arm",
							"origin": [-2.02029, 1, -4.04184],
							"rotation": [0, -90, -90],
							"color": 0,
							"children": [3]
						},
						{
							"name": "left_leg",
							"origin": [-2.02029, 1, 3.95816],
							"rotation": [0, 90, -90],
							"color": 0,
							"children": []
						},
						{
							"name": "tail",
							"origin": [1.97971, 2, 3.95816],
							"color": 0,
							"children": []
						},
						{
							"name": "head",
							"origin": [1.97971, 2, -5.04184],
							"color": 0,
							"reset": true,
							"children": [
								4,
								{
									"name": "left_gills",
									"origin": [-2.02029, 2, -6.04184],
									"color": 0,
									"children": [5]
								},
								{
									"name": "right_gills",
									"origin": [5.97971, 2, -6.04184],
									"color": 0,
									"children": [6]
								},
								{
									"name": "top_gills",
									"origin": [1.97971, 5, -6.04184],
									"color": 0,
									"children": [7]
								}
							]
						}
					]
				}
			]
		},
		8,
		9,
		10,
		11,
		12,
		13
	]
}