{
	"credit": "Made with Blockbench",
	"textures": {
		"0": "item/bowl_hand",
		"1": "item/beetroot_soup_hand",
		"particle": "item/beetroot_soup_hand"
	},
	"elements": [
		{
			"from": [5, 1, 5],
			"to": [11, 2, 11],
			"rotation": {"angle": 0, "axis": "y", "origin": [7, 1, 7]},
			"faces": {
				"north": {"uv": [3, 4, 6, 4.5], "texture": "#0"},
				"east": {"uv": [3, 4.5, 6, 5], "texture": "#0"},
				"south": {"uv": [5, 0, 8, 0.5], "texture": "#0"},
				"west": {"uv": [5, 0.5, 8, 1], "texture": "#0"},
				"up": {"uv": [3, 3, 0, 0], "texture": "#0"},
				"down": {"uv": [3, 3, 0, 6], "texture": "#0"}
			}
		},
		{
			"from": [6, 0, 6],
			"to": [10, 1, 10],
			"rotation": {"angle": 0, "axis": "y", "origin": [7, 0, 7]},
			"faces": {
				"north": {"uv": [1, 6, 3, 6.5], "texture": "#0"},
				"east": {"uv": [1, 6.5, 3, 7], "texture": "#0"},
				"south": {"uv": [6.5, 5, 8.5, 5.5], "texture": "#0"},
				"west": {"uv": [6.5, 5.5, 8.5, 6], "texture": "#0"},
				"up": {"uv": [5, 2, 3, 0], "texture": "#0"},
				"down": {"uv": [5, 2, 3, 4], "texture": "#0"}
			}
		},
		{
			"from": [5, 2, 5],
			"to": [6, 3, 10],
			"rotation": {"angle": 0, "axis": "y", "origin": [4, 2, 5]},
			"faces": {
				"north": {"uv": [6.5, 6, 7, 6.5], "texture": "#0"},
				"east": {"uv": [5, 1, 7.5, 1.5], "texture": "#0"},
				"south": {"uv": [6.5, 6.5, 7, 7], "texture": "#0"},
				"west": {"uv": [5, 1.5, 7.5, 2], "texture": "#0"},
				"up": {"uv": [3.5, 7.5, 3, 5], "texture": "#0"},
				"down": {"uv": [4, 5, 3.5, 7.5], "texture": "#0"}
			}
		},
		{
			"from": [6, 2, 5],
			"to": [11, 3, 6],
			"rotation": {"angle": 0, "axis": "y", "origin": [6, 2, 7]},
			"faces": {
				"north": {"uv": [5, 2, 7.5, 2.5], "texture": "#0"},
				"east": {"uv": [1, 7, 1.5, 7.5], "texture": "#0"},
				"south": {"uv": [5, 2.5, 7.5, 3], "texture": "#0"},
				"west": {"uv": [1.5, 7, 2, 7.5], "texture": "#0"},
				"up": {"uv": [7.5, 3.5, 5, 3], "texture": "#0"},
				"down": {"uv": [7.5, 3.5, 5, 4], "texture": "#0"}
			}
		},
		{
			"from": [10, 2, 6],
			"to": [11, 3, 11],
			"rotation": {"angle": 0, "axis": "y", "origin": [10.5, 2.5, 8.5]},
			"faces": {
				"north": {"uv": [2, 7, 2.5, 7.5], "texture": "#0"},
				"east": {"uv": [4, 5, 6.5, 5.5], "texture": "#0"},
				"south": {"uv": [2.5, 7, 3, 7.5], "texture": "#0"},
				"west": {"uv": [4, 5.5, 6.5, 6], "texture": "#0"},
				"up": {"uv": [0.5, 8.5, 0, 6], "texture": "#0"},
				"down": {"uv": [1, 6, 0.5, 8.5], "texture": "#0"}
			}
		},
		{
			"from": [5, 2, 10],
			"to": [10, 3, 11],
			"rotation": {"angle": 0, "axis": "y", "origin": [5, 2, 12]},
			"faces": {
				"north": {"uv": [4, 6, 6.5, 6.5], "texture": "#0"},
				"east": {"uv": [4, 7, 4.5, 7.5], "texture": "#0"},
				"south": {"uv": [6, 4, 8.5, 4.5], "texture": "#0"},
				"west": {"uv": [4.5, 7, 5, 7.5], "texture": "#0"},
				"up": {"uv": [8.5, 5, 6, 4.5], "texture": "#0"},
				"down": {"uv": [6.5, 6.5, 4, 7], "texture": "#0"}
			}
		},
		{
			"from": [6, 2.5, 6],
			"to": [10, 2.5, 10],
			"rotation": {"angle": 0, "axis": "y", "origin": [7, 2.5, 6]},
			"faces": {
				"north": {"uv": [0, 0, 4, 0], "texture": "#1"},
				"east": {"uv": [0, 0, 4, 0], "texture": "#1"},
				"south": {"uv": [0, 0, 4, 0], "texture": "#1"},
				"west": {"uv": [0, 0, 4, 0], "texture": "#1"},
				"up": {"uv": [4, 4, 0, 0], "texture": "#1"},
				"down": {"uv": [4, 4, 0, 8], "texture": "#1"}
			}
		}
	],
	"display": {
		"thirdperson_righthand": {
			"rotation": [67, 0, 0],
			"translation": [0, 2.5, 4.25],
			"scale": [0.91, 0.96, 0.91]
		},
		"thirdperson_lefthand": {
			"rotation": [67, 0, 0],
			"translation": [0, 2.5, 4.25],
			"scale": [0.91, 0.96, 0.91]
		},
		"firstperson_righthand": {
			"rotation": [-73.91, 76.99, 47.95],
			"translation": [-0.55, 7.75, 0],
			"scale": [0.98, 0.98, 0.98]
		},
		"firstperson_lefthand": {
			"rotation": [-73.91, 76.99, 47.95],
			"translation": [-0.55, 7.75, 0],
			"scale": [0.98, 0.98, 0.98]
		}
	}
}