{
	"credit": "Made with Blockbench",
	"textures": {
		"3": "item/blaze_rod_hand"
	},
	"elements": [
		{
			"name": "handle",
			"from": [7.2, 0, 7.2],
			"to": [8.8, 11, 8.8],
			"light_emission": 15,
			"rotation": {"angle": 0, "axis": "y", "origin": [8, -1, 8]},
			"faces": {
				"north": {"uv": [4, 0, 6, 11], "texture": "#3"},
				"east": {"uv": [6, 0, 8, 11], "texture": "#3"},
				"south": {"uv": [0, 0, 2, 11], "texture": "#3"},
				"west": {"uv": [2, 0, 4, 11], "texture": "#3"},
				"up": {"uv": [10, 2, 8, 0], "rotation": 180, "texture": "#3"},
				"down": {"uv": [10, 2, 8, 4], "rotation": 180, "texture": "#3"}
			}
		},
		{
			"name": "handle_outline",
			"from": [8.9, 11.1, 8.9],
			"to": [7.1, -0.1, 7.1],
			"light_emission": 15,
			"rotation": {"angle": 0, "axis": "y", "origin": [8, -1, 8]},
			"faces": {
				"north": {"uv": [9, 7, 11, 9], "rotation": 180, "texture": "#3"},
				"east": {"uv": [9, 7, 11, 9], "rotation": 180, "texture": "#3"},
				"south": {"uv": [9, 7, 11, 9], "rotation": 180, "texture": "#3"},
				"west": {"uv": [9, 7, 11, 9], "rotation": 180, "texture": "#3"},
				"up": {"uv": [11, 7, 9, 9], "rotation": 90, "texture": "#3"},
				"down": {"uv": [11, 9, 9, 7], "rotation": 270, "texture": "#3"}
			}
		}
	],
	"display": {
		"thirdperson_righthand": {
			"rotation": [-5, 127, 0],
			"translation": [-0.25, 3, 0.5],
			"scale": [0.62, 0.62, 0.62]
		},
		"thirdperson_lefthand": {
			"rotation": [-5, 127, 0],
			"translation": [-0.25, 3, 0.5],
			"scale": [0.62, 0.62, 0.62]
		},
		"firstperson_righthand": {
			"rotation": [-3.15, -50.74, 10.67],
			"translation": [0, 5.5, 2.75],
			"scale": [0.84, 0.94, 0.84]
		},
		"firstperson_lefthand": {
			"rotation": [-3.15, -50.74, 10.67],
			"translation": [0, 5.5, 2.75],
			"scale": [0.84, 0.94, 0.84]
		},
		"ground": {
			"rotation": [0, 90, 0],
			"translation": [0, 2.5, 0],
			"scale": [0.5, 0.5, 0.5]
		},
		"gui": {
			"rotation": [0, 0, -45],
			"translation": [-2, -2.75, 0],
			"scale": [0.85, 0.85, 0.85]
		},
		"head": {
			"rotation": [0, 90, 0],
			"translation": [0.5, 14.5, 0]
		},
		"fixed": {
			"translation": [0.5, -2, 0],
			"scale": [0.75, 0.75, 0.75]
		}
	}
}