{
	"credit": "Made with Blockbench",
	"texture_size": [32, 32],
	"textures": {
		"2": "item/bow_hand_1",
		"4": "item/arrow_hand",
		"particle": "item/bow_hand_1"
	},
	"elements": [
		{
			"name": "handle",
			"from": [7.5, 10, 2],
			"to": [8.5, 18, 4],
			"rotation": {"angle": 0, "axis": "y", "origin": [7.5, 12, 2]},
			"faces": {
				"north": {"uv": [12, 8, 12.5, 12], "texture": "#2"},
				"east": {"uv": [12, 0, 13, 4], "texture": "#2"},
				"south": {"uv": [12, 12, 12.5, 16], "texture": "#2"},
				"west": {"uv": [12, 4, 13, 8], "texture": "#2"},
				"up": {"uv": [13.5, 7, 13, 6], "texture": "#2"},
				"down": {"uv": [13.5, 7, 13, 8], "texture": "#2"}
			}
		},
		{
			"name": "handle 1 up",
			"from": [7.5, 7, 3],
			"to": [8.5, 10, 5],
			"rotation": {"angle": 0, "axis": "y", "origin": [7.5, 8, 3]},
			"faces": {
				"north": {"uv": [13, 0, 13.5, 1.5], "texture": "#2"},
				"east": {"uv": [12.5, 8, 13.5, 9.5], "texture": "#2"},
				"south": {"uv": [13, 1.5, 13.5, 3], "texture": "#2"},
				"west": {"uv": [12.5, 9.5, 13.5, 11], "texture": "#2"},
				"up": {"uv": [14, 1, 13.5, 0], "texture": "#2"},
				"down": {"uv": [14, 1, 13.5, 2], "texture": "#2"}
			}
		},
		{
			"name": "handle 1 down",
			"from": [7.5, 18, 3],
			"to": [8.5, 21, 5],
			"rotation": {"angle": 0, "axis": "y", "origin": [7.5, 19, 3]},
			"faces": {
				"north": {"uv": [13, 3, 13.5, 4.5], "texture": "#2"},
				"east": {"uv": [12.5, 11, 13.5, 12.5], "texture": "#2"},
				"south": {"uv": [13, 4.5, 13.5, 6], "texture": "#2"},
				"west": {"uv": [12.5, 12.5, 13.5, 14], "texture": "#2"},
				"up": {"uv": [14, 3, 13.5, 2], "texture": "#2"},
				"down": {"uv": [14, 3, 13.5, 4], "texture": "#2"}
			}
		},
		{
			"name": "bow flat",
			"from": [8, 0, 4],
			"to": [8.0001, 28, 16],
			"rotation": {"angle": 0, "axis": "y", "origin": [6, 21, 4]},
			"faces": {
				"north": {"uv": [0, 0, 0, 14], "texture": "#2"},
				"east": {"uv": [12, 0, 6, 14], "texture": "#2"},
				"south": {"uv": [0, 0, 0, 14], "texture": "#2"},
				"west": {"uv": [6, 0, 12, 14], "texture": "#2"},
				"up": {"uv": [0, 6, 0, 0], "texture": "#2"},
				"down": {"uv": [0, 0, 0, 6], "texture": "#2"}
			}
		},
		{
			"name": "arrow 1",
			"from": [6.5, 14, -5],
			"to": [11.5, 14.001, 11],
			"rotation": {"angle": 0, "axis": "y", "origin": [6.5, 14, 11]},
			"faces": {
				"north": {"uv": [3.5, 5, 8.5, 5], "texture": "#4"},
				"east": {"uv": [5, 5, 7, 5], "texture": "#4"},
				"south": {"uv": [3.5, 5, 8.5, 5], "texture": "#4"},
				"west": {"uv": [5, 5, 7, 5], "texture": "#4"},
				"up": {"uv": [0, 0, 8, 2.5], "rotation": 270, "texture": "#4"},
				"down": {"uv": [0, 0, 8, 2.5], "rotation": 90, "texture": "#4"}
			}
		},
		{
			"name": "arrow 2",
			"from": [9, 11.5, -5],
			"to": [9.001, 16.5, 11],
			"rotation": {"angle": 0, "axis": "y", "origin": [9, 14, 3]},
			"faces": {
				"north": {"uv": [3.5, 5.5, 8.5, 5.5], "rotation": 90, "texture": "#4"},
				"east": {"uv": [0, 0, 8, 2.5], "texture": "#4"},
				"south": {"uv": [3.5, 5.5, 8.5, 5.5], "rotation": 270, "texture": "#4"},
				"west": {"uv": [0, 2.5, 8, 0], "rotation": 180, "texture": "#4"},
				"up": {"uv": [3.5, 5.5, 5.5, 5.5], "rotation": 270, "texture": "#4"},
				"down": {"uv": [3.5, 5.5, 5.5, 5.5], "rotation": 270, "texture": "#4"}
			}
		}
	],
	"display": {
		"thirdperson_righthand": {
			"rotation": [0, 0, 180],
			"translation": [-1.75, 2.75, 4],
			"scale": [0.77, 0.77, 0.77]
		},
		"thirdperson_lefthand": {
			"translation": [-1.75, -6.5, 4],
			"scale": [0.77, 0.77, 0.77]
		},
		"firstperson_righthand": {
			"rotation": [42.07, 11.31, -10.01],
			"translation": [1, -1, 1],
			"scale": [0.92, 0.7, 0.66]
		},
		"firstperson_lefthand": {
			"rotation": [42.07, 11.31, -10.01],
			"translation": [1, -1, 1],
			"scale": [0.92, 0.7, 0.66]
		},
		"gui": {
			"rotation": [61, 55, -61],
			"translation": [-1, -3.25, -2.5],
			"scale": [0.75, 0.75, 0.75]
		}
	}
}