{
	"credit": "Made with Blockbench",
	"textures": {
		"0": "item/bread_hand",
		"particle": "item/bread_hand"
	},
	"elements": [
		{
			"from": [6, 0, 3.5],
			"to": [10, 3, 11.5],
			"rotation": {"angle": 0, "axis": "y", "origin": [8, 1.5, 7.5]},
			"faces": {
				"north": {"uv": [8, 6, 12, 9], "texture": "#0"},
				"east": {"uv": [8, 0, 16, 3], "texture": "#0"},
				"south": {"uv": [8, 3, 12, 6], "texture": "#0"},
				"west": {"uv": [0, 8, 8, 11], "texture": "#0"},
				"up": {"uv": [4, 8, 0, 0], "rotation": 180, "texture": "#0"},
				"down": {"uv": [8, 0, 4, 8], "rotation": 180, "texture": "#0"}
			}
		}
	],
	"display": {
		"thirdperson_righthand": {
			"rotation": [85, -21, 23],
			"translation": [-2.5, 0.5, 4.75],
			"scale": [0.64, 0.64, 0.64]
		},
		"thirdperson_lefthand": {
			"rotation": [85, -21, 23],
			"translation": [-2.5, 0.5, 4.75],
			"scale": [0.64, 0.64, 0.64]
		},
		"firstperson_righthand": {
			"rotation": [97.24, -32.28, 147.44],
			"translation": [-2.25, 3.5, -2],
			"scale": [0.93, 0.83, 1.07]
		},
		"firstperson_lefthand": {
			"rotation": [97.24, -32.28, 147.44],
			"translation": [-2.25, 3.5, -2],
			"scale": [0.93, 0.83, 1.07]
		}
	}
}