{
	"credit": "Made with Blockbench",
	"texture_size": [32, 32],
	"textures": {
		"1": "item/carrot_hand"
	},
	"elements": [
		{
			"name": "carrot top",
			"from": [6.5, 4, 6.5],
			"to": [9.5, 9, 9.5],
			"rotation": {"angle": 0, "axis": "y", "origin": [6.5, 5, 6.5]},
			"faces": {
				"north": {"uv": [0, 5, 1.5, 7.5], "texture": "#1"},
				"east": {"uv": [5, 0, 6.5, 2.5], "texture": "#1"},
				"south": {"uv": [1.5, 5, 3, 7.5], "texture": "#1"},
				"west": {"uv": [5, 2.5, 6.5, 5], "texture": "#1"},
				"up": {"uv": [4.5, 6.5, 3, 5], "texture": "#1"},
				"down": {"uv": [6, 5, 4.5, 6.5], "texture": "#1"}
			}
		},
		{
			"name": "carrot bottom",
			"from": [7, 0, 7],
			"to": [9, 4, 9],
			"rotation": {"angle": 0, "axis": "y", "origin": [7, 0, 7]},
			"faces": {
				"north": {"uv": [6, 5, 7, 7], "texture": "#1"},
				"east": {"uv": [6.5, 0, 7.5, 2], "texture": "#1"},
				"south": {"uv": [6.5, 2, 7.5, 4], "texture": "#1"},
				"west": {"uv": [3, 6.5, 4, 8.5], "texture": "#1"},
				"up": {"uv": [5, 7.5, 4, 6.5], "texture": "#1"},
				"down": {"uv": [7.5, 4, 6.5, 5], "texture": "#1"}
			}
		},
		{
			"name": "leaves 1",
			"from": [8, 8, 5.5],
			"to": [8, 13, 10.5],
			"rotation": {"angle": 45, "axis": "y", "origin": [8, 10.5, 8]},
			"faces": {
				"north": {"uv": [0, 0, 0, 2.5], "texture": "#1"},
				"east": {"uv": [2.5, 0, 5, 2.5], "texture": "#1"},
				"south": {"uv": [0, 0, 0, 2.5], "texture": "#1"},
				"west": {"uv": [2.5, 2.5, 5, 5], "texture": "#1"},
				"up": {"uv": [0, 2.5, 0, 0], "texture": "#1"},
				"down": {"uv": [0, 0, 0, 2.5], "texture": "#1"}
			}
		},
		{
			"name": "leaves 2",
			"from": [5.5, 8, 8],
			"to": [10.5, 13, 8],
			"rotation": {"angle": 45, "axis": "y", "origin": [8, 10.5, 8]},
			"faces": {
				"north": {"uv": [0, 0, 2.5, 2.5], "texture": "#1"},
				"east": {"uv": [0, 0, 0, 2.5], "texture": "#1"},
				"south": {"uv": [0, 2.5, 2.5, 5], "texture": "#1"},
				"west": {"uv": [0, 0, 0, 2.5], "texture": "#1"},
				"up": {"uv": [2.5, 0, 0, 0], "texture": "#1"},
				"down": {"uv": [2.5, 0, 0, 0], "texture": "#1"}
			}
		}
	],
	"display": {
		"thirdperson_righthand": {
			"translation": [0, 2, 1.75],
			"scale": [0.62, 0.62, 0.62]
		},
		"thirdperson_lefthand": {
			"translation": [0, 2, 1.75],
			"scale": [0.62, 0.62, 0.62]
		},
		"firstperson_righthand": {
			"rotation": [-7.35, 25.65, -26.02],
			"translation": [1, 4, 0.75],
			"scale": [0.77, 0.77, 0.77]
		},
		"firstperson_lefthand": {
			"rotation": [-7.35, 25.65, -26.02],
			"translation": [1, 4, 0.75],
			"scale": [0.77, 0.77, 0.77]
		}
	}
}