{
	"credit": "Made with Blockbench",
	"texture_size": [64, 64],
	"textures": {
		"5": "item/bucket_cod"
	},
	"elements": [
		{
			"name": "body",
			"from": [3.66352, 9.35027, 6.88],
			"to": [11.50352, 13.83027, 9.12],
			"rotation": {"angle": 45, "axis": "z", "origin": [10, 11.1073, 8]},
			"faces": {
				"north": {"uv": [6.75, 1, 8.75, 2], "texture": "#5"},
				"east": {"uv": [8.25, 8.25, 8.75, 9.25], "texture": "#5"},
				"south": {"uv": [6.75, 0, 8.75, 1], "texture": "#5"},
				"west": {"uv": [8.5, 4.25, 9, 5.25], "texture": "#5"},
				"up": {"uv": [4.5, 8.75, 4, 6.75], "rotation": 90, "texture": "#5"},
				"down": {"uv": [5, 6.75, 4.5, 8.75], "rotation": 270, "texture": "#5"}
			}
		},
		{
			"name": "body",
			"from": [5.12571, 13.75956, 8],
			"to": [11.84571, 14.87956, 8],
			"rotation": {"angle": 45, "axis": "z", "origin": [10, 11.1073, 8]},
			"faces": {
				"north": {"uv": [5.5, 8.5, 7.25, 8.75], "texture": "#5"},
				"east": {"uv": [0, 0, 0, 0.25], "texture": "#5"},
				"south": {"uv": [4.75, 4.25, 6.5, 4.5], "texture": "#5"},
				"west": {"uv": [4.75, 4.25, 6.5, 4.5], "texture": "#5"},
				"up": {"uv": [0, 1.75, 0, 0], "rotation": 90, "texture": "#5"},
				"down": {"uv": [0, 0, 0, 1.75], "rotation": 270, "texture": "#5"}
			}
		},
		{
			"name": "body",
			"from": [7.02352, 8.23027, 8],
			"to": [9.26352, 9.35027, 8],
			"rotation": {"angle": 45, "axis": "z", "origin": [10, 11.1073, 8]},
			"faces": {
				"north": {"uv": [1, 8.75, 1.5, 9], "texture": "#5"},
				"east": {"uv": [0, 0, 0, 0.25], "texture": "#5"},
				"south": {"uv": [8.75, 0.75, 9.25, 1], "texture": "#5"},
				"west": {"uv": [0, 0, 0, 0.25], "texture": "#5"},
				"up": {"uv": [0, 0.5, 0, 0], "rotation": 90, "texture": "#5"},
				"down": {"uv": [0, 0, 0, 0.5], "rotation": 270, "texture": "#5"}
			}
		},
		{
			"name": "head",
			"from": [13.66271, 10.89158, 6.90071],
			"to": [14.77151, 14.21798, 9.11831],
			"rotation": {"angle": 22.5, "axis": "z", "origin": [10, 11.1073, 8]},
			"faces": {
				"north": {"uv": [0.75, 8.75, 1, 9.5], "texture": "#5"},
				"east": {"uv": [8.5, 6.25, 9, 7], "texture": "#5"},
				"south": {"uv": [0.5, 8.75, 0.75, 9.5], "texture": "#5"},
				"west": {"uv": [8.5, 7, 9, 7.75], "texture": "#5"},
				"up": {"uv": [9.25, 1.25, 8.75, 1], "rotation": 90, "texture": "#5"},
				"down": {"uv": [9.25, 1.25, 8.75, 1.5], "rotation": 270, "texture": "#5"}
			}
		},
		{
			"name": "head",
			"from": [10.33631, 9.78189, 6.9016],
			"to": [13.66271, 14.21709, 9.1192],
			"rotation": {"angle": 22.5, "axis": "z", "origin": [10, 11.1073, 8]},
			"faces": {
				"north": {"uv": [5.75, 6.75, 6.5, 7.75], "texture": "#5"},
				"east": {"uv": [5, 8.5, 5.5, 9.5], "texture": "#5"},
				"south": {"uv": [5, 6.75, 5.75, 7.75], "texture": "#5"},
				"west": {"uv": [8.5, 5.25, 9, 6.25], "texture": "#5"},
				"up": {"uv": [0.5, 9.5, 0, 8.75], "rotation": 90, "texture": "#5"},
				"down": {"uv": [9.25, 0, 8.75, 0.75], "rotation": 270, "texture": "#5"}
			}
		},
		{
			"name": "leftFin",
			"from": [8.38352, 8.93605, 4.64],
			"to": [10.62352, 9.05605, 6.88],
			"rotation": {"angle": 45, "axis": "z", "origin": [8, 11.1073, 8]},
			"faces": {
				"north": {"uv": [8.75, 2, 9.25, 2.25], "texture": "#5"},
				"east": {"uv": [1.5, 8.75, 2, 9], "texture": "#5"},
				"south": {"uv": [8.75, 1.5, 9.25, 1.75], "texture": "#5"},
				"west": {"uv": [8.75, 1.75, 9.25, 2], "texture": "#5"},
				"up": {"uv": [5.5, 8.25, 5, 7.75], "rotation": 90, "texture": "#5"},
				"down": {"uv": [6, 7.75, 5.5, 8.25], "rotation": 270, "texture": "#5"}
			}
		},
		{
			"name": "rightFin",
			"from": [10.05125, 11.49082, 9.12],
			"to": [10.17125, 13.73082, 11.36],
			"rotation": {"angle": -45, "axis": "z", "origin": [8, 11.1073, 8]},
			"faces": {
				"north": {"uv": [8.75, 2.75, 9, 3.25], "texture": "#5"},
				"east": {"uv": [6, 7.75, 6.5, 8.25], "texture": "#5"},
				"south": {"uv": [8.75, 2.25, 9, 2.75], "texture": "#5"},
				"west": {"uv": [8.5, 7.75, 9, 8.25], "texture": "#5"},
				"up": {"uv": [9.25, 3.5, 8.75, 3.25], "rotation": 90, "texture": "#5"},
				"down": {"uv": [4.5, 8.75, 4, 9], "rotation": 270, "texture": "#5"}
			}
		},
		{
			"from": [3, 2, 3],
			"to": [13, 11, 4],
			"rotation": {"angle": 0, "axis": "y", "origin": [3, 1, 3]},
			"faces": {
				"north": {"uv": [0, 0, 2.5, 2.25], "texture": "#5"},
				"east": {"uv": [2, 7.25, 2.25, 9.5], "texture": "#5"},
				"south": {"uv": [0, 2.25, 2.5, 4.5], "texture": "#5"},
				"west": {"uv": [2.25, 7.25, 2.5, 9.5], "texture": "#5"},
				"up": {"uv": [9.25, 3.75, 6.75, 3.5], "texture": "#5"},
				"down": {"uv": [9.25, 3.75, 6.75, 4], "texture": "#5"}
			}
		},
		{
			"from": [3, 2, 4],
			"to": [4, 11, 13],
			"rotation": {"angle": 0, "axis": "y", "origin": [3, 1, 13]},
			"faces": {
				"north": {"uv": [2.5, 7.25, 2.75, 9.5], "texture": "#5"},
				"east": {"uv": [2.5, 0, 4.75, 2.25], "texture": "#5"},
				"south": {"uv": [2.75, 7.25, 3, 9.5], "texture": "#5"},
				"west": {"uv": [2.5, 2.25, 4.75, 4.5], "texture": "#5"},
				"up": {"uv": [3.25, 9.5, 3, 7.25], "texture": "#5"},
				"down": {"uv": [3.5, 7.25, 3.25, 9.5], "texture": "#5"}
			}
		},
		{
			"from": [4, 2, 12],
			"to": [13, 11, 13],
			"rotation": {"angle": 0, "axis": "y", "origin": [13, 1, 13]},
			"faces": {
				"north": {"uv": [0, 4.5, 2.25, 6.75], "texture": "#5"},
				"east": {"uv": [3.5, 7.25, 3.75, 9.5], "texture": "#5"},
				"south": {"uv": [2.25, 4.5, 4.5, 6.75], "texture": "#5"},
				"west": {"uv": [3.75, 7.25, 4, 9.5], "texture": "#5"},
				"up": {"uv": [9, 4.25, 6.75, 4], "texture": "#5"},
				"down": {"uv": [7.25, 8.25, 5, 8.5], "texture": "#5"}
			}
		},
		{
			"from": [12, 2, 4],
			"to": [13, 11, 12],
			"rotation": {"angle": 0, "axis": "y", "origin": [12, 1, 13]},
			"faces": {
				"north": {"uv": [7.25, 8.25, 7.5, 10.5], "texture": "#5"},
				"east": {"uv": [4.5, 4.5, 6.5, 6.75], "texture": "#5"},
				"south": {"uv": [7.5, 8.25, 7.75, 10.5], "texture": "#5"},
				"west": {"uv": [4.75, 0, 6.75, 2.25], "texture": "#5"},
				"up": {"uv": [8, 10.25, 7.75, 8.25], "texture": "#5"},
				"down": {"uv": [8.25, 8.25, 8, 10.25], "texture": "#5"}
			}
		},
		{
			"from": [4, 0, 4],
			"to": [12, 2, 12],
			"rotation": {"angle": 0, "axis": "y", "origin": [4, 0, 4]},
			"faces": {
				"north": {"uv": [2, 6.75, 4, 7.25], "texture": "#5"},
				"east": {"uv": [6.75, 2, 8.75, 2.5], "texture": "#5"},
				"south": {"uv": [6.75, 2.5, 8.75, 3], "texture": "#5"},
				"west": {"uv": [6.75, 3, 8.75, 3.5], "texture": "#5"},
				"up": {"uv": [8.5, 8.25, 6.5, 6.25], "texture": "#5"},
				"down": {"uv": [2, 6.75, 0, 8.75], "texture": "#5"}
			}
		},
		{
			"from": [4, 10, 4],
			"to": [12, 10, 12],
			"rotation": {"angle": 0, "axis": "y", "origin": [8, 8, 4]},
			"faces": {
				"north": {"uv": [0, 0, 2, 0], "texture": "#5"},
				"east": {"uv": [0, 0, 2, 0], "texture": "#5"},
				"south": {"uv": [0, 0, 2, 0], "texture": "#5"},
				"west": {"uv": [0, 0, 2, 0], "texture": "#5"},
				"up": {"uv": [6.75, 4.25, 4.75, 2.25], "texture": "#5"},
				"down": {"uv": [8.5, 4.25, 6.5, 6.25], "texture": "#5"}
			}
		}
	],
	"display": {
		"thirdperson_righthand": {
			"rotation": [68, 180, 0],
			"translation": [-0.05, 0.5, -1.25],
			"scale": [0.47, 0.5, 0.47]
		},
		"thirdperson_lefthand": {
			"rotation": [68, 180, 0],
			"translation": [-0.05, 0.5, -1.25],
			"scale": [0.47, 0.5, 0.47]
		},
		"firstperson_righthand": {
			"rotation": [-75, 72, 54],
			"translation": [1.25, 2.75, 0.5],
			"scale": [0.66, 0.75, 0.66]
		},
		"firstperson_lefthand": {
			"rotation": [-75, 72, 54],
			"translation": [1.25, 2.75, 0.5],
			"scale": [0.66, 0.75, 0.66]
		}
	},
	"groups": [
		{
			"name": "body",
			"origin": [0.04, 0, 1.62248],
			"color": 0,
			"children": [
				0,
				1,
				2,
				{
					"name": "head",
					"origin": [0.04, 2, 1.62248],
					"color": 0,
					"children": [3, 4]
				},
				{
					"name": "leftFin",
					"origin": [-0.96, 1, 1.62248],
					"rotation": [0, 0, 35],
					"color": 0,
					"children": [5]
				},
				{
					"name": "rightFin",
					"origin": [1.04, 1, 1.62248],
					"rotation": [0, 0, -35],
					"color": 0,
					"children": [6]
				},
				{
					"name": "waist",
					"origin": [0.04, 0, 1.62248],
					"color": 0,
					"children": []
				}
			]
		},
		7,
		8,
		9,
		10,
		11,
		12
	]
}