{
	"credit": "Made with Blockbench",
	"texture_size": [32, 32],
	"textures": {
		"1": "item/cod_hand",
		"particle": "item/cod_hand"
	},
	"elements": [
		{
			"name": "body",
			"from": [7, 0, 4],
			"to": [9, 4, 11],
			"rotation": {"angle": 0, "axis": "y", "origin": [7, 2, 7.25]},
			"faces": {
				"north": {"uv": [3.5, 3.5, 4.5, 5.5], "texture": "#1"},
				"east": {"uv": [0, 3.5, 3.5, 5.5], "texture": "#1"},
				"south": {"uv": [8, 3.5, 9, 5.5], "texture": "#1"},
				"west": {"uv": [4.5, 3.5, 8, 5.5], "texture": "#1"},
				"up": {"uv": [4.5, 3.5, 3.5, 0], "texture": "#1"},
				"down": {"uv": [5.5, 0, 4.5, 3.5], "texture": "#1"}
			}
		},
		{
			"name": "body",
			"from": [8, 4, 3],
			"to": [8, 5, 9],
			"rotation": {"angle": 0, "axis": "y", "origin": [8, 2, 7.25]},
			"faces": {
				"north": {"uv": [13, 0, 13, 0.5], "texture": "#1"},
				"east": {"uv": [13, 0, 16, 0.5], "rotation": 180, "texture": "#1"},
				"south": {"uv": [16, 0, 16, 0.5], "texture": "#1"},
				"west": {"uv": [13, 0, 16, 0.5], "texture": "#1"},
				"up": {"uv": [13, 0, 13, -3], "texture": "#1"},
				"down": {"uv": [13, -3, 13, 0], "texture": "#1"}
			}
		},
		{
			"name": "body",
			"from": [8, -1, 6],
			"to": [8, 0, 8],
			"rotation": {"angle": 0, "axis": "y", "origin": [8, 2, 7.25]},
			"faces": {
				"north": {"uv": [12, 0.5, 12, 1], "texture": "#1"},
				"east": {"uv": [11, 0.5, 12, 1], "texture": "#1"},
				"south": {"uv": [13, 0.5, 13, 1], "texture": "#1"},
				"west": {"uv": [12, 0.5, 13, 1], "texture": "#1"},
				"up": {"uv": [12, 0.5, 12, -0.5], "texture": "#1"},
				"down": {"uv": [12, -0.5, 12, 0.5], "texture": "#1"}
			}
		},
		{
			"name": "head",
			"from": [6.9992, 1.0008, 0],
			"to": [8.9992, 4.0008, 1],
			"rotation": {"angle": 0, "axis": "y", "origin": [8, 2, 7.25]},
			"faces": {
				"north": {"uv": [0.5, 0.5, 1.5, 2], "texture": "#1"},
				"east": {"uv": [0, 0.5, 0.5, 2], "texture": "#1"},
				"south": {"uv": [2, 0.5, 3, 2], "texture": "#1"},
				"west": {"uv": [1.5, 0.5, 2, 2], "texture": "#1"},
				"up": {"uv": [1.5, 0.5, 0.5, 0], "texture": "#1"},
				"down": {"uv": [2.5, 0, 1.5, 0.5], "texture": "#1"}
			}
		},
		{
			"name": "head",
			"from": [7, 0, 1],
			"to": [9, 4, 4],
			"rotation": {"angle": 0, "axis": "y", "origin": [8, 2, 7.25]},
			"faces": {
				"north": {"uv": [7, 1.5, 8, 3.5], "texture": "#1"},
				"east": {"uv": [5.5, 1.5, 7, 3.5], "texture": "#1"},
				"south": {"uv": [9.5, 1.5, 10.5, 3.5], "texture": "#1"},
				"west": {"uv": [8, 1.5, 9.5, 3.5], "texture": "#1"},
				"up": {"uv": [8, 1.5, 7, 0], "texture": "#1"},
				"down": {"uv": [9, 0, 8, 1.5], "texture": "#1"}
			}
		},
		{
			"name": "leftFin",
			"from": [4.61732, 1.07612, 3],
			"to": [6.61732, 1.07612, 5],
			"rotation": {"angle": 22.5, "axis": "z", "origin": [8, 2, 7.25]},
			"faces": {
				"north": {"uv": [13, 3, 14, 3.5], "texture": "#1"},
				"east": {"uv": [12, 3, 13, 3.5], "texture": "#1"},
				"south": {"uv": [15, 3, 16, 3.5], "texture": "#1"},
				"west": {"uv": [14, 3, 15, 3.5], "texture": "#1"},
				"up": {"uv": [14, 3, 13, 2], "texture": "#1"},
				"down": {"uv": [14, 2, 13, 3], "texture": "#1"}
			}
		},
		{
			"name": "rightFin",
			"from": [9.38268, 1.07612, 3],
			"to": [11.38268, 1.07612, 5],
			"rotation": {"angle": -22.5, "axis": "z", "origin": [8, 2, 7.25]},
			"faces": {
				"north": {"uv": [13, 1.5, 14, 1.5], "texture": "#1"},
				"east": {"uv": [12, 1.5, 13, 1.5], "texture": "#1"},
				"south": {"uv": [15, 1.5, 16, 1.5], "texture": "#1"},
				"west": {"uv": [14, 1.5, 15, 1.5], "texture": "#1"},
				"up": {"uv": [14, 1.5, 13, 0.5], "texture": "#1"},
				"down": {"uv": [14, 0.5, 13, 1.5], "texture": "#1"}
			}
		},
		{
			"name": "tailfin",
			"from": [8, 0, 11],
			"to": [8, 4, 17],
			"rotation": {"angle": 0, "axis": "y", "origin": [8, 2, 7.25]},
			"faces": {
				"north": {"uv": [13, 3.5, 13, 5.5], "texture": "#1"},
				"east": {"uv": [13, 3.5, 16, 5.5], "rotation": 180, "texture": "#1"},
				"south": {"uv": [16, 3.5, 16, 5.5], "texture": "#1"},
				"west": {"uv": [13, 3.5, 16, 5.5], "texture": "#1"},
				"up": {"uv": [13, 3.5, 13, 0.5], "texture": "#1"},
				"down": {"uv": [13, 0.5, 13, 3.5], "texture": "#1"}
			}
		}
	],
	"display": {
		"thirdperson_righthand": {
			"rotation": [89, 0, 0],
			"translation": [-0.25, -2.75, 4],
			"scale": [0.7, 0.7, 0.7]
		},
		"thirdperson_lefthand": {
			"rotation": [89, 0, 0],
			"translation": [-0.25, -2.75, 4],
			"scale": [0.7, 0.7, 0.7]
		},
		"firstperson_righthand": {
			"rotation": [66, -5.48, -22.69],
			"translation": [1, 1, 6],
			"scale": [0.77, 0.77, 0.77]
		},
		"firstperson_lefthand": {
			"rotation": [66, -5.48, -22.69],
			"translation": [1, 1, 6],
			"scale": [0.77, 0.77, 0.77]
		}
	},
	"groups": [
		{
			"name": "body",
			"origin": [0, 0, 0],
			"color": 0,
			"children": [
				0,
				1,
				2,
				{
					"name": "head",
					"origin": [0, 2, 0],
					"color": 0,
					"children": [3, 4]
				},
				{
					"name": "leftFin",
					"origin": [-1, 1, 0],
					"rotation": [0, 0, 35],
					"color": 0,
					"children": [5]
				},
				{
					"name": "rightFin",
					"origin": [1, 1, 0],
					"rotation": [0, 0, -35],
					"color": 0,
					"children": [6]
				},
				{
					"name": "tailfin",
					"origin": [0, 0, 8],
					"color": 0,
					"children": [7]
				},
				{
					"name": "waist",
					"origin": [0, 0, 0],
					"color": 0,
					"children": []
				}
			]
		}
	]
}