{
	"credit": "Made with Blockbench",
	"texture_size": [32, 32],
	"textures": {
		"1": "item/cooked_salmon_hand",
		"particle": "item/salmon_hand"
	},
	"elements": [
		{
			"name": "body_front",
			"from": [6.5, 0, 0],
			"to": [9.5, 5, 8],
			"rotation": {"angle": 0, "axis": "y", "origin": [8, -3.5, 4]},
			"faces": {
				"north": {"uv": [4, 4, 5.5, 6.5], "texture": "#1"},
				"east": {"uv": [0, 4, 4, 6.5], "texture": "#1"},
				"south": {"uv": [9.5, 4, 11, 6.5], "texture": "#1"},
				"west": {"uv": [5.5, 4, 9.5, 6.5], "texture": "#1"},
				"up": {"uv": [5.5, 4, 4, 0], "texture": "#1"},
				"down": {"uv": [7, 0, 5.5, 4], "texture": "#1"}
			}
		},
		{
			"name": "body_back",
			"from": [6.5, 0, 8],
			"to": [9.5, 5, 14],
			"rotation": {"angle": 0, "axis": "y", "origin": [8, -3.5, 0]},
			"faces": {
				"north": {"uv": [4, 10.5, 5.5, 13], "texture": "#1"},
				"east": {"uv": [0, 10.5, 3, 13], "texture": "#1"},
				"south": {"uv": [9.5, 10.5, 11, 13], "texture": "#1"},
				"west": {"uv": [6.5, 10.5, 9.5, 13], "texture": "#1"},
				"up": {"uv": [5.5, 10.5, 4, 7.5], "texture": "#1"},
				"down": {"uv": [7, 7.5, 5.5, 10.5], "texture": "#1"}
			}
		},
		{
			"name": "dorsal_back",
			"from": [8, 5, 6],
			"to": [8, 7, 9],
			"rotation": {"angle": 0, "axis": "y", "origin": [8, -3.5, 2]},
			"faces": {
				"north": {"uv": [2.5, 3, 2.5, 4], "texture": "#1"},
				"east": {"uv": [4, 3, 2.5, 4], "texture": "#1"},
				"south": {"uv": [4, 3, 4, 4], "texture": "#1"},
				"west": {"uv": [2.5, 3, 4, 4], "texture": "#1"},
				"up": {"uv": [2.5, 3, 2.5, 1.5], "texture": "#1"},
				"down": {"uv": [2.5, 1.5, 2.5, 3], "texture": "#1"}
			}
		},
		{
			"name": "tailfin",
			"from": [8, 0, 14],
			"to": [8, 5, 20],
			"rotation": {"angle": 0, "axis": "y", "origin": [8, -3.5, 2]},
			"faces": {
				"north": {"uv": [13, 8, 13, 10.5], "texture": "#1"},
				"east": {"uv": [13, 8, 16, 10.5], "rotation": 180, "texture": "#1"},
				"south": {"uv": [16, 8, 16, 10.5], "texture": "#1"},
				"west": {"uv": [13, 8, 16, 10.5], "texture": "#1"},
				"up": {"uv": [13, 8, 13, 5], "texture": "#1"},
				"down": {"uv": [13, 5, 13, 8], "texture": "#1"}
			}
		},
		{
			"name": "dorsal_front",
			"from": [8, 5, 4],
			"to": [8, 7, 6],
			"rotation": {"angle": 0, "axis": "y", "origin": [8, -3.5, 2]},
			"faces": {
				"north": {"uv": [3, 2, 3, 3], "texture": "#1"},
				"east": {"uv": [4, 2, 3, 3], "texture": "#1"},
				"south": {"uv": [4, 2, 4, 3], "texture": "#1"},
				"west": {"uv": [3, 2, 4, 3], "texture": "#1"},
				"up": {"uv": [3, 2, 3, 1], "texture": "#1"},
				"down": {"uv": [3, 1, 3, 2], "texture": "#1"}
			}
		},
		{
			"name": "head",
			"from": [7, 1, -3],
			"to": [9, 5, 0],
			"rotation": {"angle": 0, "axis": "y", "origin": [8, -3.5, 4]},
			"faces": {
				"north": {"uv": [12.5, 1.5, 13.5, 3.5], "texture": "#1"},
				"east": {"uv": [11, 1.5, 12.5, 3.5], "texture": "#1"},
				"south": {"uv": [15, 1.5, 16, 3.5], "texture": "#1"},
				"west": {"uv": [13.5, 1.5, 15, 3.5], "texture": "#1"},
				"up": {"uv": [13.5, 1.5, 12.5, 0], "texture": "#1"},
				"down": {"uv": [14.5, 0, 13.5, 1.5], "texture": "#1"}
			}
		}
	],
	"display": {
		"thirdperson_righthand": {
			"rotation": [89, 0, 0],
			"translation": [-0.25, -4, 4],
			"scale": [0.7, 0.7, 0.7]
		},
		"thirdperson_lefthand": {
			"rotation": [89, 0, 0],
			"translation": [-0.25, -4, 4],
			"scale": [0.7, 0.7, 0.7]
		},
		"firstperson_righthand": {
			"rotation": [66, -5.48, -22.69],
			"translation": [1, 1, 6],
			"scale": [0.77, 0.77, 0.77]
		},
		"firstperson_lefthand": {
			"rotation": [66, -5.48, -22.69],
			"translation": [1, 1, 6],
			"scale": [0.77, 0.77, 0.77]
		}
	},
	"groups": [
		{
			"name": "body_front",
			"origin": [0, 0, -4],
			"color": 0,
			"children": [
				0,
				{
					"name": "body_back",
					"origin": [0, 0, 4],
					"color": 0,
					"children": [
						1,
						{
							"name": "dorsal_back",
							"origin": [0, 5, 4],
							"color": 0,
							"children": [2]
						},
						{
							"name": "tailfin",
							"origin": [0, 0, 12],
							"color": 0,
							"children": [3]
						}
					]
				},
				{
					"name": "dorsal_front",
					"origin": [0, 5, 2],
					"color": 0,
					"children": [4]
				},
				{
					"name": "head",
					"origin": [0, 3, -4],
					"color": 0,
					"children": [5]
				},
				{
					"name": "leftFin",
					"origin": [-1.5, 1, -4],
					"rotation": [0, 0, 35],
					"color": 0,
					"children": []
				},
				{
					"name": "rightFin",
					"origin": [1.5, 1, -4],
					"rotation": [0, 0, -35],
					"color": 0,
					"children": []
				}
			]
		}
	]
}