{
	"credit": "Made with Blockbench",
	"textures": {
		"2": "item/egg_hand",
		"particle": "item/egg_hand"
	},
	"elements": [
		{
			"name": "eye",
			"from": [5.5, 0, 5.5],
			"to": [10.5, 7, 10.5],
			"light_emission": 13,
			"rotation": {"angle": 0, "axis": "y", "origin": [9.5, 0, 4.5]},
			"faces": {
				"north": {"uv": [0, 0, 4, 5], "texture": "#2"},
				"east": {"uv": [0, 0, 4, 5], "texture": "#2"},
				"south": {"uv": [0, 0, 4, 5], "texture": "#2"},
				"west": {"uv": [0, 0, 4, 5], "texture": "#2"},
				"up": {"uv": [8, 4, 4, 0], "texture": "#2"},
				"down": {"uv": [8, 4, 4, 8], "texture": "#2"}
			}
		}
	],
	"display": {
		"thirdperson_righthand": {
			"rotation": [0, -90, 0],
			"translation": [-0.5, 2.75, 2],
			"scale": [0.36, 0.36, 0.36]
		},
		"thirdperson_lefthand": {
			"rotation": [0, -90, 0],
			"translation": [-0.5, 2.75, 2],
			"scale": [0.36, 0.36, 0.36]
		},
		"firstperson_righthand": {
			"rotation": [-5, -71, 2],
			"translation": [0.25, 6, 1.25],
			"scale": [0.62, 0.69, 0.62]
		},
		"firstperson_lefthand": {
			"rotation": [-5, -71, 2],
			"translation": [0.25, 6, 1.25],
			"scale": [0.62, 0.69, 0.62]
		},
		"ground": {
			"translation": [0, 4, 0],
			"scale": [0.56, 0.54, 0.56]
		}
	}
}