{
	"credit": "Made with Blockbench",
	"textures": {
		"0": "item/golden_apple_hand",
		"1": "item/glow_hand",
		"particle": "item/golden_apple_hand"
	},
	"elements": [
		{
			"from": [5.5, 0, 5.5],
			"to": [10.5, 5, 10.5],
			"rotation": {"angle": 0, "axis": "y", "origin": [7.5, 0, 5.5]},
			"faces": {
				"north": {"uv": [0, 0, 5, 5], "texture": "#0"},
				"east": {"uv": [0, 5, 5, 10], "texture": "#0"},
				"south": {"uv": [5, 0, 10, 5], "texture": "#0"},
				"west": {"uv": [5, 5, 10, 10], "texture": "#0"},
				"up": {"uv": [5, 15, 0, 10], "texture": "#0"},
				"down": {"uv": [15, 0, 10, 5], "texture": "#0"}
			}
		},
		{
			"from": [6.5, 5, 8],
			"to": [8.5, 7, 8.0001],
			"rotation": {"angle": 0, "axis": "y", "origin": [6.5, 5, 8]},
			"faces": {
				"north": {"uv": [5, 10, 7, 12], "texture": "#0"},
				"east": {"uv": [13, 11, 13, 13], "texture": "#0"},
				"south": {"uv": [10, 5, 12, 7], "texture": "#0"},
				"west": {"uv": [13, 11, 13, 13], "texture": "#0"},
				"up": {"uv": [14, 11, 12, 11], "texture": "#0"},
				"down": {"uv": [14, 11, 12, 11], "texture": "#0"}
			}
		},
		{
			"name": "glow_outline",
			"from": [10.75, 5.25, 10.75],
			"to": [5.25, -0.25, 5.25],
			"rotation": {"angle": 0, "axis": "y", "origin": [7.45, -0.25, 5.25]},
			"faces": {
				"north": {"uv": [1, 0, 2, 1], "rotation": 180, "texture": "#1"},
				"east": {"uv": [1, 1, 2, 2], "rotation": 180, "texture": "#1"},
				"south": {"uv": [0, 0, 1, 1], "rotation": 180, "texture": "#1"},
				"west": {"uv": [0, 1, 1, 2], "rotation": 180, "texture": "#1"},
				"up": {"uv": [3, 0, 2, 1], "rotation": 180, "texture": "#1"},
				"down": {"uv": [1, 3, 0, 2], "rotation": 180, "texture": "#1"}
			}
		}
	],
	"display": {
		"thirdperson_righthand": {
			"rotation": [53, 45, 0],
			"translation": [-0.8, 2.25, 2.5],
			"scale": [0.58, 0.58, 0.58]
		},
		"thirdperson_lefthand": {
			"rotation": [53, 45, 0],
			"translation": [-0.8, 2.25, 2.5],
			"scale": [0.58, 0.58, 0.58]
		},
		"firstperson_righthand": {
			"rotation": [-75, 72, 54],
			"translation": [-0.55, 6.75, 0],
			"scale": [0.83, 0.83, 0.83]
		},
		"firstperson_lefthand": {
			"rotation": [-75, 72, 54],
			"translation": [-0.55, 6.75, 0],
			"scale": [0.83, 0.83, 0.83]
		}
	}
}