{
	"credit": "Made with Blockbench",
	"textures": {
		"1": "item/ender_pearl_shine",
		"4": "item/ender_pearl_hand",
		"particle": "item/ender_pearl_shine"
	},
	"elements": [
		{
			"name": "eye",
			"from": [4.5, 0, 4.5],
			"to": [11.5, 7, 11.5],
			"light_emission": 15,
			"rotation": {"angle": 0, "axis": "y", "origin": [10.5, 0, 3.5]},
			"faces": {
				"north": {"uv": [0, 0, 3.5, 3.5], "texture": "#4"},
				"east": {"uv": [0, 3.5, 3.5, 7], "texture": "#4"},
				"south": {"uv": [3.5, 0, 7, 3.5], "texture": "#4"},
				"west": {"uv": [3.5, 3.5, 7, 7], "texture": "#4"},
				"up": {"uv": [3.5, 10.5, 0, 7], "texture": "#4"},
				"down": {"uv": [10.5, 0, 7, 3.5], "texture": "#4"}
			}
		},
		{
			"from": [6, 1.5, 6],
			"to": [10, 5.5, 10],
			"light_emission": 15,
			"rotation": {"angle": 0, "axis": "y", "origin": [6, 2.5, 7]},
			"faces": {
				"north": {"uv": [3.5, 7, 5.5, 9], "texture": "#4"},
				"east": {"uv": [7, 3.5, 9, 5.5], "texture": "#4"},
				"south": {"uv": [5.5, 7, 7.5, 9], "texture": "#4"},
				"west": {"uv": [7.5, 5.5, 9.5, 7.5], "texture": "#4"},
				"up": {"uv": [9.5, 9.5, 7.5, 7.5], "texture": "#4"},
				"down": {"uv": [5.5, 9, 3.5, 11], "texture": "#4"}
			}
		},
		{
			"name": "eye_outline",
			"from": [11.5, 7, 11.5],
			"to": [4.5, 0, 4.5],
			"light_emission": 15,
			"rotation": {"angle": 0, "axis": "y", "origin": [10.5, 0, 3.5]},
			"faces": {
				"north": {"uv": [3.5, 0, 7, 3.5], "texture": "#4"},
				"east": {"uv": [3.5, 3.5, 7, 7], "texture": "#4"},
				"south": {"uv": [0, 0, 3.5, 3.5], "texture": "#4"},
				"west": {"uv": [0, 3.5, 3.5, 7], "texture": "#4"},
				"up": {"uv": [10.5, 3.5, 7, 0], "rotation": 180, "texture": "#4"},
				"down": {"uv": [3.5, 7, 0, 10.5], "rotation": 180, "texture": "#4"}
			}
		},
		{
			"name": "eye",
			"from": [4.78, 0.28, 4.78],
			"to": [11.22, 6.72, 11.22],
			"light_emission": 15,
			"rotation": {"angle": 0, "axis": "y", "origin": [8, 3.5, 8]},
			"faces": {
				"north": {"uv": [0, 0, 3.5, 3.5], "texture": "#4"},
				"east": {"uv": [0, 3.5, 3.5, 7], "texture": "#4"},
				"south": {"uv": [3.5, 0, 7, 3.5], "texture": "#4"},
				"west": {"uv": [3.5, 3.5, 7, 7], "texture": "#4"},
				"up": {"uv": [3.5, 10.5, 0, 7], "texture": "#4"},
				"down": {"uv": [10.5, 0, 7, 3.5], "texture": "#4"}
			}
		},
		{
			"name": "eye",
			"from": [5.2308, 0.7308, 5.2308],
			"to": [10.7692, 6.2692, 10.7692],
			"light_emission": 15,
			"rotation": {"angle": 0, "axis": "y", "origin": [8, 3.5, 8]},
			"faces": {
				"north": {"uv": [0, 0, 3.5, 3.5], "texture": "#4"},
				"east": {"uv": [0, 3.5, 3.5, 7], "texture": "#4"},
				"south": {"uv": [3.5, 0, 7, 3.5], "texture": "#4"},
				"west": {"uv": [3.5, 3.5, 7, 7], "texture": "#4"},
				"up": {"uv": [3.5, 10.5, 0, 7], "texture": "#4"},
				"down": {"uv": [10.5, 0, 7, 3.5], "texture": "#4"}
			}
		},
		{
			"name": "eye_outline",
			"from": [11.22, 6.72, 11.22],
			"to": [4.78, 0.28, 4.78],
			"light_emission": 15,
			"rotation": {"angle": 0, "axis": "y", "origin": [8, 3.5, 8]},
			"faces": {
				"north": {"uv": [3.5, 0, 7, 3.5], "texture": "#4"},
				"east": {"uv": [3.5, 3.5, 7, 7], "texture": "#4"},
				"south": {"uv": [0, 0, 3.5, 3.5], "texture": "#4"},
				"west": {"uv": [0, 3.5, 3.5, 7], "texture": "#4"},
				"up": {"uv": [10.5, 3.5, 7, 0], "rotation": 180, "texture": "#4"},
				"down": {"uv": [3.5, 7, 0, 10.5], "rotation": 180, "texture": "#4"}
			}
		},
		{
			"from": [5.1, 4.5, 11.525],
			"to": [7.1, 6.5, 11.525],
			"light_emission": 15,
			"rotation": {"angle": 0, "axis": "y", "origin": [5.1, 4.5, 11.525]},
			"faces": {
				"north": {"uv": [0, 2, 2, 4], "texture": "#1"},
				"east": {"uv": [0, 0, 0, 2], "texture": "#1"},
				"south": {"uv": [0, 2, 2, 4], "texture": "#1"},
				"west": {"uv": [0, 0, 0, 2], "texture": "#1"},
				"up": {"uv": [2, 0, 0, 0], "texture": "#1"},
				"down": {"uv": [2, 0, 0, 0], "texture": "#1"}
			}
		}
	],
	"display": {
		"thirdperson_righthand": {
			"rotation": [0, -90, 0],
			"translation": [0, 4, 2],
			"scale": [0.49, 0.49, 0.49]
		},
		"thirdperson_lefthand": {
			"rotation": [0, -90, 0],
			"translation": [0, 4, 2],
			"scale": [0.49, 0.49, 0.49]
		},
		"firstperson_righthand": {
			"rotation": [-7, -106, 2],
			"translation": [-0.25, 5.5, 2],
			"scale": [0.52, 0.52, 0.62]
		},
		"firstperson_lefthand": {
			"rotation": [-7, -106, 2],
			"translation": [-0.25, 5.5, 2],
			"scale": [0.52, 0.52, 0.62]
		},
		"ground": {
			"translation": [0, 4.25, 0],
			"scale": [0.56, 0.56, 0.56]
		}
	}
}