{
	"credit": "Made with Blockbench",
	"texture_size": [32, 32],
	"textures": {
		"1": "item/firework_rocket_hand"
	},
	"elements": [
		{
			"name": "Body",
			"from": [7, 4, 5],
			"to": [10, 14, 8],
			"rotation": {"angle": 0, "axis": "y", "origin": [7.5, 10.75, 6.25]},
			"faces": {
				"north": {"uv": [0, 0, 1.5, 5], "texture": "#1"},
				"east": {"uv": [1.5, 0, 3, 5], "texture": "#1"},
				"south": {"uv": [3, 0, 4.5, 5], "texture": "#1"},
				"west": {"uv": [4.5, 0, 6, 5], "texture": "#1"},
				"up": {"uv": [10, 1.5, 8.5, 0], "texture": "#1"},
				"down": {"uv": [10, 1.5, 8.5, 3], "texture": "#1"}
			}
		},
		{
			"name": "Head 1",
			"from": [6, 14, 4],
			"to": [11, 16, 9],
			"rotation": {"angle": 0, "axis": "y", "origin": [7.5, 10.75, 6.25]},
			"faces": {
				"north": {"uv": [7.5, 5, 10, 6], "texture": "#1"},
				"east": {"uv": [7.5, 6, 10, 7], "texture": "#1"},
				"south": {"uv": [7.5, 7, 10, 8], "texture": "#1"},
				"west": {"uv": [7.5, 8, 10, 9], "texture": "#1"},
				"up": {"uv": [7.5, 7.5, 5, 5], "texture": "#1"},
				"down": {"uv": [8.5, 0, 6, 2.5], "texture": "#1"}
			}
		},
		{
			"name": "string",
			"from": [4, 2, 6.5],
			"to": [9, 5, 6.5],
			"rotation": {"angle": 0, "axis": "y", "origin": [7.5, 10.75, 6.75]},
			"faces": {
				"north": {"uv": [2.5, 7.5, 5, 9], "texture": "#1"},
				"east": {"uv": [0, 0, 0, 1.5], "texture": "#1"},
				"south": {"uv": [5, 7.5, 7.5, 9], "texture": "#1"},
				"west": {"uv": [0, 0, 0, 1.5], "texture": "#1"},
				"up": {"uv": [2.5, 0, 0, 0], "texture": "#1"},
				"down": {"uv": [2.5, 0, 0, 0], "texture": "#1"}
			}
		},
		{
			"from": [6, 16, 6.5],
			"to": [11, 20, 6.5],
			"rotation": {"angle": -45, "axis": "y", "origin": [8.5, 18.5, 6.5]},
			"faces": {
				"north": {"uv": [6, 2.5, 8.5, 5], "texture": "#1"},
				"east": {"uv": [0, 0, 0, 2.5], "texture": "#1"},
				"south": {"uv": [0, 7.5, 2.5, 10], "texture": "#1"},
				"west": {"uv": [0, 0, 0, 2.5], "texture": "#1"},
				"up": {"uv": [2.5, 0, 0, 0], "texture": "#1"},
				"down": {"uv": [2.5, 0, 0, 0], "texture": "#1"}
			}
		},
		{
			"from": [8.5, 16, 4],
			"to": [8.5, 20, 9],
			"rotation": {"angle": -45, "axis": "y", "origin": [8.5, 18.5, 6.5]},
			"faces": {
				"north": {"uv": [0, 0, 0, 2.5], "texture": "#1"},
				"east": {"uv": [0, 5, 2.5, 7.5], "texture": "#1"},
				"south": {"uv": [0, 0, 0, 2.5], "texture": "#1"},
				"west": {"uv": [2.5, 5, 5, 7.5], "texture": "#1"},
				"up": {"uv": [0, 2.5, 0, 0], "texture": "#1"},
				"down": {"uv": [0, 0, 0, 2.5], "texture": "#1"}
			}
		}
	],
	"display": {
		"thirdperson_righthand": {
			"rotation": [0, -90, 0],
			"translation": [-0.9, -1.5, 0],
			"scale": [0.56, 0.56, 0.56]
		},
		"thirdperson_lefthand": {
			"rotation": [0, -90, 0],
			"translation": [-0.9, -1.5, 0.5],
			"scale": [0.56, 0.56, 0.56]
		},
		"firstperson_righthand": {
			"rotation": [-19, 19, 4],
			"translation": [0.25, 1.5, 4.75],
			"scale": [0.6, 0.6, 0.6]
		},
		"firstperson_lefthand": {
			"rotation": [-19, 19, 4],
			"translation": [0.25, 1.5, 4.75],
			"scale": [0.6, 0.6, 0.6]
		}
	}
}