{
	"credit": "Made with Blockbench",
	"texture_size": [32, 32],
	"textures": {
		"1": "item/fire_charge_hand",
		"2": "item/fire_shell_hand",
		"particle": "item/fire_shell_hand"
	},
	"elements": [
		{
			"name": "fire charge inside",
			"from": [4.5, 0, 4.5],
			"to": [11.5, 7, 11.5],
			"light_emission": 15,
			"rotation": {"angle": 0, "axis": "y", "origin": [10.5, 0, 3.5]},
			"faces": {
				"north": {"uv": [0, 0, 3.5, 3.5], "texture": "#1"},
				"east": {"uv": [0, 3.5, 3.5, 7], "texture": "#1"},
				"south": {"uv": [3.5, 0, 7, 3.5], "texture": "#1"},
				"west": {"uv": [3.5, 3.5, 7, 7], "texture": "#1"},
				"up": {"uv": [3.5, 10.5, 0, 7], "texture": "#1"},
				"down": {"uv": [10.5, 0, 7, 3.5], "texture": "#1"}
			}
		},
		{
			"name": "shell",
			"from": [4.328, -0.202, 4.328],
			"to": [11.672, 7.142, 11.672],
			"light_emission": 15,
			"rotation": {"angle": 0, "axis": "y", "origin": [8, 3.47, 8]},
			"faces": {
				"north": {"uv": [3.5, 0, 0, 3.5], "texture": "#2"},
				"east": {"uv": [0, 3.5, 3.5, 7], "texture": "#2"},
				"south": {"uv": [3.5, 0, 7, 3.5], "texture": "#2"},
				"west": {"uv": [7, 3.5, 3.5, 7], "texture": "#2"},
				"up": {"uv": [3.5, 10.5, 0, 7], "texture": "#2"},
				"down": {"uv": [10.5, 0, 7, 3.5], "texture": "#2"}
			}
		},
		{
			"name": "shell_outline",
			"from": [11.672, 7.142, 11.672],
			"to": [4.328, -0.202, 4.328],
			"light_emission": 15,
			"rotation": {"angle": 0, "axis": "y", "origin": [8, 3.47, 8]},
			"faces": {
				"north": {"uv": [7, 0, 3.5, 3.5], "rotation": 180, "texture": "#2"},
				"east": {"uv": [3.5, 3.5, 7, 7], "rotation": 180, "texture": "#2"},
				"south": {"uv": [0, 0, 3.5, 3.5], "rotation": 180, "texture": "#2"},
				"west": {"uv": [3.5, 3.5, 0, 7], "rotation": 180, "texture": "#2"},
				"up": {"uv": [10.5, 3.5, 7, 0], "rotation": 180, "texture": "#2"},
				"down": {"uv": [3.5, 7, 0, 10.5], "rotation": 180, "texture": "#2"}
			}
		},
		{
			"name": "shell_outline",
			"from": [11.83096, 7.30096, 11.83096],
			"to": [4.16904, -0.36096, 4.16904],
			"light_emission": 15,
			"rotation": {"angle": 0, "axis": "y", "origin": [8, 3.47, 8]},
			"faces": {
				"north": {"uv": [4.83333, 9, 4.66667, 8.5], "rotation": 180, "texture": "#1"},
				"east": {"uv": [4.66667, 9, 4.83333, 8.5], "rotation": 180, "texture": "#1"},
				"south": {"uv": [4.83333, 9, 5, 8.5], "rotation": 180, "texture": "#1"},
				"west": {"uv": [5, 9, 4.83333, 8.5], "rotation": 180, "texture": "#1"},
				"up": {"uv": [4.5, 9, 4.66667, 8.5], "rotation": 180, "texture": "#1"},
				"down": {"uv": [4.83333, 8.5, 5, 9], "rotation": 180, "texture": "#1"}
			}
		}
	],
	"display": {
		"thirdperson_righthand": {
			"rotation": [0, -90, 0],
			"translation": [0, 4, 2],
			"scale": [0.49, 0.49, 0.49]
		},
		"thirdperson_lefthand": {
			"rotation": [0, -90, 0],
			"translation": [0, 4, 2],
			"scale": [0.49, 0.49, 0.49]
		},
		"firstperson_righthand": {
			"rotation": [-75, 72, 54],
			"translation": [-0.55, 6.75, 0.75],
			"scale": [0.64, 0.71, 0.64]
		},
		"firstperson_lefthand": {
			"rotation": [-75, 72, 54],
			"translation": [-0.55, 6.75, 0.75],
			"scale": [0.64, 0.71, 0.64]
		},
		"ground": {
			"translation": [0, 4.25, 0],
			"scale": [0.56, 0.56, 0.56]
		}
	}
}