{
	"credit": "Made with Blockbench",
	"textures": {
		"1": "item/flint_and_steel_hand",
		"particle": "item/flint_and_steel_hand"
	},
	"elements": [
		{
			"from": [7.05262, 0.00565, 7.95156],
			"to": [9.05262, 5.00565, 10.95156],
			"rotation": {"angle": -22.5, "axis": "x", "origin": [8.80262, 2.00052, 6.75]},
			"faces": {
				"north": {"uv": [2, 5, 4, 10], "texture": "#1"},
				"east": {"uv": [0, 0, 3, 5], "texture": "#1"},
				"south": {"uv": [0, 5, 2, 10], "texture": "#1"},
				"west": {"uv": [3, 0, 6, 5], "texture": "#1"},
				"up": {"uv": [12, 2, 9, 0], "rotation": 90, "texture": "#1"},
				"down": {"uv": [12, 2, 9, 4], "rotation": 270, "texture": "#1"}
			}
		},
		{
			"from": [6.55262, 0, 4.44738],
			"to": [9.55262, 2, 7.44738],
			"rotation": {"angle": 0, "axis": "y", "origin": [8.80262, 2.00052, 6.75]},
			"faces": {
				"north": {"uv": [4, 8, 7, 10], "texture": "#1"},
				"east": {"uv": [6, 3, 9, 5], "texture": "#1"},
				"south": {"uv": [7, 5, 10, 7], "texture": "#1"},
				"west": {"uv": [7, 7, 10, 9], "texture": "#1"},
				"up": {"uv": [7, 8, 4, 5], "rotation": 90, "texture": "#1"},
				"down": {"uv": [9, 0, 6, 3], "rotation": 270, "texture": "#1"}
			}
		}
	],
	"display": {
		"thirdperson_righthand": {
			"rotation": [19, -134, 0],
			"translation": [-1, 4.5, 1.75],
			"scale": [0.67, 0.67, 0.67]
		},
		"thirdperson_lefthand": {
			"rotation": [19, -134, 0],
			"translation": [-1, 4.5, 1.75],
			"scale": [0.67, 0.67, 0.67]
		},
		"firstperson_righthand": {
			"rotation": [-12, -180, 0],
			"translation": [-0.25, 8.5, -1],
			"scale": [0.93, 0.97, 0.93]
		},
		"firstperson_lefthand": {
			"rotation": [-12, -180, 0],
			"translation": [-0.25, 8.5, -1],
			"scale": [0.93, 0.97, 0.93]
		}
	}
}