{
	"credit": "Made with Blockbench",
	"textures": {
		"0": "item/glistering_melon_slice_hand",
		"particle": "item/glistering_melon_slice_hand"
	},
	"elements": [
		{
			"from": [4.5, 0, 7],
			"to": [11.5, 5, 9],
			"rotation": {"angle": 0, "axis": "y", "origin": [4.5, 0, 7]},
			"faces": {
				"north": {"uv": [0, 0, 7, 5], "texture": "#0"},
				"east": {"uv": [7, 4, 9, 9], "texture": "#0"},
				"south": {"uv": [7, 0, 0, 5], "texture": "#0"},
				"west": {"uv": [9, 4, 11, 9], "texture": "#0"},
				"up": {"uv": [14, 2, 7, 0], "texture": "#0"},
				"down": {"uv": [14, 2, 7, 4], "texture": "#0"}
			}
		}
	],
	"display": {
		"thirdperson_righthand": {
			"rotation": [0, -21, 23],
			"translation": [-2.5, 4, -0.25],
			"scale": [0.64, 0.64, 0.64]
		},
		"thirdperson_lefthand": {
			"rotation": [0, -21, 23],
			"translation": [-2.5, 4, -0.25],
			"scale": [0.64, 0.64, 0.64]
		},
		"firstperson_righthand": {
			"rotation": [-8, -70, 6],
			"translation": [-0.8, 7.25, 1.25],
			"scale": [0.8, 0.8, 0.8]
		},
		"firstperson_lefthand": {
			"rotation": [-8, -70, 6],
			"translation": [-0.8, 7.25, 1.25],
			"scale": [0.8, 0.8, 0.8]
		}
	}
}