{
	"credit": "Made with Blockbench",
	"textures": {
		"0": "item/glow_berries_hand",
		"particle": "item/glow_berries_hand"
	},
	"elements": [
		{
			"from": [5.14365, 0, 6.00849],
			"to": [8.14365, 3, 9.00849],
			"light_emission": 15,
			"rotation": {"angle": 22.5, "axis": "y", "origin": [6.64365, 1.5, 7.50849]},
			"faces": {
				"north": {"uv": [10, 0, 13, 3], "texture": "#0"},
				"east": {"uv": [10, 3, 13, 6], "texture": "#0"},
				"south": {"uv": [8, 10, 11, 13], "texture": "#0"},
				"west": {"uv": [8, 7, 11, 10], "texture": "#0"},
				"up": {"uv": [14, 9, 11, 6], "rotation": 270, "texture": "#0"},
				"down": {"uv": [14, 9, 11, 12], "rotation": 90, "texture": "#0"}
			}
		},
		{
			"from": [8.69099, 0, 7.18536],
			"to": [10.69099, 2, 9.18536],
			"light_emission": 15,
			"rotation": {"angle": 0, "axis": "y", "origin": [8.1, 2.25, 8.15]},
			"faces": {
				"north": {"uv": [11, 12, 13, 14], "texture": "#0"},
				"east": {"uv": [0, 13, 2, 15], "texture": "#0"},
				"south": {"uv": [13, 0, 15, 2], "texture": "#0"},
				"west": {"uv": [2, 13, 4, 15], "texture": "#0"},
				"up": {"uv": [15, 4, 13, 2], "texture": "#0"},
				"down": {"uv": [6, 13, 4, 15], "texture": "#0"}
			}
		},
		{
			"from": [5.06967, 0, 7.76109],
			"to": [10.06967, 7, 7.76109],
			"light_emission": 15,
			"rotation": {"angle": 0, "axis": "y", "origin": [8.1, 2.25, 8.15]},
			"faces": {
				"north": {"uv": [0, 0, 5, 7], "texture": "#0"},
				"east": {"uv": [0, 0, 0, 7], "texture": "#0"},
				"south": {"uv": [5, 0, 0, 7], "texture": "#0"},
				"west": {"uv": [0, 0, 0, 7], "texture": "#0"},
				"up": {"uv": [5, 0, 0, 0], "texture": "#0"},
				"down": {"uv": [5, 0, 0, 0], "texture": "#0"}
			}
		},
		{
			"from": [5.55, 6.05, 7.125],
			"to": [9.55, 6.05, 10.125],
			"light_emission": 15,
			"rotation": {"angle": 22.5, "axis": "x", "origin": [7.55, 6.05, 10.125]},
			"faces": {
				"north": {"uv": [4, 0, 0, 0], "rotation": 180, "texture": "#0"},
				"east": {"uv": [0, 0, 0, 6], "rotation": 90, "texture": "#0"},
				"south": {"uv": [4, 0, 0, 0], "texture": "#0"},
				"west": {"uv": [0, 0, 0, 6], "rotation": 270, "texture": "#0"},
				"up": {"uv": [4, 7, 8, 10], "texture": "#0"},
				"down": {"uv": [8, 7, 4, 10], "rotation": 180, "texture": "#0"}
			}
		},
		{
			"from": [5.55, 3.05, 10.125],
			"to": [9.55, 6.05, 10.125],
			"light_emission": 15,
			"rotation": {"angle": -45, "axis": "x", "origin": [7.55, 6.05, 10.125]},
			"faces": {
				"north": {"uv": [8, 10, 4, 13], "texture": "#0"},
				"east": {"uv": [0, 0, 0, 6], "texture": "#0"},
				"south": {"uv": [4, 10, 8, 13], "texture": "#0"},
				"west": {"uv": [0, 0, 0, 6], "texture": "#0"},
				"up": {"uv": [4, 0, 0, 0], "texture": "#0"},
				"down": {"uv": [4, 0, 0, 0], "texture": "#0"}
			}
		}
	],
	"display": {
		"thirdperson_righthand": {
			"rotation": [70, 127, 0],
			"translation": [-0.75, -0.25, 0.5],
			"scale": [0.8, 0.8, 0.8]
		},
		"thirdperson_lefthand": {
			"rotation": [70, 127, 0],
			"translation": [-0.75, -0.25, 0.5],
			"scale": [0.8, 0.8, 0.8]
		},
		"firstperson_righthand": {
			"rotation": [-10, 51, 0],
			"translation": [1.75, 8.25, 0.25],
			"scale": [1.14, 1.14, 1.14]
		},
		"firstperson_lefthand": {
			"rotation": [-10, 51, 0],
			"translation": [1.75, 8.25, 0.25],
			"scale": [1.14, 1.14, 1.14]
		}
	}
}