{
	"credit": "Made with Blockbench",
	"textures": {
		"0": "item/horn_hand",
		"particle": "item/horn_hand"
	},
	"elements": [
		{
			"from": [7.0773, 0.31308, 4.50472],
			"to": [9.0773, 2.31308, 9.20472],
			"rotation": {"angle": 45, "axis": "x", "origin": [8.0773, 1.97981, 8.2]},
			"faces": {
				"north": {"uv": [6, 10, 4, 12], "texture": "#0"},
				"east": {"uv": [12, 0, 7, 2], "texture": "#0"},
				"south": {"uv": [6, 8, 4, 10], "texture": "#0"},
				"west": {"uv": [12, 2, 7, 4], "texture": "#0"},
				"up": {"uv": [2, 6, 0, 11], "texture": "#0"},
				"down": {"uv": [4, 11, 2, 6], "texture": "#0"}
			}
		},
		{
			"from": [6.5773, 0, 7.6227],
			"to": [9.5773, 3, 11.6227],
			"rotation": {"angle": 0, "axis": "y", "origin": [8.0773, 1.97981, 8.2]},
			"faces": {
				"north": {"uv": [10, 7, 7, 10], "texture": "#0"},
				"east": {"uv": [4, 0, 0, 3], "texture": "#0"},
				"south": {"uv": [10, 4, 7, 7], "texture": "#0"},
				"west": {"uv": [4, 3, 0, 6], "texture": "#0"},
				"up": {"uv": [7, 0, 4, 4], "texture": "#0"},
				"down": {"uv": [7, 8, 4, 4], "texture": "#0"}
			}
		}
	],
	"overrides": [
		{"predicate": {"custom_model_data": 1}, "model": "item/horn_tooting_hand"}
	],
	"display": {
		"thirdperson_righthand": {
			"rotation": [53, 180, 22],
			"translation": [1.25, 4, 3.25],
			"scale": [0.85, 0.85, 0.85]
		},
		"thirdperson_lefthand": {
			"rotation": [53, 180, 22],
			"translation": [1.25, 4, 3.25],
			"scale": [0.85, 0.85, 0.85]
		},
		"firstperson_righthand": {
			"rotation": [-123, 22, 113],
			"translation": [-3.3, 6.25, 2.5],
			"scale": [0.87, 0.87, 0.87]
		},
		"firstperson_lefthand": {
			"rotation": [-123, 22, 113],
			"translation": [-3.3, 6.25, 2.5],
			"scale": [0.87, 0.87, 0.87]
		}
	}
}