{
	"credit": "Made with Blockbench",
	"texture_size": [32, 32],
	"textures": {
		"1": "item/lingering_potion_hand",
		"particle": "item/lingering_potion_hand"
	},
	"elements": [
		{
			"from": [4.3, 0, 4.3],
			"to": [11.7, 6.2, 11.7],
			"rotation": {"angle": 0, "axis": "y", "origin": [8.5, 1.2, 7.5]},
			"faces": {
				"north": {"uv": [3.5, 0, 7, 3], "texture": "#1"},
				"east": {"uv": [3.5, 3, 7, 6], "texture": "#1"},
				"south": {"uv": [3.5, 6, 7, 9], "texture": "#1"},
				"west": {"uv": [0, 7, 3.5, 10], "texture": "#1"},
				"up": {"uv": [3.5, 3.5, 0, 0], "texture": "#1"},
				"down": {"uv": [3.5, 3.5, 0, 7], "texture": "#1"}
			}
		},
		{
			"from": [5.3, 1, 5.3],
			"to": [10.8, 4, 10.8],
			"rotation": {"angle": 0, "axis": "y", "origin": [5.4, 1, 5.4]},
			"faces": {
				"north": {"uv": [7, 6, 10, 7.5], "texture": "#1", "tintindex": 0},
				"east": {"uv": [7, 7.5, 10, 9], "texture": "#1", "tintindex": 0},
				"south": {"uv": [3.5, 9, 6.5, 10.5], "texture": "#1", "tintindex": 0},
				"west": {"uv": [6.5, 9, 9.5, 10.5], "texture": "#1", "tintindex": 0},
				"up": {"uv": [10, 3, 7, 0], "texture": "#1", "tintindex": 0},
				"down": {"uv": [10, 3, 7, 6], "texture": "#1", "tintindex": 0}
			}
		},
		{
			"from": [6.5, 6.2, 6.5],
			"to": [9.5, 7.4, 9.5],
			"rotation": {"angle": 0, "axis": "y", "origin": [7, 6.2, 7]},
			"faces": {
				"north": {"uv": [10, 0, 12, 0.5], "texture": "#1"},
				"east": {"uv": [10, 0.5, 12, 1], "texture": "#1"},
				"south": {"uv": [10, 1, 12, 1.5], "texture": "#1"},
				"west": {"uv": [1.5, 10, 3.5, 10.5], "texture": "#1"},
				"up": {"uv": [11.5, 11, 9.5, 9], "texture": "#1"},
				"down": {"uv": [1.5, 10, 0, 11.5], "texture": "#1"}
			}
		}
	],
	"display": {
		"thirdperson_righthand": {
			"rotation": [23, 0, 0],
			"translation": [0, 1.75, -0.25],
			"scale": [0.44, 0.44, 0.44]
		},
		"thirdperson_lefthand": {
			"rotation": [23, 0, 0],
			"translation": [0, 1.75, -0.25],
			"scale": [0.44, 0.44, 0.44]
		},
		"firstperson_righthand": {
			"rotation": [-155.39, 84.48, 136.94],
			"translation": [-0.8, 3.5, -1.25],
			"scale": [0.72, 0.72, 0.72]
		},
		"firstperson_lefthand": {
			"rotation": [-155.39, 84.48, 136.94],
			"translation": [-0.8, 3.5, -1.25],
			"scale": [0.72, 0.72, 0.72]
		},
		"ground": {
			"translation": [0, 4, 0],
			"scale": [0.52, 0.52, 0.52]
		},
		"gui": {
			"translation": [0.75, 3, 3.25],
			"scale": [1.27, 1.27, 1.27]
		},
		"head": {
			"translation": [0, 14.5, 0]
		},
		"fixed": {
			"translation": [0, 3.75, 3.25],
			"scale": [1.47, 1.47, 1.47]
		}
	}
}