{
	"credit": "Made with Blockbench",
	"texture_size": [32, 32],
	"textures": {
		"0": "item/heavy_core",
		"1": "item/mace_hand",
		"particle": "item/heavy_core"
	},
	"elements": [
		{
			"name": "handle",
			"from": [7.48873, 0, 7.48873],
			"to": [8.48873, 17, 8.48873],
			"rotation": {"angle": 0, "axis": "y", "origin": [7.48873, 0, 7.48873]},
			"faces": {
				"north": {"uv": [0, 0, 0.5, 8.5], "texture": "#1"},
				"east": {"uv": [0.5, 0, 1, 8.5], "texture": "#1"},
				"south": {"uv": [1, 0, 1.5, 8.5], "texture": "#1"},
				"west": {"uv": [1.5, 0, 2, 8.5], "texture": "#1"},
				"up": {"uv": [2.5, 0.5, 2, 0], "texture": "#1"},
				"down": {"uv": [2.5, 0.5, 2, 1], "texture": "#1"}
			}
		},
		{
			"name": "heavy_core",
			"from": [5.29222, 10.51703, 5.29222],
			"to": [10.73031, 15.95512, 10.73031],
			"rotation": {"angle": 0, "axis": "y", "origin": [8.01126, 13.23607, 8.01126]},
			"faces": {
				"north": {"uv": [0, 8, 8, 16], "texture": "#0"},
				"east": {"uv": [0, 8, 8, 16], "texture": "#0"},
				"south": {"uv": [0, 8, 8, 16], "texture": "#0"},
				"west": {"uv": [0, 8, 8, 16], "texture": "#0"},
				"up": {"uv": [0, 8, 8, 0], "rotation": 90, "texture": "#0"},
				"down": {"uv": [8, 0, 16, 8], "rotation": 270, "texture": "#0"}
			}
		}
	],
	"display": {
		"thirdperson_righthand": {
			"translation": [0, 2, 1],
			"scale": [1.03, 1, 1.03]
		},
		"thirdperson_lefthand": {
			"translation": [0, 2, 1],
			"scale": [1.03, 1, 1.03]
		},
		"firstperson_righthand": {
			"rotation": [10, -3, -5],
			"translation": [-0.25, 2.5, 0.5],
			"scale": [0.74, 0.77, 0.77]
		},
		"firstperson_lefthand": {
			"rotation": [10, -3, -5],
			"translation": [-0.25, 2.5, 0.5],
			"scale": [0.74, 0.77, 0.77]
		},
		"ground": {
			"rotation": [0, 90, 0],
			"translation": [0, 2.5, 0],
			"scale": [0.5, 0.5, 0.5]
		},
		"gui": {
			"rotation": [0, 0, -45],
			"translation": [-2, -2.75, 0],
			"scale": [0.85, 0.85, 0.85]
		},
		"head": {
			"rotation": [0, 90, 0],
			"translation": [0.5, 14.5, 0]
		},
		"fixed": {
			"translation": [0.5, -2, 0],
			"scale": [0.75, 0.75, 0.75]
		}
	},
	"groups": [
		0,
		{
			"name": "mace",
			"origin": [8.48873, 8, 8.48873],
			"color": 0,
			"children": [1]
		}
	]
}