{
	"credit": "Made with Blockbench",
	"texture_size": [32, 32],
	"textures": {
		"1": "item/nautilus_hand",
		"particle": "item/nautilus_hand"
	},
	"elements": [
		{
			"from": [6, 3, 3.5],
			"to": [10, 10, 12.5],
			"rotation": {"angle": 0, "axis": "y", "origin": [8, 1, 4.5]},
			"faces": {
				"north": {"uv": [6.5, 0, 8.5, 3.5], "texture": "#1"},
				"east": {"uv": [4.5, 3.5, 0, 7], "texture": "#1"},
				"south": {"uv": [6.5, 3.5, 8.5, 7], "texture": "#1"},
				"west": {"uv": [0, 3.5, 4.5, 7], "texture": "#1"},
				"up": {"uv": [6.5, 4.5, 4.5, 0], "texture": "#1"},
				"down": {"uv": [6.5, 4.5, 4.5, 9], "texture": "#1"}
			}
		},
		{
			"from": [6, 0, 6.5],
			"to": [10, 3, 12.5],
			"rotation": {"angle": 0, "axis": "y", "origin": [7, 0, 8.5]},
			"faces": {
				"north": {"uv": [8.5, 1.5, 10.5, 3], "texture": "#1"},
				"east": {"uv": [6.5, 7, 9.5, 8.5], "texture": "#1"},
				"south": {"uv": [8.5, 3, 10.5, 4.5], "texture": "#1"},
				"west": {"uv": [9.5, 7, 6.5, 8.5], "texture": "#1"},
				"up": {"uv": [2, 10, 0, 7], "texture": "#1"},
				"down": {"uv": [4, 7, 2, 10], "texture": "#1"}
			}
		}
	],
	"display": {
		"thirdperson_righthand": {
			"rotation": [-50, 180, 0],
			"translation": [0, 3, -0.75],
			"scale": [0.46, 0.46, 0.46]
		},
		"thirdperson_lefthand": {
			"rotation": [-50, 180, 0],
			"translation": [0, 3, -0.75],
			"scale": [0.46, 0.46, 0.46]
		},
		"firstperson_righthand": {
			"rotation": [26.59, 43.29, -17.63],
			"translation": [0.75, 5.25, 1],
			"scale": [0.71, 0.71, 0.71]
		},
		"firstperson_lefthand": {
			"rotation": [26.59, 43.29, -17.63],
			"translation": [0.75, 5.25, 1],
			"scale": [0.71, 0.71, 0.71]
		}
	}
}