{
	"credit": "Made with Blockbench",
	"texture_size": [64, 64],
	"textures": {
		"3": "item/bucket_pufferfish",
		"particle": "item/bucket_pufferfish"
	},
	"elements": [
		{
			"name": "body",
			"from": [4, 9, 4],
			"to": [12, 17, 12],
			"rotation": {"angle": 0, "axis": "y", "origin": [8, 9, 8]},
			"faces": {
				"north": {"uv": [4, 6.75, 6, 8.75], "texture": "#3"},
				"east": {"uv": [6.75, 0, 8.75, 2], "texture": "#3"},
				"south": {"uv": [2, 6.75, 4, 8.75], "texture": "#3"},
				"west": {"uv": [6.75, 2, 8.75, 4], "texture": "#3"},
				"up": {"uv": [8, 10.25, 6, 8.25], "rotation": 90, "texture": "#3"},
				"down": {"uv": [10, 8.25, 8, 10.25], "rotation": 270, "texture": "#3"}
			}
		},
		{
			"name": "leftFin",
			"from": [2, 16, 5.0096],
			"to": [4, 16, 7.0096],
			"rotation": {"angle": 0, "axis": "y", "origin": [8, 9, 8]},
			"faces": {
				"north": {"uv": [0, 0, 0.5, 0], "texture": "#3"},
				"east": {"uv": [0, 0, 0.5, 0], "texture": "#3"},
				"south": {"uv": [0, 0, 0.5, 0], "texture": "#3"},
				"west": {"uv": [0, 0, 0.5, 0], "texture": "#3"},
				"up": {"uv": [6.5, 7.25, 6, 6.75], "rotation": 90, "texture": "#3"},
				"down": {"uv": [6.5, 7.25, 6, 7.75], "rotation": 270, "texture": "#3"}
			}
		},
		{
			"name": "rightFin",
			"from": [11.9968, 16, 5.008],
			"to": [13.9968, 16, 7.008],
			"rotation": {"angle": 0, "axis": "y", "origin": [8, 9, 8]},
			"faces": {
				"north": {"uv": [0, 0, 0.5, 0], "texture": "#3"},
				"east": {"uv": [0, 0, 0.5, 0], "texture": "#3"},
				"south": {"uv": [0, 0, 0.5, 0], "texture": "#3"},
				"west": {"uv": [0, 0, 0.5, 0], "texture": "#3"},
				"up": {"uv": [6.5, 8.25, 6, 7.75], "rotation": 90, "texture": "#3"},
				"down": {"uv": [9.25, 2.25, 8.75, 2.75], "rotation": 270, "texture": "#3"}
			}
		},
		{
			"name": "spines_top_front",
			"from": [4, 17.07071, 3.64645],
			"to": [12, 18.07071, 3.64645],
			"rotation": {"angle": -45, "axis": "x", "origin": [8, 17.5, 4]},
			"faces": {
				"north": {"uv": [8.5, 7.25, 10.5, 7.5], "texture": "#3"},
				"east": {"uv": [0, 0, 0, 0.25], "texture": "#3"},
				"south": {"uv": [8.5, 7, 10.5, 7.25], "texture": "#3"},
				"west": {"uv": [0, 0, 0, 0.25], "texture": "#3"},
				"up": {"uv": [0, 2, 0, 0], "rotation": 90, "texture": "#3"},
				"down": {"uv": [0, 0, 0, 2], "rotation": 270, "texture": "#3"}
			}
		},
		{
			"name": "spines_top_mid",
			"from": [4, 17, 8],
			"to": [12, 18, 8],
			"rotation": {"angle": 0, "axis": "y", "origin": [8, 9, 8]},
			"faces": {
				"north": {"uv": [8.5, 7.25, 10.5, 7.5], "texture": "#3"},
				"east": {"uv": [0, 0, 0, 0.25], "texture": "#3"},
				"south": {"uv": [8.5, 7, 10.5, 7.25], "texture": "#3"},
				"west": {"uv": [0, 0, 0, 0.25], "texture": "#3"},
				"up": {"uv": [0, 2, 0, 0], "rotation": 90, "texture": "#3"},
				"down": {"uv": [0, 0, 0, 2], "rotation": 270, "texture": "#3"}
			}
		},
		{
			"name": "spines_top_back",
			"from": [4, 17.07654, 12.3262],
			"to": [12, 18.07654, 12.3262],
			"rotation": {"angle": 45, "axis": "x", "origin": [8, 17.5, 12]},
			"faces": {
				"north": {"uv": [8.5, 7.25, 10.5, 7.5], "texture": "#3"},
				"east": {"uv": [0, 0, 0, 0.25], "texture": "#3"},
				"south": {"uv": [8.5, 7, 10.5, 7.25], "texture": "#3"},
				"west": {"uv": [0, 0, 0, 0.25], "texture": "#3"},
				"up": {"uv": [0, 2, 0, 0], "rotation": 90, "texture": "#3"},
				"down": {"uv": [0, 0, 0, 2], "rotation": 270, "texture": "#3"}
			}
		},
		{
			"name": "spines_bottom_front",
			"from": [4, 8, 4],
			"to": [12, 9, 5],
			"faces": {
				"north": {"uv": [8.5, 7.75, 10.5, 8], "texture": "#3"},
				"east": {"uv": [4.75, 4.25, 5, 4.5], "texture": "#3"},
				"south": {"uv": [8.5, 7.5, 10.5, 7.75], "texture": "#3"},
				"west": {"uv": [5, 4.25, 5.25, 4.5], "texture": "#3"},
				"up": {"uv": [3, 10.75, 2.75, 8.75], "rotation": 90, "texture": "#3"},
				"down": {"uv": [3.25, 8.75, 3, 10.75], "rotation": 270, "texture": "#3"}
			}
		},
		{
			"name": "spines_bottom_mid",
			"from": [4, 8, 8],
			"to": [12, 9, 9],
			"rotation": {"angle": 0, "axis": "y", "origin": [8, 9, 8]},
			"faces": {
				"north": {"uv": [8.5, 7.75, 10.5, 8], "texture": "#3"},
				"east": {"uv": [4.75, 4.25, 5, 4.5], "texture": "#3"},
				"south": {"uv": [8.5, 7.5, 10.5, 7.75], "texture": "#3"},
				"west": {"uv": [5, 4.25, 5.25, 4.5], "texture": "#3"},
				"up": {"uv": [3, 10.75, 2.75, 8.75], "rotation": 90, "texture": "#3"},
				"down": {"uv": [3.25, 8.75, 3, 10.75], "rotation": 270, "texture": "#3"}
			}
		},
		{
			"name": "spines_bottom_back",
			"from": [4, 8, 12],
			"to": [12, 9, 13],
			"faces": {
				"north": {"uv": [8.5, 7.75, 10.5, 8], "texture": "#3"},
				"east": {"uv": [4.75, 4.25, 5, 4.5], "texture": "#3"},
				"south": {"uv": [8.5, 7.5, 10.5, 7.75], "texture": "#3"},
				"west": {"uv": [5, 4.25, 5.25, 4.5], "texture": "#3"},
				"up": {"uv": [3, 10.75, 2.75, 8.75], "rotation": 90, "texture": "#3"},
				"down": {"uv": [3.25, 8.75, 3, 10.75], "rotation": 270, "texture": "#3"}
			}
		},
		{
			"name": "spines_left_front",
			"from": [2.92929, 9, 3.64645],
			"to": [3.92929, 17, 3.64645],
			"rotation": {"angle": -45, "axis": "y", "origin": [3.5, 13, 4]},
			"faces": {
				"north": {"uv": [3.5, 8.75, 3.75, 10.75], "texture": "#3"},
				"east": {"uv": [0, 0, 0, 2], "texture": "#3"},
				"south": {"uv": [3.25, 8.75, 3.5, 10.75], "texture": "#3"},
				"west": {"uv": [0, 0, 0, 2], "texture": "#3"},
				"up": {"uv": [0, 0.25, 0, 0], "rotation": 90, "texture": "#3"},
				"down": {"uv": [0, 0, 0, 0.25], "rotation": 270, "texture": "#3"}
			}
		},
		{
			"name": "spines_left_mid",
			"from": [3, 9, 8],
			"to": [4, 17, 8],
			"rotation": {"angle": 0, "axis": "y", "origin": [8, 9, 8]},
			"faces": {
				"north": {"uv": [4, 8.75, 4.25, 10.75], "texture": "#3"},
				"east": {"uv": [0, 0, 0, 2], "texture": "#3"},
				"south": {"uv": [3.75, 8.75, 4, 10.75], "texture": "#3"},
				"west": {"uv": [0, 0, 0, 2], "texture": "#3"},
				"up": {"uv": [0, 0.25, 0, 0], "rotation": 90, "texture": "#3"},
				"down": {"uv": [0, 0, 0, 0.25], "rotation": 270, "texture": "#3"}
			}
		},
		{
			"name": "spines_left_back",
			"from": [2.92929, 9, 12.35355],
			"to": [3.92929, 17, 12.35355],
			"rotation": {"angle": 45, "axis": "y", "origin": [3.5, 13, 12]},
			"faces": {
				"north": {"uv": [4.5, 8.75, 4.75, 10.75], "texture": "#3"},
				"east": {"uv": [0, 0, 0, 2], "texture": "#3"},
				"south": {"uv": [4.25, 8.75, 4.5, 10.75], "texture": "#3"},
				"west": {"uv": [0, 0, 0, 2], "texture": "#3"},
				"up": {"uv": [0, 0.25, 0, 0], "rotation": 90, "texture": "#3"},
				"down": {"uv": [0, 0, 0, 0.25], "rotation": 270, "texture": "#3"}
			}
		},
		{
			"name": "spines_right_front",
			"from": [12.07071, 9, 3.64645],
			"to": [13.07071, 17, 3.64645],
			"rotation": {"angle": 45, "axis": "y", "origin": [12.5, 13, 4]},
			"faces": {
				"north": {"uv": [3.75, 8.75, 4, 10.75], "texture": "#3"},
				"east": {"uv": [0, 0, 0, 2], "texture": "#3"},
				"south": {"uv": [4, 8.75, 4.25, 10.75], "texture": "#3"},
				"west": {"uv": [0, 0, 0, 2], "texture": "#3"},
				"up": {"uv": [0, 0.25, 0, 0], "rotation": 90, "texture": "#3"},
				"down": {"uv": [0, 0, 0, 0.25], "rotation": 270, "texture": "#3"}
			}
		},
		{
			"name": "spines_right_mid",
			"from": [12, 9, 8],
			"to": [13, 17, 8],
			"rotation": {"angle": 0, "axis": "y", "origin": [8, 9, 8]},
			"faces": {
				"north": {"uv": [4.25, 8.75, 4.5, 10.75], "texture": "#3"},
				"east": {"uv": [0, 0, 0, 2], "texture": "#3"},
				"south": {"uv": [4.5, 8.75, 4.75, 10.75], "texture": "#3"},
				"west": {"uv": [0, 0, 0, 2], "texture": "#3"},
				"up": {"uv": [0, 0.25, 0, 0], "rotation": 90, "texture": "#3"},
				"down": {"uv": [0, 0, 0, 0.25], "rotation": 270, "texture": "#3"}
			}
		},
		{
			"name": "spines_right_back",
			"from": [12.07071, 9, 12.35355],
			"to": [13.07071, 17, 12.35355],
			"rotation": {"angle": -45, "axis": "y", "origin": [12.5, 13, 12]},
			"faces": {
				"north": {"uv": [4.25, 8.75, 4.5, 10.75], "texture": "#3"},
				"east": {"uv": [0, 0, 0, 2], "texture": "#3"},
				"south": {"uv": [4.5, 8.75, 4.75, 10.75], "texture": "#3"},
				"west": {"uv": [0, 0, 0, 2], "texture": "#3"},
				"up": {"uv": [0, 0.25, 0, 0], "rotation": 90, "texture": "#3"},
				"down": {"uv": [0, 0, 0, 0.25], "rotation": 270, "texture": "#3"}
			}
		},
		{
			"from": [3, 2, 3],
			"to": [13, 11, 4],
			"rotation": {"angle": 0, "axis": "y", "origin": [3, 1, 3]},
			"faces": {
				"north": {"uv": [0, 0, 2.5, 2.25], "texture": "#3"},
				"east": {"uv": [0, 8.75, 0.25, 11], "texture": "#3"},
				"south": {"uv": [0, 2.25, 2.5, 4.5], "texture": "#3"},
				"west": {"uv": [8.75, 0, 9, 2.25], "texture": "#3"},
				"up": {"uv": [11, 6.25, 8.5, 6], "texture": "#3"},
				"down": {"uv": [11, 6.25, 8.5, 6.5], "texture": "#3"}
			}
		},
		{
			"from": [3, 2, 4],
			"to": [4, 11, 13],
			"rotation": {"angle": 0, "axis": "y", "origin": [3, 1, 13]},
			"faces": {
				"north": {"uv": [0.25, 8.75, 0.5, 11], "texture": "#3"},
				"east": {"uv": [2.5, 0, 4.75, 2.25], "texture": "#3"},
				"south": {"uv": [0.5, 8.75, 0.75, 11], "texture": "#3"},
				"west": {"uv": [2.5, 2.25, 4.75, 4.5], "texture": "#3"},
				"up": {"uv": [1, 11, 0.75, 8.75], "texture": "#3"},
				"down": {"uv": [1.25, 8.75, 1, 11], "texture": "#3"}
			}
		},
		{
			"from": [4, 2, 12],
			"to": [13, 11, 13],
			"rotation": {"angle": 0, "axis": "y", "origin": [13, 1, 13]},
			"faces": {
				"north": {"uv": [0, 4.5, 2.25, 6.75], "texture": "#3"},
				"east": {"uv": [1.25, 8.75, 1.5, 11], "texture": "#3"},
				"south": {"uv": [2.25, 4.5, 4.5, 6.75], "texture": "#3"},
				"west": {"uv": [1.5, 8.75, 1.75, 11], "texture": "#3"},
				"up": {"uv": [10.75, 6.75, 8.5, 6.5], "texture": "#3"},
				"down": {"uv": [10.75, 6.75, 8.5, 7], "texture": "#3"}
			}
		},
		{
			"from": [12, 2, 4],
			"to": [13, 11, 12],
			"rotation": {"angle": 0, "axis": "y", "origin": [12, 1, 13]},
			"faces": {
				"north": {"uv": [1.75, 8.75, 2, 11], "texture": "#3"},
				"east": {"uv": [4.5, 4.5, 6.5, 6.75], "texture": "#3"},
				"south": {"uv": [2, 8.75, 2.25, 11], "texture": "#3"},
				"west": {"uv": [4.75, 0, 6.75, 2.25], "texture": "#3"},
				"up": {"uv": [2.5, 10.75, 2.25, 8.75], "texture": "#3"},
				"down": {"uv": [2.75, 8.75, 2.5, 10.75], "texture": "#3"}
			}
		},
		{
			"from": [4, 0, 4],
			"to": [12, 2, 12],
			"rotation": {"angle": 0, "axis": "y", "origin": [4, 0, 4]},
			"faces": {
				"north": {"uv": [8.5, 4, 10.5, 4.5], "texture": "#3"},
				"east": {"uv": [8.5, 4.5, 10.5, 5], "texture": "#3"},
				"south": {"uv": [8.5, 5, 10.5, 5.5], "texture": "#3"},
				"west": {"uv": [8.5, 5.5, 10.5, 6], "texture": "#3"},
				"up": {"uv": [8.5, 8.25, 6.5, 6.25], "texture": "#3"},
				"down": {"uv": [2, 6.75, 0, 8.75], "texture": "#3"}
			}
		},
		{
			"from": [4, 10, 4],
			"to": [12, 10, 12],
			"rotation": {"angle": 0, "axis": "y", "origin": [8, 8, 4]},
			"faces": {
				"north": {"uv": [0, 0, 2, 0], "texture": "#3"},
				"east": {"uv": [0, 0, 2, 0], "texture": "#3"},
				"south": {"uv": [0, 0, 2, 0], "texture": "#3"},
				"west": {"uv": [0, 0, 2, 0], "texture": "#3"},
				"up": {"uv": [6.75, 4.25, 4.75, 2.25], "texture": "#3"},
				"down": {"uv": [8.5, 4.25, 6.5, 6.25], "texture": "#3"}
			}
		}
	],
	"display": {
		"thirdperson_righthand": {
			"rotation": [68, 0, 0],
			"translation": [-0.05, 0.5, -1.25],
			"scale": [0.47, 0.5, 0.47]
		},
		"thirdperson_lefthand": {
			"rotation": [68, 0, 0],
			"translation": [-0.05, 0.5, -1.25],
			"scale": [0.47, 0.5, 0.47]
		},
		"firstperson_righthand": {
			"rotation": [-75, 72, 54],
			"translation": [1.25, 2.75, 0.5],
			"scale": [0.66, 0.75, 0.66]
		},
		"firstperson_lefthand": {
			"rotation": [-75, 72, 54],
			"translation": [1.25, 2.75, 0.5],
			"scale": [0.66, 0.75, 0.66]
		}
	},
	"groups": [
		{
			"name": "body_large",
			"origin": [0, 0, 0],
			"color": 0,
			"children": [
				0,
				{
					"name": "leftFin",
					"origin": [-4, 7, 3],
					"color": 0,
					"children": [1]
				},
				{
					"name": "rightFin",
					"origin": [4, 7, 1],
					"color": 0,
					"children": [2]
				},
				{
					"name": "spines_top_front",
					"origin": [4, 8, -4],
					"rotation": [-45, 0, 0],
					"color": 0,
					"children": [3]
				},
				{
					"name": "spines_top_mid",
					"origin": [0, 8, 0],
					"color": 0,
					"children": [4]
				},
				{
					"name": "spines_top_back",
					"origin": [0, 8, 4],
					"rotation": [45, 0, 0],
					"color": 0,
					"children": [5]
				},
				{
					"name": "spines_bottom_front",
					"origin": [0, 0, -4],
					"rotation": [45, 0, 0],
					"color": 0,
					"children": [6]
				},
				{
					"name": "spines_bottom_mid",
					"origin": [0, -1, 0],
					"color": 0,
					"children": [7]
				},
				{
					"name": "spines_bottom_back",
					"origin": [0, 0, 4],
					"rotation": [-45, 0, 0],
					"color": 0,
					"children": [8]
				},
				{
					"name": "spines_left_front",
					"origin": [-4, 0, -4],
					"rotation": [0, -45, 0],
					"color": 0,
					"children": [9]
				},
				{
					"name": "spines_left_mid",
					"origin": [-4, 0, 0],
					"color": 0,
					"children": [10]
				},
				{
					"name": "spines_left_back",
					"origin": [-4, 0, 4],
					"rotation": [0, 45, 0],
					"color": 0,
					"children": [11]
				},
				{
					"name": "spines_right_front",
					"origin": [4, 0, -4],
					"rotation": [0, 45, 0],
					"color": 0,
					"children": [12]
				},
				{
					"name": "spines_right_mid",
					"origin": [4, 0, 0],
					"color": 0,
					"children": [13]
				},
				{
					"name": "spines_right_back",
					"origin": [4, 0, 4],
					"rotation": [0, -45, 0],
					"color": 0,
					"children": [14]
				}
			]
		},
		15,
		16,
		17,
		18,
		19,
		20
	]
}