{
	"credit": "Made with Blockbench",
	"textures": {
		"1": "item/rabbit_stew_hand",
		"2": "item/bowl_hand",
		"3": "item/rabbit_stew_chunks",
		"particle": "item/rabbit_stew_hand"
	},
	"elements": [
		{
			"from": [5, 1, 5],
			"to": [11, 2, 11],
			"rotation": {"angle": 0, "axis": "y", "origin": [8, 1.5, 8]},
			"faces": {
				"north": {"uv": [5, 0.5, 8, 1], "texture": "#2"},
				"east": {"uv": [3, 4, 6, 4.5], "texture": "#2"},
				"south": {"uv": [3, 4.5, 6, 5], "texture": "#2"},
				"west": {"uv": [5, 0, 8, 0.5], "texture": "#2"},
				"up": {"uv": [3, 3, 0, 0], "rotation": 90, "texture": "#2"},
				"down": {"uv": [3, 3, 0, 6], "rotation": 270, "texture": "#2"}
			}
		},
		{
			"from": [6, 0, 6],
			"to": [10, 1, 10],
			"rotation": {"angle": 0, "axis": "y", "origin": [8, 1.5, 8]},
			"faces": {
				"north": {"uv": [6.5, 5.5, 8.5, 6], "texture": "#2"},
				"east": {"uv": [1, 6, 3, 6.5], "texture": "#2"},
				"south": {"uv": [1, 6.5, 3, 7], "texture": "#2"},
				"west": {"uv": [6.5, 5, 8.5, 5.5], "texture": "#2"},
				"up": {"uv": [5, 2, 3, 0], "rotation": 90, "texture": "#2"},
				"down": {"uv": [5, 2, 3, 4], "rotation": 270, "texture": "#2"}
			}
		},
		{
			"from": [6, 2, 5],
			"to": [11, 3, 6],
			"rotation": {"angle": 0, "axis": "y", "origin": [8, 1.5, 8]},
			"faces": {
				"north": {"uv": [5, 1.5, 7.5, 2], "texture": "#2"},
				"east": {"uv": [6.5, 6, 7, 6.5], "texture": "#2"},
				"south": {"uv": [5, 1, 7.5, 1.5], "texture": "#2"},
				"west": {"uv": [6.5, 6.5, 7, 7], "texture": "#2"},
				"up": {"uv": [3.5, 7.5, 3, 5], "rotation": 90, "texture": "#2"},
				"down": {"uv": [4, 5, 3.5, 7.5], "rotation": 270, "texture": "#2"}
			}
		},
		{
			"from": [10, 2, 6],
			"to": [11, 3, 11],
			"rotation": {"angle": 0, "axis": "y", "origin": [8, 1.5, 8]},
			"faces": {
				"north": {"uv": [1.5, 7, 2, 7.5], "texture": "#2"},
				"east": {"uv": [5, 2, 7.5, 2.5], "texture": "#2"},
				"south": {"uv": [1, 7, 1.5, 7.5], "texture": "#2"},
				"west": {"uv": [5, 2.5, 7.5, 3], "texture": "#2"},
				"up": {"uv": [7.5, 3.5, 5, 3], "rotation": 90, "texture": "#2"},
				"down": {"uv": [7.5, 3.5, 5, 4], "rotation": 270, "texture": "#2"}
			}
		},
		{
			"from": [5, 2, 10],
			"to": [10, 3, 11],
			"rotation": {"angle": 0, "axis": "y", "origin": [8, 1.5, 8]},
			"faces": {
				"north": {"uv": [4, 5.5, 6.5, 6], "texture": "#2"},
				"east": {"uv": [2, 7, 2.5, 7.5], "texture": "#2"},
				"south": {"uv": [4, 5, 6.5, 5.5], "texture": "#2"},
				"west": {"uv": [2.5, 7, 3, 7.5], "texture": "#2"},
				"up": {"uv": [0.5, 8.5, 0, 6], "rotation": 90, "texture": "#2"},
				"down": {"uv": [1, 6, 0.5, 8.5], "rotation": 270, "texture": "#2"}
			}
		},
		{
			"from": [5, 2, 5],
			"to": [6, 3, 10],
			"rotation": {"angle": 0, "axis": "y", "origin": [8, 1.5, 8]},
			"faces": {
				"north": {"uv": [4.5, 7, 5, 7.5], "texture": "#2"},
				"east": {"uv": [4, 6, 6.5, 6.5], "texture": "#2"},
				"south": {"uv": [4, 7, 4.5, 7.5], "texture": "#2"},
				"west": {"uv": [6, 4, 8.5, 4.5], "texture": "#2"},
				"up": {"uv": [8.5, 5, 6, 4.5], "rotation": 90, "texture": "#2"},
				"down": {"uv": [6.5, 6.5, 4, 7], "rotation": 270, "texture": "#2"}
			}
		},
		{
			"from": [6, 2.5, 6],
			"to": [10, 2.5, 10],
			"rotation": {"angle": 0, "axis": "y", "origin": [8, 1.5, 8]},
			"faces": {
				"north": {"uv": [0, 0, 4, 0], "texture": "#1"},
				"east": {"uv": [0, 0, 4, 0], "texture": "#1"},
				"south": {"uv": [0, 0, 4, 0], "texture": "#1"},
				"west": {"uv": [0, 0, 4, 0], "texture": "#1"},
				"up": {"uv": [4, 4, 0, 0], "rotation": 90, "texture": "#1"},
				"down": {"uv": [4, 4, 0, 8], "rotation": 270, "texture": "#1"}
			}
		},
		{
			"from": [6.06, 1.1217, 6.55833],
			"to": [9.94, 3.0617, 10.14733],
			"rotation": {"angle": -22.5, "axis": "x", "origin": [8, 1.5, 8]},
			"faces": {
				"north": {"uv": [4, 6, 8, 8], "texture": "#3"},
				"east": {"uv": [4, 0, 8, 2], "texture": "#3"},
				"south": {"uv": [4, 2, 8, 4], "texture": "#3"},
				"west": {"uv": [4, 4, 8, 6], "texture": "#3"},
				"up": {"uv": [4, 4, 0, 0], "rotation": 90, "texture": "#3"},
				"down": {"uv": [4, 4, 0, 8], "rotation": 270, "texture": "#3"}
			}
		}
	],
	"display": {
		"thirdperson_righthand": {
			"rotation": [67, 90, 0],
			"translation": [0, 2.5, 4.25],
			"scale": [0.91, 0.96, 0.91]
		},
		"thirdperson_lefthand": {
			"rotation": [67, 90, 0],
			"translation": [0, 2.5, 4.25],
			"scale": [0.91, 0.96, 0.91]
		},
		"firstperson_righthand": {
			"rotation": [-73.91, 76.99, 47.95],
			"translation": [-0.55, 7.75, 0],
			"scale": [0.98, 0.98, 0.98]
		},
		"firstperson_lefthand": {
			"rotation": [-73.91, 76.99, 47.95],
			"translation": [-0.55, 7.75, 0],
			"scale": [0.98, 0.98, 0.98]
		}
	},
	"groups": [
		{
			"name": "sus group",
			"origin": [7.709, 0.97, 6.545],
			"color": 0,
			"children": [0, 1, 2, 3, 4, 5, 6, 7]
		}
	]
}