{
	"credit": "Made with Blockbench",
	"texture_size": [64, 64],
	"textures": {
		"3": "item/bucket_salmon",
		"particle": "item/bucket_salmon"
	},
	"elements": [
		{
			"name": "body_front",
			"from": [4.75005, 7.5, 6.24995],
			"to": [12.75005, 12.5, 9.24995],
			"rotation": {"angle": 45, "axis": "z", "origin": [8.00005, 10.68352, 7.75]},
			"faces": {
				"north": {"uv": [6.75, 1.25, 8.75, 2.5], "texture": "#3"},
				"east": {"uv": [5.5, 6.75, 6.25, 8], "texture": "#3"},
				"south": {"uv": [6.75, 0, 8.75, 1.25], "texture": "#3"},
				"west": {"uv": [3.5, 7.25, 4.25, 8.5], "texture": "#3"},
				"up": {"uv": [2.75, 8.75, 2, 6.75], "rotation": 90, "texture": "#3"},
				"down": {"uv": [3.5, 6.75, 2.75, 8.75], "rotation": 270, "texture": "#3"}
			}
		},
		{
			"name": "dorsal_back",
			"from": [1.75005, 12.5, 7.74995],
			"to": [4.75005, 14.5, 7.74995],
			"rotation": {"angle": 45, "axis": "z", "origin": [8.00005, 10.68352, 7.75]},
			"faces": {
				"north": {"uv": [2, 8.75, 2.75, 9.25], "texture": "#3"},
				"east": {"uv": [0, 0, 0, 0.5], "texture": "#3"},
				"south": {"uv": [1.25, 8.75, 2, 9.25], "texture": "#3"},
				"west": {"uv": [0, 0, 0, 0.5], "texture": "#3"},
				"up": {"uv": [0, 0.75, 0, 0], "rotation": 90, "texture": "#3"},
				"down": {"uv": [0, 0, 0, 0.75], "rotation": 270, "texture": "#3"}
			}
		},
		{
			"name": "dorsal_front",
			"from": [4.75005, 12.5, 7.74995],
			"to": [6.75005, 14.5, 7.74995],
			"rotation": {"angle": 45, "axis": "z", "origin": [8.00005, 10.68352, 7.75]},
			"faces": {
				"north": {"uv": [8.75, 2.75, 9.25, 3.25], "texture": "#3"},
				"east": {"uv": [0, 0, 0, 0.5], "texture": "#3"},
				"south": {"uv": [2.75, 8.75, 3.25, 9.25], "texture": "#3"},
				"west": {"uv": [0, 0, 0, 0.5], "texture": "#3"},
				"up": {"uv": [0, 0.5, 0, 0], "rotation": 90, "texture": "#3"},
				"down": {"uv": [0, 0, 0, 0.5], "rotation": 270, "texture": "#3"}
			}
		},
		{
			"name": "head",
			"from": [11.25005, 9.6, 6.74995],
			"to": [14.25005, 13.6, 8.74995],
			"rotation": {"angle": 22.5, "axis": "z", "origin": [6.50005, 11.78352, 7.75]},
			"faces": {
				"north": {"uv": [5, 8, 5.75, 9], "texture": "#3"},
				"east": {"uv": [0.25, 8.75, 0.75, 9.75], "texture": "#3"},
				"south": {"uv": [4.25, 7.25, 5, 8.25], "texture": "#3"},
				"west": {"uv": [0.75, 8.75, 1.25, 9.75], "texture": "#3"},
				"up": {"uv": [5.5, 8, 5, 7.25], "rotation": 90, "texture": "#3"},
				"down": {"uv": [9.25, 2, 8.75, 2.75], "rotation": 270, "texture": "#3"}
			}
		},
		{
			"name": "leftFin",
			"from": [11.45848, 11.42015, 4.25747],
			"to": [13.45848, 11.42015, 6.25747],
			"rotation": {"angle": 22.5, "axis": "z", "origin": [12.64326, 11.34361, 7.75]},
			"faces": {
				"north": {"uv": [0, 0, 0.5, 0], "texture": "#3"},
				"east": {"uv": [0, 0, 0.5, 0], "texture": "#3"},
				"south": {"uv": [0, 0, 0.5, 0], "texture": "#3"},
				"west": {"uv": [0, 0, 0.5, 0], "texture": "#3"},
				"up": {"uv": [9.25, 3.75, 8.75, 3.25], "rotation": 90, "texture": "#3"},
				"down": {"uv": [9.25, 4.25, 8.75, 4.75], "rotation": 270, "texture": "#3"}
			}
		},
		{
			"name": "rightFin",
			"from": [11.45848, 11.42015, 9.24253],
			"to": [13.45848, 11.42015, 11.24253],
			"rotation": {"angle": 22.5, "axis": "z", "origin": [12.64326, 11.34361, 7.75]},
			"faces": {
				"north": {"uv": [0, 0, 0.5, 0], "texture": "#3"},
				"east": {"uv": [0, 0, 0.5, 0], "texture": "#3"},
				"south": {"uv": [0, 0, 0.5, 0], "texture": "#3"},
				"west": {"uv": [0, 0, 0.5, 0], "texture": "#3"},
				"up": {"uv": [9.25, 5.25, 8.75, 4.75], "rotation": 90, "texture": "#3"},
				"down": {"uv": [9.25, 5.25, 8.75, 5.75], "rotation": 270, "texture": "#3"}
			}
		},
		{
			"from": [3, 2, 3],
			"to": [13, 11, 4],
			"rotation": {"angle": 0, "axis": "y", "origin": [3, 1, 3]},
			"faces": {
				"north": {"uv": [0, 0, 2.5, 2.25], "texture": "#3"},
				"east": {"uv": [4.25, 8.25, 4.5, 10.5], "texture": "#3"},
				"south": {"uv": [0, 2.25, 2.5, 4.5], "texture": "#3"},
				"west": {"uv": [4.5, 8.25, 4.75, 10.5], "texture": "#3"},
				"up": {"uv": [9.25, 4.25, 6.75, 4], "texture": "#3"},
				"down": {"uv": [8.25, 8.25, 5.75, 8.5], "texture": "#3"}
			}
		},
		{
			"from": [3, 2, 4],
			"to": [4, 11, 13],
			"rotation": {"angle": 0, "axis": "y", "origin": [3, 1, 13]},
			"faces": {
				"north": {"uv": [4.75, 8.25, 5, 10.5], "texture": "#3"},
				"east": {"uv": [2.5, 0, 4.75, 2.25], "texture": "#3"},
				"south": {"uv": [8.25, 8.25, 8.5, 10.5], "texture": "#3"},
				"west": {"uv": [2.5, 2.25, 4.75, 4.5], "texture": "#3"},
				"up": {"uv": [3.75, 10.75, 3.5, 8.5], "texture": "#3"},
				"down": {"uv": [4, 8.5, 3.75, 10.75], "texture": "#3"}
			}
		},
		{
			"from": [4, 2, 12],
			"to": [13, 11, 13],
			"rotation": {"angle": 0, "axis": "y", "origin": [13, 1, 13]},
			"faces": {
				"north": {"uv": [0, 4.5, 2.25, 6.75], "texture": "#3"},
				"east": {"uv": [4, 8.5, 4.25, 10.75], "texture": "#3"},
				"south": {"uv": [2.25, 4.5, 4.5, 6.75], "texture": "#3"},
				"west": {"uv": [8.5, 4.25, 8.75, 6.5], "texture": "#3"},
				"up": {"uv": [8, 8.75, 5.75, 8.5], "texture": "#3"},
				"down": {"uv": [10.75, 6.5, 8.5, 6.75], "texture": "#3"}
			}
		},
		{
			"from": [12, 2, 4],
			"to": [13, 11, 12],
			"rotation": {"angle": 0, "axis": "y", "origin": [12, 1, 13]},
			"faces": {
				"north": {"uv": [8.5, 6.75, 8.75, 9], "texture": "#3"},
				"east": {"uv": [4.5, 4.5, 6.5, 6.75], "texture": "#3"},
				"south": {"uv": [8, 8.5, 8.25, 10.75], "texture": "#3"},
				"west": {"uv": [4.75, 0, 6.75, 2.25], "texture": "#3"},
				"up": {"uv": [0.25, 10.75, 0, 8.75], "texture": "#3"},
				"down": {"uv": [9, 0, 8.75, 2], "texture": "#3"}
			}
		},
		{
			"from": [4, 0, 4],
			"to": [12, 2, 12],
			"rotation": {"angle": 0, "axis": "y", "origin": [4, 0, 4]},
			"faces": {
				"north": {"uv": [6.75, 2.5, 8.75, 3], "texture": "#3"},
				"east": {"uv": [6.75, 3, 8.75, 3.5], "texture": "#3"},
				"south": {"uv": [3.5, 6.75, 5.5, 7.25], "texture": "#3"},
				"west": {"uv": [6.75, 3.5, 8.75, 4], "texture": "#3"},
				"up": {"uv": [8.5, 8.25, 6.5, 6.25], "texture": "#3"},
				"down": {"uv": [2, 6.75, 0, 8.75], "texture": "#3"}
			}
		},
		{
			"from": [4, 10, 4],
			"to": [12, 10, 12],
			"rotation": {"angle": 0, "axis": "y", "origin": [8, 8, 4]},
			"faces": {
				"north": {"uv": [0, 0, 2, 0], "texture": "#3"},
				"east": {"uv": [0, 0, 2, 0], "texture": "#3"},
				"south": {"uv": [0, 0, 2, 0], "texture": "#3"},
				"west": {"uv": [0, 0, 2, 0], "texture": "#3"},
				"up": {"uv": [6.75, 4.25, 4.75, 2.25], "texture": "#3"},
				"down": {"uv": [8.5, 4.25, 6.5, 6.25], "texture": "#3"}
			}
		}
	],
	"display": {
		"thirdperson_righthand": {
			"rotation": [68, 180, 0],
			"translation": [-0.05, 0.5, -1.25],
			"scale": [0.47, 0.5, 0.47]
		},
		"thirdperson_lefthand": {
			"rotation": [68, 180, 0],
			"translation": [-0.05, 0.5, -1.25],
			"scale": [0.47, 0.5, 0.47]
		},
		"firstperson_righthand": {
			"rotation": [-75, 72, 54],
			"translation": [1.25, 2.75, 0.5],
			"scale": [0.66, 0.75, 0.66]
		},
		"firstperson_lefthand": {
			"rotation": [-75, 72, 54],
			"translation": [1.25, 2.75, 0.5],
			"scale": [0.66, 0.75, 0.66]
		}
	},
	"groups": [
		{
			"name": "body_front",
			"origin": [0, 0, -4],
			"color": 0,
			"children": [
				0,
				{
					"name": "body_back",
					"origin": [0, 0, 4],
					"color": 0,
					"children": [
						{
							"name": "dorsal_back",
							"origin": [0, 5, 4],
							"color": 0,
							"children": [1]
						}
					]
				},
				{
					"name": "dorsal_front",
					"origin": [0, 5, 2],
					"color": 0,
					"children": [2]
				},
				{
					"name": "head",
					"origin": [0, 3, -4],
					"color": 0,
					"children": [3]
				},
				{
					"name": "leftFin",
					"origin": [-1.5, 1, -4],
					"rotation": [0, 0, 35],
					"color": 0,
					"children": [4]
				},
				{
					"name": "rightFin",
					"origin": [1.5, 1, -4],
					"rotation": [0, 0, -35],
					"color": 0,
					"children": [5]
				}
			]
		},
		6,
		7,
		8,
		9,
		10,
		11
	]
}