{
	"credit": "Made with Blockbench",
	"textures": {
		"3": "item/shears_hand",
		"particle": "item/shears_hand"
	},
	"elements": [
		{
			"from": [9.55, 4, 7.5],
			"to": [11.55, 8, 8.5],
			"rotation": {"angle": -22.5, "axis": "z", "origin": [11.0125, 7, 8]},
			"faces": {
				"north": {"uv": [10, 8, 12, 12], "texture": "#3"},
				"east": {"uv": [10, 12, 11, 16], "texture": "#3"},
				"south": {"uv": [4, 11, 6, 15], "texture": "#3"},
				"west": {"uv": [12, 10, 13, 14], "texture": "#3"},
				"up": {"uv": [16, 1, 14, 0], "texture": "#3"},
				"down": {"uv": [16, 1, 14, 2], "texture": "#3"}
			}
		},
		{
			"from": [6.125, 4.8, 7.5],
			"to": [8.15, 8.8, 8.5],
			"rotation": {"angle": 0, "axis": "z", "origin": [8.2, 4.8, 7.5]},
			"faces": {
				"north": {"uv": [6, 11, 8, 15], "texture": "#3"},
				"east": {"uv": [11, 12, 12, 16], "texture": "#3"},
				"south": {"uv": [8, 11, 10, 15], "texture": "#3"},
				"west": {"uv": [13, 10, 14, 14], "texture": "#3"},
				"up": {"uv": [16, 13, 14, 12], "texture": "#3"},
				"down": {"uv": [15, 14, 13, 15], "texture": "#3"}
			}
		},
		{
			"from": [9.55, 4, 8],
			"to": [13.5, 12, 8.001],
			"rotation": {"angle": -22.5, "axis": "z", "origin": [11.0125, 7, 8]},
			"faces": {
				"north": {"uv": [0, 0, 4, 8], "texture": "#3"},
				"east": {"uv": [0, 0, 0, 8], "texture": "#3"},
				"south": {"uv": [4, 0, 8, 8], "texture": "#3"},
				"west": {"uv": [0, 0, 0, 8], "texture": "#3"},
				"up": {"uv": [4, 0, 0, 0], "texture": "#3"},
				"down": {"uv": [4, 0, 0, 0], "texture": "#3"}
			}
		},
		{
			"from": [4.2, 4.8, 8],
			"to": [8.15, 12.8, 8.001],
			"rotation": {"angle": 0, "axis": "z", "origin": [6.6875, 7.8, 8]},
			"faces": {
				"north": {"uv": [0, 8, 4, 16], "texture": "#3"},
				"east": {"uv": [0, 0, 0, 8], "texture": "#3"},
				"south": {"uv": [8, 0, 12, 8], "texture": "#3"},
				"west": {"uv": [0, 0, 0, 8], "texture": "#3"},
				"up": {"uv": [4, 0, 0, 0], "texture": "#3"},
				"down": {"uv": [4, 0, 0, 0], "texture": "#3"}
			}
		},
		{
			"from": [6.525, 0.875, 7],
			"to": [9.525, 3.875, 9],
			"rotation": {"angle": 0, "axis": "z", "origin": [9.525, 3.875, 7]},
			"faces": {
				"north": {"uv": [4, 8, 7, 11], "texture": "#3"},
				"east": {"uv": [12, 0, 14, 3], "texture": "#3"},
				"south": {"uv": [7, 8, 10, 11], "texture": "#3"},
				"west": {"uv": [12, 3, 14, 6], "texture": "#3"},
				"up": {"uv": [15, 8, 12, 6], "texture": "#3"},
				"down": {"uv": [15, 8, 12, 10], "texture": "#3"}
			}
		},
		{
			"from": [6.125, 2.8, 8.5],
			"to": [7.125, 3.8, 8.501],
			"rotation": {"angle": 0, "axis": "y", "origin": [5.125, 2.8, 6.5]},
			"faces": {
				"north": {"uv": [15, 5, 16, 6], "texture": "#3"},
				"east": {"uv": [0, 0, 0, 1], "texture": "#3"},
				"south": {"uv": [6, 15, 7, 16], "texture": "#3"},
				"west": {"uv": [0, 0, 0, 1], "texture": "#3"},
				"up": {"uv": [1, 0, 0, 0], "texture": "#3"},
				"down": {"uv": [1, 0, 0, 0], "texture": "#3"}
			}
		},
		{
			"from": [6.125, 2.8, 7.5],
			"to": [7.125, 2.801, 8.5],
			"rotation": {"angle": 0, "axis": "y", "origin": [6.125, 2.8, 6.5]},
			"faces": {
				"north": {"uv": [0, 0, 1, 0], "texture": "#3"},
				"east": {"uv": [0, 0, 1, 0], "texture": "#3"},
				"south": {"uv": [0, 0, 1, 0], "texture": "#3"},
				"west": {"uv": [0, 0, 1, 0], "texture": "#3"},
				"up": {"uv": [16, 7, 15, 6], "texture": "#3"},
				"down": {"uv": [8, 15, 7, 16], "texture": "#3"}
			}
		},
		{
			"from": [6.125, 2.8, 7.5],
			"to": [7.125, 3.8, 7.501],
			"rotation": {"angle": 0, "axis": "y", "origin": [5.125, 2.8, 5.5]},
			"faces": {
				"north": {"uv": [15, 7, 16, 8], "texture": "#3"},
				"east": {"uv": [0, 0, 0, 1], "texture": "#3"},
				"south": {"uv": [8, 15, 9, 16], "texture": "#3"},
				"west": {"uv": [0, 0, 0, 1], "texture": "#3"},
				"up": {"uv": [1, 0, 0, 0], "texture": "#3"},
				"down": {"uv": [1, 0, 0, 0], "texture": "#3"}
			}
		},
		{
			"from": [6.125, 2.8, 7.5],
			"to": [6.126, 4.8, 8.5],
			"rotation": {"angle": 0, "axis": "y", "origin": [6.125, 2.8, 6.5]},
			"faces": {
				"north": {"uv": [0, 0, 0, 2], "texture": "#3"},
				"east": {"uv": [14, 10, 15, 12], "texture": "#3"},
				"south": {"uv": [0, 0, 0, 2], "texture": "#3"},
				"west": {"uv": [12, 14, 13, 16], "texture": "#3"},
				"up": {"uv": [0, 1, 0, 0], "texture": "#3"},
				"down": {"uv": [0, 0, 0, 1], "texture": "#3"}
			}
		},
		{
			"from": [8.825, 2.25, 8.5],
			"to": [9.825, 3.25, 8.501],
			"rotation": {"angle": -22.5, "axis": "z", "origin": [9.57475, 2.75025, 8.0005]},
			"faces": {
				"north": {"uv": [14, 13, 15, 14], "texture": "#3"},
				"east": {"uv": [0, 0, 0, 1], "texture": "#3"},
				"south": {"uv": [15, 2, 16, 3], "texture": "#3"},
				"west": {"uv": [0, 0, 0, 1], "texture": "#3"},
				"up": {"uv": [1, 0, 0, 0], "texture": "#3"},
				"down": {"uv": [1, 0, 0, 0], "texture": "#3"}
			}
		},
		{
			"from": [8.825, 2.25, 7.5],
			"to": [9.825, 2.251, 8.5],
			"rotation": {"angle": -22.5, "axis": "z", "origin": [9.57475, 2.75025, 8.0005]},
			"faces": {
				"north": {"uv": [0, 0, 1, 0], "texture": "#3"},
				"east": {"uv": [0, 0, 1, 0], "texture": "#3"},
				"south": {"uv": [0, 0, 1, 0], "texture": "#3"},
				"west": {"uv": [0, 0, 1, 0], "texture": "#3"},
				"up": {"uv": [16, 4, 15, 3], "texture": "#3"},
				"down": {"uv": [5, 15, 4, 16], "texture": "#3"}
			}
		},
		{
			"from": [8.825, 2.25, 7.5],
			"to": [9.825, 3.25, 7.501],
			"rotation": {"angle": -22.5, "axis": "z", "origin": [9.57475, 2.75025, 8.0005]},
			"faces": {
				"north": {"uv": [15, 4, 16, 5], "texture": "#3"},
				"east": {"uv": [0, 0, 0, 1], "texture": "#3"},
				"south": {"uv": [5, 15, 6, 16], "texture": "#3"},
				"west": {"uv": [0, 0, 0, 1], "texture": "#3"},
				"up": {"uv": [1, 0, 0, 0], "texture": "#3"},
				"down": {"uv": [1, 0, 0, 0], "texture": "#3"}
			}
		},
		{
			"from": [9.824, 2.25, 7.5],
			"to": [9.825, 4.25, 8.5],
			"rotation": {"angle": -22.5, "axis": "z", "origin": [9.57475, 2.75025, 8.0005]},
			"faces": {
				"north": {"uv": [0, 0, 0, 2], "texture": "#3"},
				"east": {"uv": [14, 2, 15, 4], "texture": "#3"},
				"south": {"uv": [0, 0, 0, 2], "texture": "#3"},
				"west": {"uv": [14, 4, 15, 6], "texture": "#3"},
				"up": {"uv": [0, 1, 0, 0], "texture": "#3"},
				"down": {"uv": [0, 0, 0, 1], "texture": "#3"}
			}
		}
	],
	"display": {
		"thirdperson_righthand": {
			"rotation": [0, 126, 0],
			"translation": [-1.25, 3.5, 0],
			"scale": [0.73, 0.73, 0.73]
		},
		"thirdperson_lefthand": {
			"rotation": [0, 126, 0],
			"translation": [-1.25, 3.5, 0],
			"scale": [0.73, 0.73, 0.73]
		},
		"firstperson_righthand": {
			"rotation": [-10.25, -18, 16],
			"translation": [-0.75, 4, -1],
			"scale": [0.71, 0.71, 0.71]
		},
		"firstperson_lefthand": {
			"rotation": [169.25, 0, 162],
			"translation": [-1.5, 4, -0.5],
			"scale": [0.71, 0.71, 0.71]
		}
	},
	"groups": [
		0,
		1,
		2,
		3,
		4,
		{
			"name": "group",
			"origin": [2, 0, 10],
			"color": 0,
			"children": [
				5,
				6,
				7,
				8,
				{
					"name": "group",
					"origin": [2, 0, 10],
					"color": 0,
					"children": [9, 10, 11, 12]
				}
			]
		}
	]
}