{
	"credit": "Made with Blockbench",
	"textures": {
		"0": "item/soul_torch_hand",
		"particle": "item/soul_torch_hand"
	},
	"elements": [
		{
			"name": "base",
			"from": [7, 0, 6],
			"to": [9, 10, 8],
			"light_emission": 15,
			"rotation": {"angle": 0, "axis": "y", "origin": [7, 0, 6]},
			"faces": {
				"north": {"uv": [4, 0, 6, 10], "texture": "#0"},
				"east": {"uv": [6, 0, 8, 10], "texture": "#0"},
				"south": {"uv": [0, 0, 2, 10], "texture": "#0"},
				"west": {"uv": [2, 0, 4, 10], "texture": "#0"},
				"up": {"uv": [10, 2, 8, 0], "rotation": 180, "texture": "#0"},
				"down": {"uv": [10, 2, 8, 4], "rotation": 180, "texture": "#0"}
			}
		}
	],
	"display": {
		"thirdperson_righthand": {
			"translation": [-0.25, 3, 2.5],
			"scale": [0.8, 0.8, 0.8]
		},
		"thirdperson_lefthand": {
			"translation": [-0.25, 3.5, 2.25],
			"scale": [0.74, 0.74, 0.74]
		},
		"firstperson_righthand": {
			"rotation": [-16, 0, 0],
			"translation": [1.25, 5.5, 2],
			"scale": [0.72, 0.72, 0.72]
		},
		"firstperson_lefthand": {
			"rotation": [-16, 0, 0],
			"translation": [1.25, 5.5, 2],
			"scale": [0.72, 0.72, 0.72]
		}
	}
}