{
	"credit": "Made with Blockbench",
	"texture_size": [32, 32],
	"textures": {
		"1": "item/stone_pickaxe_hand"
	},
	"elements": [
		{
			"name": "handle",
			"from": [7.5, 0, 7.5],
			"to": [8.5, 17, 8.5],
			"rotation": {"angle": 0, "axis": "y", "origin": [7.5, 0, 7.5]},
			"faces": {
				"north": {"uv": [0, 4, 0.5, 12.5], "texture": "#1"},
				"east": {"uv": [0.5, 4, 1, 12.5], "texture": "#1"},
				"south": {"uv": [1, 4, 1.5, 12.5], "texture": "#1"},
				"west": {"uv": [1.5, 4, 2, 12.5], "texture": "#1"},
				"up": {"uv": [2.5, 4.5, 2, 4], "texture": "#1"},
				"down": {"uv": [3, 4, 2.5, 4.5], "texture": "#1"}
			}
		},
		{
			"name": "pick base",
			"from": [8, 12, 0.5],
			"to": [8.001, 16, 15.5],
			"rotation": {"angle": 0, "axis": "y", "origin": [8, 14, 4.5]},
			"faces": {
				"north": {"uv": [10.5, 2, 10.5, 4], "texture": "#1"},
				"east": {"uv": [7.5, 2, 0, 4], "texture": "#1"},
				"south": {"uv": [10, 2, 10, 4], "texture": "#1"},
				"west": {"uv": [0, 2, 7.5, 4], "texture": "#1"},
				"up": {"uv": [9, 8, 9, 0.5], "texture": "#1"},
				"down": {"uv": [9, 0.5, 9, 8], "texture": "#1"}
			}
		}
	],
	"display": {
		"thirdperson_righthand": {
			"translation": [0, 2, 1],
			"scale": [1.03, 1, 1.03]
		},
		"thirdperson_lefthand": {
			"translation": [0, 2, 1],
			"scale": [1.03, 1, 1.03]
		},
		"firstperson_righthand": {
			"rotation": [10, -3, -5],
			"translation": [1.25, 0.5, 0.25],
			"scale": [0.74, 0.77, 0.77]
		},
		"firstperson_lefthand": {
			"rotation": [10, -3, -5],
			"translation": [1.25, 0.5, 0.25],
			"scale": [0.74, 0.77, 0.77]
		}
	}
}