{
	"credit": "Made with Blockbench",
	"texture_size": [64, 64],
	"textures": {
		"3": "item/bucket_tropical_fish"
	},
	"elements": [
		{
			"name": "body",
			"from": [3.4424, 8.13469, 6.67076],
			"to": [11.41784, 12.12241, 9.32924],
			"rotation": {"angle": 45, "axis": "z", "origin": [7.5, 12.12241, 8]},
			"faces": {
				"north": {"uv": [6.75, 2.5, 8.25, 3.25], "texture": "#3"},
				"east": {"uv": [4, 8.5, 4.5, 9.25], "texture": "#3"},
				"south": {"uv": [2.25, 6.75, 3.75, 7.5], "texture": "#3"},
				"west": {"uv": [8.5, 4.25, 9, 5], "texture": "#3"},
				"up": {"uv": [6.25, 8.5, 5.75, 6.75], "rotation": 90, "texture": "#3"},
				"down": {"uv": [5, 7.75, 4.5, 9.5], "rotation": 270, "texture": "#3"}
			}
		},
		{
			"name": "body",
			"from": [3.44134, 12.12241, 8],
			"to": [11.41678, 17.43937, 8],
			"rotation": {"angle": 45, "axis": "z", "origin": [7.5, 12.12241, 8]},
			"faces": {
				"north": {"uv": [6.75, 1.25, 8.5, 2.5], "texture": "#3"},
				"east": {"uv": [0, 0, 0, 1.25], "texture": "#3"},
				"south": {"uv": [6.75, 0, 8.5, 1.25], "texture": "#3"},
				"west": {"uv": [0, 0, 0, 1.25], "texture": "#3"},
				"up": {"uv": [0, 1.75, 0, 0], "rotation": 90, "texture": "#3"},
				"down": {"uv": [0, 0, 0, 1.75], "rotation": 270, "texture": "#3"}
			}
		},
		{
			"name": "leftFin",
			"from": [8.69208, 10.97925, 4.2949],
			"to": [11.35056, 10.97925, 6.95338],
			"rotation": {"angle": -22.5, "axis": "z", "origin": [8, 12.12241, 8]},
			"faces": {
				"north": {"uv": [0, 0, 0, 0.5], "rotation": 90, "texture": "#3"},
				"east": {"uv": [0.5, 0, 0, 0], "rotation": 180, "texture": "#3"},
				"south": {"uv": [0, 0, 0, 0.5], "rotation": 270, "texture": "#3"},
				"west": {"uv": [0.5, 0, 0, 0], "texture": "#3"},
				"up": {"uv": [8.5, 5, 9, 5.5], "rotation": 270, "texture": "#3"},
				"down": {"uv": [5.75, 8.5, 6.25, 9], "rotation": 270, "texture": "#3"}
			}
		},
		{
			"name": "rightFin",
			"from": [8.69208, 10.97925, 9.04662],
			"to": [11.35056, 10.97925, 11.7051],
			"rotation": {"angle": -22.5, "axis": "z", "origin": [8, 12.12241, 8]},
			"faces": {
				"north": {"uv": [0, 0, 0, 0.5], "rotation": 90, "texture": "#3"},
				"east": {"uv": [0.5, 0, 0, 0], "rotation": 180, "texture": "#3"},
				"south": {"uv": [0, 0, 0, 0.5], "rotation": 270, "texture": "#3"},
				"west": {"uv": [0.5, 0, 0, 0], "texture": "#3"},
				"up": {"uv": [5.75, 8.5, 6.25, 9], "rotation": 270, "texture": "#3"},
				"down": {"uv": [8.5, 5, 9, 5.5], "rotation": 270, "texture": "#3"}
			}
		},
		{
			"from": [3, 2, 3],
			"to": [13, 11, 4],
			"rotation": {"angle": 0, "axis": "y", "origin": [3, 1, 3]},
			"faces": {
				"north": {"uv": [0, 0, 2.5, 2.25], "texture": "#3"},
				"east": {"uv": [5, 7.75, 5.25, 10], "texture": "#3"},
				"south": {"uv": [0, 2.25, 2.5, 4.5], "texture": "#3"},
				"west": {"uv": [5.25, 7.75, 5.5, 10], "texture": "#3"},
				"up": {"uv": [8.75, 8.5, 6.25, 8.25], "texture": "#3"},
				"down": {"uv": [11, 0, 8.5, 0.25], "texture": "#3"}
			}
		},
		{
			"from": [3, 2, 4],
			"to": [4, 11, 13],
			"rotation": {"angle": 0, "axis": "y", "origin": [3, 1, 13]},
			"faces": {
				"north": {"uv": [5.5, 7.75, 5.75, 10], "texture": "#3"},
				"east": {"uv": [2.5, 0, 4.75, 2.25], "texture": "#3"},
				"south": {"uv": [2, 8.25, 2.25, 10.5], "texture": "#3"},
				"west": {"uv": [2.5, 2.25, 4.75, 4.5], "texture": "#3"},
				"up": {"uv": [2.5, 10.5, 2.25, 8.25], "texture": "#3"},
				"down": {"uv": [2.75, 8.25, 2.5, 10.5], "texture": "#3"}
			}
		},
		{
			"from": [4, 2, 12],
			"to": [13, 11, 13],
			"rotation": {"angle": 0, "axis": "y", "origin": [13, 1, 13]},
			"faces": {
				"north": {"uv": [0, 4.5, 2.25, 6.75], "texture": "#3"},
				"east": {"uv": [2.75, 8.25, 3, 10.5], "texture": "#3"},
				"south": {"uv": [2.25, 4.5, 4.5, 6.75], "texture": "#3"},
				"west": {"uv": [3, 8.25, 3.25, 10.5], "texture": "#3"},
				"up": {"uv": [10.75, 0.5, 8.5, 0.25], "texture": "#3"},
				"down": {"uv": [10.75, 0.5, 8.5, 0.75], "texture": "#3"}
			}
		},
		{
			"from": [12, 2, 4],
			"to": [13, 11, 12],
			"rotation": {"angle": 0, "axis": "y", "origin": [12, 1, 13]},
			"faces": {
				"north": {"uv": [8.5, 0.75, 8.75, 3], "texture": "#3"},
				"east": {"uv": [4.5, 4.5, 6.5, 6.75], "texture": "#3"},
				"south": {"uv": [3.25, 8.5, 3.5, 10.75], "texture": "#3"},
				"west": {"uv": [4.75, 0, 6.75, 2.25], "texture": "#3"},
				"up": {"uv": [3.75, 10.5, 3.5, 8.5], "texture": "#3"},
				"down": {"uv": [4, 8.5, 3.75, 10.5], "texture": "#3"}
			}
		},
		{
			"from": [4, 0, 4],
			"to": [12, 2, 12],
			"rotation": {"angle": 0, "axis": "y", "origin": [4, 0, 4]},
			"faces": {
				"north": {"uv": [6.75, 3.25, 8.75, 3.75], "texture": "#3"},
				"east": {"uv": [3.75, 6.75, 5.75, 7.25], "texture": "#3"},
				"south": {"uv": [6.75, 3.75, 8.75, 4.25], "texture": "#3"},
				"west": {"uv": [3.75, 7.25, 5.75, 7.75], "texture": "#3"},
				"up": {"uv": [8.5, 8.25, 6.5, 6.25], "texture": "#3"},
				"down": {"uv": [2, 6.75, 0, 8.75], "texture": "#3"}
			}
		},
		{
			"from": [4, 10, 4],
			"to": [12, 10, 12],
			"rotation": {"angle": 0, "axis": "y", "origin": [8, 8, 4]},
			"faces": {
				"north": {"uv": [0, 0, 2, 0], "texture": "#3"},
				"east": {"uv": [0, 0, 2, 0], "texture": "#3"},
				"south": {"uv": [0, 0, 2, 0], "texture": "#3"},
				"west": {"uv": [0, 0, 2, 0], "texture": "#3"},
				"up": {"uv": [6.75, 4.25, 4.75, 2.25], "texture": "#3"},
				"down": {"uv": [8.5, 4.25, 6.5, 6.25], "texture": "#3"}
			}
		}
	],
	"display": {
		"thirdperson_righthand": {
			"rotation": [68, 180, 0],
			"translation": [-0.05, 0.5, -1.25],
			"scale": [0.47, 0.5, 0.47]
		},
		"thirdperson_lefthand": {
			"rotation": [68, 180, 0],
			"translation": [-0.05, 0.5, -1.25],
			"scale": [0.47, 0.5, 0.47]
		},
		"firstperson_righthand": {
			"rotation": [-75, 72, 54],
			"translation": [1.25, 2.75, 0.5],
			"scale": [0.66, 0.75, 0.66]
		},
		"firstperson_lefthand": {
			"rotation": [-75, 72, 54],
			"translation": [1.25, 2.75, 0.5],
			"scale": [0.66, 0.75, 0.66]
		}
	},
	"groups": [
		{
			"name": "body",
			"origin": [0.4557, 0, -0.63796],
			"color": 0,
			"children": [
				0,
				1,
				{
					"name": "leftFin",
					"origin": [-0.5443, 0, 0.36204],
					"rotation": [0, 35, 0],
					"color": 0,
					"children": [2]
				},
				{
					"name": "rightFin",
					"origin": [0.4557, 0, 0.36204],
					"rotation": [0, -35, 0],
					"color": 0,
					"children": [3]
				}
			]
		},
		4,
		5,
		6,
		7,
		8,
		9
	]
}