{
	"credit": "Made with Blockbench",
	"texture_size": [32, 32],
	"textures": {
		"1": "item/tropical_fish_hand",
		"particle": "item/tropical_fish_hand"
	},
	"elements": [
		{
			"name": "body",
			"from": [7, 0, 3],
			"to": [9, 3, 9],
			"rotation": {"angle": 0, "axis": "y", "origin": [8, 0, 6]},
			"faces": {
				"north": {"uv": [3, 3, 4, 4.5], "texture": "#1"},
				"east": {"uv": [0, 3, 3, 4.5], "texture": "#1"},
				"south": {"uv": [7, 3, 8, 4.5], "texture": "#1"},
				"west": {"uv": [4, 3, 7, 4.5], "texture": "#1"},
				"up": {"uv": [4, 3, 3, 0], "texture": "#1"},
				"down": {"uv": [5, 0, 4, 3], "texture": "#1"}
			}
		},
		{
			"name": "body",
			"from": [8, 3, 3.0008],
			"to": [8, 7, 9.0008],
			"rotation": {"angle": 0, "axis": "y", "origin": [8, 0, 6]},
			"faces": {
				"north": {"uv": [8, 0, 8, 2], "texture": "#1"},
				"east": {"uv": [5, 0, 8, 2], "texture": "#1"},
				"south": {"uv": [11, 0, 11, 2], "texture": "#1"},
				"west": {"uv": [8, 0, 11, 2], "texture": "#1"},
				"up": {"uv": [8, 0, 8, -3], "texture": "#1"},
				"down": {"uv": [8, -3, 8, 0], "texture": "#1"}
			}
		},
		{
			"name": "tailfin",
			"from": [8, 0, 9],
			"to": [8, 3, 13],
			"rotation": {"angle": 0, "axis": "y", "origin": [8, 0, 6]},
			"faces": {
				"north": {"uv": [14, 0, 14, 1.5], "texture": "#1"},
				"east": {"uv": [12, 0, 14, 1.5], "texture": "#1"},
				"south": {"uv": [16, 0, 16, 1.5], "texture": "#1"},
				"west": {"uv": [14, 0, 16, 1.5], "texture": "#1"},
				"up": {"uv": [14, 0, 14, -2], "texture": "#1"},
				"down": {"uv": [14, -2, 14, 0], "texture": "#1"}
			}
		},
		{
			"name": "leftFin",
			"from": [4.95689, 0, 6.1769],
			"to": [6.95689, 2, 6.1769],
			"rotation": {"angle": 45, "axis": "y", "origin": [6.664, 1, 5.89406]},
			"faces": {
				"north": {"uv": [1, 6, 2, 7], "texture": "#1"},
				"east": {"uv": [1, 6, 1, 7], "texture": "#1"},
				"south": {"uv": [2, 6, 3, 7], "texture": "#1"},
				"west": {"uv": [2, 6, 2, 7], "texture": "#1"},
				"up": {"uv": [2, 6, 1, 6], "texture": "#1"},
				"down": {"uv": [3, 6, 2, 6], "texture": "#1"}
			}
		},
		{
			"name": "rightFin",
			"from": [9.04311, 0, 6.1769],
			"to": [11.04311, 2, 6.1769],
			"rotation": {"angle": -45, "axis": "y", "origin": [9.336, 1, 5.89406]},
			"faces": {
				"north": {"uv": [1, 8, 2, 9], "texture": "#1"},
				"east": {"uv": [1, 8, 1, 9], "texture": "#1"},
				"south": {"uv": [2, 8, 3, 9], "texture": "#1"},
				"west": {"uv": [2, 8, 2, 9], "texture": "#1"},
				"up": {"uv": [2, 8, 1, 8], "texture": "#1"},
				"down": {"uv": [3, 8, 2, 8], "texture": "#1"}
			}
		}
	],
	"display": {
		"thirdperson_righthand": {
			"rotation": [89, 0, 0],
			"translation": [0, -3, 6.5]
		},
		"thirdperson_lefthand": {
			"rotation": [89, 0, 0],
			"translation": [0, -3, 6.5]
		},
		"firstperson_righthand": {
			"rotation": [66, -5.48, -22.69],
			"translation": [2.25, 2.75, 6.75],
			"scale": [0.88, 0.88, 0.88]
		},
		"firstperson_lefthand": {
			"rotation": [66, -5.48, -22.69],
			"translation": [2.25, 2.75, 6.75],
			"scale": [0.88, 0.88, 0.88]
		}
	},
	"groups": [
		{
			"name": "body",
			"origin": [0.5, 0, 0],
			"color": 0,
			"children": [
				0,
				1,
				{
					"name": "tailfin",
					"origin": [0, 0, 3],
					"color": 0,
					"children": [2]
				},
				{
					"name": "leftFin",
					"origin": [-0.5, 0, 1],
					"rotation": [0, 35, 0],
					"color": 0,
					"children": [3]
				},
				{
					"name": "rightFin",
					"origin": [0.5, 0, 1],
					"rotation": [0, -35, 0],
					"color": 0,
					"children": [4]
				}
			]
		}
	]
}