{
	"credit": "Made with Blockbench",
	"texture_size": [32, 32],
	"textures": {
		"1": "item/wooden_sword_hand"
	},
	"elements": [
		{
			"name": "handle",
			"from": [7.4, 0, 7.9],
			"to": [8.6, 6, 9.1],
			"rotation": {"angle": 0, "axis": "y", "origin": [8.1, 12.5, 8.6]},
			"faces": {
				"north": {"uv": [4.5, 3, 5, 6], "texture": "#1"},
				"east": {"uv": [5, 3, 5.5, 6], "texture": "#1"},
				"south": {"uv": [5.5, 3, 6, 6], "texture": "#1"},
				"west": {"uv": [4, 3, 4.5, 6], "texture": "#1"},
				"up": {"uv": [4.5, 7.5, 4, 7], "rotation": 270, "texture": "#1"},
				"down": {"uv": [5, 7, 4.5, 7.5], "rotation": 90, "texture": "#1"}
			}
		},
		{
			"name": "blade tip",
			"from": [8, 21, 7],
			"to": [8.001, 23, 10],
			"rotation": {"angle": 0, "axis": "y", "origin": [8, 12.5, 8.5]},
			"faces": {
				"north": {"uv": [9, 8.5, 9, 9.5], "texture": "#1"},
				"east": {"uv": [6, 1, 7.5, 2], "texture": "#1"},
				"south": {"uv": [10.5, 8.5, 10.5, 9.5], "texture": "#1"},
				"west": {"uv": [7.5, 1, 6, 2], "texture": "#1"},
				"up": {"uv": [10.5, 8.5, 9, 8.5], "rotation": 270, "texture": "#1"},
				"down": {"uv": [10.5, 8.5, 9, 8.5], "rotation": 90, "texture": "#1"}
			}
		},
		{
			"name": "hilt",
			"from": [6.5, 6, 5.5],
			"to": [9.5, 7, 11.5],
			"rotation": {"angle": 0, "axis": "y", "origin": [8, 12.5, 8.5]},
			"faces": {
				"north": {"uv": [0, 7, 1.5, 7.5], "texture": "#1"},
				"east": {"uv": [6, 2.5, 9, 3], "texture": "#1"},
				"south": {"uv": [1.5, 7, 3, 7.5], "texture": "#1"},
				"west": {"uv": [6, 2, 9, 2.5], "texture": "#1"},
				"up": {"uv": [6, 1.5, 3, 0], "rotation": 270, "texture": "#1"},
				"down": {"uv": [6, 1.5, 3, 3], "rotation": 90, "texture": "#1"}
			}
		},
		{
			"name": "hilt 1",
			"from": [8, 6, 10.5],
			"to": [8.001, 8, 13.5],
			"rotation": {"angle": 0, "axis": "y", "origin": [8, 12.5, 8.5]},
			"faces": {
				"north": {"uv": [11, 9.5, 11, 10.5], "texture": "#1"},
				"east": {"uv": [4, 6, 5.5, 7], "texture": "#1"},
				"south": {"uv": [11, 9.5, 11, 10.5], "texture": "#1"},
				"west": {"uv": [6, 3, 7.5, 4], "texture": "#1"},
				"up": {"uv": [11, 9.5, 9.5, 9.5], "rotation": 270, "texture": "#1"},
				"down": {"uv": [11, 9.5, 9.5, 9.5], "rotation": 90, "texture": "#1"}
			}
		},
		{
			"name": "hilt 2",
			"from": [8, 6, 3.5],
			"to": [8.001, 8, 6.5],
			"rotation": {"angle": 0, "axis": "y", "origin": [8, 12.5, 8.5]},
			"faces": {
				"north": {"uv": [9.5, 9.5, 9.5, 10.5], "texture": "#1"},
				"east": {"uv": [6, 5, 7.5, 6], "texture": "#1"},
				"south": {"uv": [9.5, 9.5, 9.5, 10.5], "texture": "#1"},
				"west": {"uv": [6, 4, 7.5, 5], "texture": "#1"},
				"up": {"uv": [11, 9.5, 9.5, 9.5], "rotation": 270, "texture": "#1"},
				"down": {"uv": [11, 9.5, 9.5, 9.5], "rotation": 90, "texture": "#1"}
			}
		},
		{
			"name": "blade",
			"from": [7.5, 7, 7],
			"to": [8.5, 21, 10],
			"rotation": {"angle": 0, "axis": "y", "origin": [8, 12.5, 8.5]},
			"faces": {
				"north": {"uv": [3, 3, 3.5, 10], "texture": "#1"},
				"east": {"uv": [1.5, 0, 0, 7], "texture": "#1"},
				"south": {"uv": [3.5, 3, 4, 10], "texture": "#1"},
				"west": {"uv": [0, 0, 1.5, 7], "texture": "#1"},
				"up": {"uv": [7, 6.5, 5.5, 6], "rotation": 270, "texture": "#1"},
				"down": {"uv": [7, 6.5, 5.5, 7], "rotation": 90, "texture": "#1"}
			}
		}
	],
	"display": {
		"thirdperson_righthand": {
			"translation": [0, 2, 0.5],
			"scale": [0.83, 0.83, 0.83]
		},
		"thirdperson_lefthand": {
			"translation": [0, 2, 0.5],
			"scale": [0.83, 0.83, 0.83]
		},
		"firstperson_righthand": {
			"rotation": [10, -3, -5],
			"translation": [1.25, 2, 0.25],
			"scale": [0.58, 0.58, 0.58]
		},
		"firstperson_lefthand": {
			"rotation": [10, -3, -5],
			"translation": [1.25, 2, 0.25],
			"scale": [0.58, 0.58, 0.58]
		}
	}
}