{
	"credit": "Made with Blockbench",
	"textures": {
		"1": "item/wooden_shovel_hand"
	},
	"elements": [
		{
			"name": "handle",
			"from": [7.5, 0, 7.5],
			"to": [8.5, 14, 8.5],
			"rotation": {"angle": 0, "axis": "y", "origin": [7.5, 0, 7.5]},
			"faces": {
				"north": {"uv": [5, 0, 6, 14], "texture": "#1"},
				"east": {"uv": [6, 0, 7, 14], "texture": "#1"},
				"south": {"uv": [7, 0, 8, 14], "texture": "#1"},
				"west": {"uv": [8, 0, 9, 14], "texture": "#1"},
				"up": {"uv": [10, 7, 9, 6], "texture": "#1"},
				"down": {"uv": [10, 7, 9, 8], "texture": "#1"}
			}
		},
		{
			"name": "shovel",
			"from": [5.5, 12, 8],
			"to": [10.5, 17, 8.001],
			"rotation": {"angle": 0, "axis": "x", "origin": [8, 14.5, 8]},
			"faces": {
				"north": {"uv": [0, 0, 5, 5], "texture": "#1"},
				"east": {"uv": [15, 10, 15, 15], "texture": "#1"},
				"south": {"uv": [5, 0, 0, 5], "texture": "#1"},
				"west": {"uv": [15, 10, 15, 15], "texture": "#1"},
				"up": {"uv": [15, 15, 10, 15], "texture": "#1"},
				"down": {"uv": [15, 15, 10, 15], "texture": "#1"}
			}
		}
	],
	"display": {
		"thirdperson_righthand": {
			"translation": [0, 2, 1],
			"scale": [1.03, 1, 1.03]
		},
		"thirdperson_lefthand": {
			"translation": [0, 2, 1],
			"scale": [1.03, 1, 1.03]
		},
		"firstperson_righthand": {
			"rotation": [10, -3, -5],
			"translation": [1.25, 0.5, 0.25],
			"scale": [0.74, 0.77, 0.77]
		},
		"firstperson_lefthand": {
			"rotation": [10, -3, -5],
			"translation": [1.25, 0.5, 0.25],
			"scale": [0.74, 0.77, 0.77]
		}
	}
}