{
	"credit": "Made with Blockbench",
	"textures": {
		"1": "item/written_book_hand",
		"particle": "item/written_book_hand"
	},
	"elements": [
		{
			"from": [3.5, 0, 1.5],
			"to": [12.5, 3, 14.5],
			"rotation": {"angle": 0, "axis": "y", "origin": [8, 1.5, 8]},
			"faces": {
				"north": {"uv": [4.5, 8, 9, 9.5], "texture": "#1"},
				"east": {"uv": [6.5, 6.5, 13, 8], "texture": "#1"},
				"south": {"uv": [0, 8, 4.5, 9.5], "texture": "#1"},
				"west": {"uv": [0, 6.5, 6.5, 8], "texture": "#1"},
				"up": {"uv": [4.5, 6.5, 0, 0], "rotation": 180, "texture": "#1"},
				"down": {"uv": [9, 0, 4.5, 6.5], "rotation": 180, "texture": "#1"}
			}
		}
	],
	"display": {
		"thirdperson_righthand": {
			"rotation": [90, 180, 0],
			"translation": [-1.25, 0.75, 5],
			"scale": [0.5, 0.5, 0.5]
		},
		"thirdperson_lefthand": {
			"rotation": [90, 180, 0],
			"translation": [-1.25, 0.75, 5],
			"scale": [0.5, 0.5, 0.5]
		},
		"firstperson_righthand": {
			"rotation": [76, 14, 64],
			"translation": [-4.5, 2.5, 2.5],
			"scale": [0.6, 0.6, 0.6]
		},
		"firstperson_lefthand": {
			"rotation": [76, 14, 64],
			"translation": [-4.5, 2.5, 2.5],
			"scale": [0.6, 0.6, 0.6]
		}
	}
}