{
	"credit": "Made with Blockbench",
	"texture_size": [32, 32],
	"textures": {
		"2": "item/writable_book_hand"
	},
	"elements": [
		{
			"name": "quil",
			"from": [1.47074, 3.05, 1.11522],
			"to": [9.47074, 3.05, 13.11522],
			"rotation": {"angle": 22.5, "axis": "y", "origin": [5.47074, 3.05, 7.11522]},
			"faces": {
				"north": {"uv": [0, 0, 4, 0], "texture": "#2"},
				"east": {"uv": [0, 0, 6, 0], "texture": "#2"},
				"south": {"uv": [0, 0, 4, 0], "texture": "#2"},
				"west": {"uv": [0, 0, 6, 0], "texture": "#2"},
				"up": {"uv": [4, 12.5, 0, 6.5], "rotation": 180, "texture": "#2"},
				"down": {"uv": [4, 6.5, 0, 12.5], "rotation": 180, "texture": "#2"}
			}
		},
		{
			"from": [3.5, 0, 1.5],
			"to": [12.5, 3, 14.5],
			"rotation": {"angle": 0, "axis": "y", "origin": [8, 1.5, 8]},
			"faces": {
				"north": {"uv": [9, 1.5, 13.5, 3], "texture": "#2"},
				"east": {"uv": [8, 8, 14.5, 9.5], "texture": "#2"},
				"south": {"uv": [9, 0, 13.5, 1.5], "texture": "#2"},
				"west": {"uv": [8, 6.5, 14.5, 8], "texture": "#2"},
				"up": {"uv": [4.5, 6.5, 0, 0], "rotation": 180, "texture": "#2"},
				"down": {"uv": [9, 0, 4.5, 6.5], "rotation": 180, "texture": "#2"}
			}
		}
	],
	"display": {
		"thirdperson_righthand": {
			"rotation": [90, 180, 0],
			"translation": [-1.25, 0.75, 5],
			"scale": [0.5, 0.5, 0.5]
		},
		"thirdperson_lefthand": {
			"rotation": [90, 180, 0],
			"translation": [-1.25, 0.75, 5],
			"scale": [0.5, 0.5, 0.5]
		},
		"firstperson_righthand": {
			"rotation": [76, 14, 64],
			"translation": [-4.5, 2.5, 2.5],
			"scale": [0.6, 0.6, 0.6]
		},
		"firstperson_lefthand": {
			"rotation": [76, 14, 64],
			"translation": [-4.5, 2.5, 2.5],
			"scale": [0.6, 0.6, 0.6]
		}
	}
}