{
	"format_version": "1.12.0",
	"minecraft:geometry": [
		{
			"description": {
				"identifier": "geometry.vulpix",
				"texture_width": 128,
				"texture_height": 128,
				"visible_bounds_width": 3,
				"visible_bounds_height": 2.5,
				"visible_bounds_offset": [0, 0.75, 0]
			},
			"bones": [
				{
					"name": "vulpix",
					"pivot": [0, 0, 0]
				},
				{
					"name": "body",
					"parent": "vulpix",
					"pivot": [0, 0, 0]
				},
				{
					"name": "torso",
					"parent": "body",
					"pivot": [0, 7.75, 3.25],
					"cubes": [
						{"origin": [-3, 5, -5.5], "size": [6, 5, 11], "uv": [0, 0]}
					]
				},
				{
					"name": "hoodie",
					"parent": "torso",
					"pivot": [0, 0, 0],
					"cubes": [
						{"origin": [-4, 6, -7], "size": [8, 2, 13], "pivot": [0, 6, -7], "rotation": [20, 0, 0], "uv": [86, 92]},
						{"origin": [0, 3, -7], "size": [2, 4, 0], "pivot": [1, 4, -8], "rotation": [-15, 0, -10], "uv": [0, 74]},
						{"origin": [-4.2, 5.9, -6], "size": [8.3, 2.2, 12.1], "pivot": [0, 6, -7], "rotation": [20, 0, 0], "uv": [87, 62]},
						{"origin": [5, 5, -4], "size": [0, 6, 9], "pivot": [5, 7, 0], "rotation": [0, 12.5, -32.5], "uv": [43, 109]},
						{"origin": [-2, 4, -8], "size": [2, 4, 0], "pivot": [-1, 6, -9], "rotation": [-15, 0, 15], "uv": [63, 116], "mirror": true},
						{"origin": [0, 4, -8], "size": [2, 4, 0], "pivot": [1, 6, -9], "rotation": [-15, 0, -15], "uv": [63, 116]},
						{"origin": [-1, 7, -8], "size": [2, 2, 0], "uv": [67, 121]},
						{"origin": [-3, 6, -8], "size": [3, 3, 0], "pivot": [-1, 6, -8], "rotation": [-1.6575, -12.39135, 7.67995], "uv": [68, 125], "mirror": true},
						{"origin": [0, 6, -8], "size": [3, 3, 0], "pivot": [1, 6, -8], "rotation": [-1.6575, 12.39135, -7.67995], "uv": [68, 125]},
						{"origin": [-5, 5, -4], "size": [0, 6, 9], "pivot": [-5, 7, 0], "rotation": [0, -12.5, 32.5], "uv": [43, 109], "mirror": true},
						{"origin": [-3, 2, -8], "size": [2, 2, 1], "pivot": [-2, 2, -8], "rotation": [-10.43445, 0.65858, 34.5439], "uv": [0, 116], "mirror": true},
						{"origin": [1, 2, -8], "size": [2, 2, 1], "pivot": [2, 2, -8], "rotation": [-10.43445, -0.65858, -34.5439], "uv": [0, 116]},
						{"origin": [-2, 3, -7], "size": [2, 4, 0], "pivot": [-1, 4, -8], "rotation": [-15, 0, 10], "uv": [0, 74], "mirror": true}
					]
				},
				{
					"name": "head",
					"parent": "torso",
					"pivot": [0, 9.75, -4],
					"cubes": [
						{"origin": [-3.5, 9.5, -8], "size": [7, 6, 6], "uv": [0, 16]},
						{"origin": [-2, 9.75, -10], "size": [4, 3, 2], "uv": [49, 21]}
					]
				},
				{
					"name": "eyes",
					"parent": "head",
					"pivot": [-1.5, 13, -6.25]
				},
				{
					"name": "eye_right",
					"parent": "eyes",
					"pivot": [-3.51, 13, -6.5],
					"cubes": [
						{"origin": [-3.51, 12, -8.01], "size": [1, 2, 3], "inflate": 0.001, "uv": [64, -2], "mirror": true}
					]
				},
				{
					"name": "eyelid_right",
					"parent": "eye_right",
					"pivot": [-2.775, 13, -6.4],
					"cubes": [
						{"origin": [-3.41, 12, -7.91], "size": [1, 2, 3], "inflate": 0.01, "uv": [64, 3], "mirror": true}
					]
				},
				{
					"name": "eye_left",
					"parent": "eyes",
					"pivot": [3.51, 13, -6.5],
					"cubes": [
						{"origin": [2.51, 12, -8.01], "size": [1, 2, 3], "inflate": 0.001, "uv": [64, -2]}
					]
				},
				{
					"name": "eyelid_left",
					"parent": "eye_left",
					"pivot": [2.775, 13, -6.4],
					"cubes": [
						{"origin": [2.41, 12, -7.91], "size": [1, 2, 3], "inflate": 0.01, "uv": [64, 3]}
					]
				},
				{
					"name": "head_tuft",
					"parent": "head",
					"pivot": [0, 15.25, -4.25],
					"rotation": [5, 0, 0],
					"cubes": [
						{"origin": [-3, 15.25, -6.25], "size": [6, 4, 4], "uv": [23, 0]}
					]
				},
				{
					"name": "head_hair_front",
					"parent": "head_tuft",
					"pivot": [0, 16, -6.25],
					"rotation": [-17.5, 0, 0],
					"cubes": [
						{"origin": [-2.5, 16, -8.25], "size": [5, 0, 2], "uv": [18, 19]}
					]
				},
				{
					"name": "head_hair_front2",
					"parent": "head_hair_front",
					"pivot": [0, 16, -8.25],
					"rotation": [77.5, 0, 0],
					"cubes": [
						{"origin": [-2.5, 16, -11.25], "size": [5, 0, 3], "uv": [17, 16]}
					]
				},
				{
					"name": "head_hair_back",
					"parent": "head_tuft",
					"pivot": [0, 16, -2.5],
					"rotation": [-45, 2.5, 0],
					"cubes": [
						{"origin": [-2, 16, -2.5], "size": [4, 0, 3], "uv": [0, 0]},
						{"origin": [-2, 16, -2.5], "size": [4, 0, 3], "uv": [0, 0], "mirror": true}
					]
				},
				{
					"name": "ear_right",
					"parent": "head",
					"pivot": [-2.75, 14.75, -4.5],
					"rotation": [-15, -30, -40],
					"cubes": [
						{"origin": [-3.75, 14.25, -6.5], "size": [2, 5, 4], "uv": [41, 22]}
					]
				},
				{
					"name": "ear_left",
					"parent": "head",
					"pivot": [2.75, 14.75, -4.5],
					"rotation": [-15, 30, 40],
					"cubes": [
						{"origin": [1.75, 14.25, -6.5], "size": [2, 5, 4], "uv": [41, 22], "mirror": true}
					]
				},
				{
					"name": "tail",
					"parent": "torso",
					"pivot": [0.25, 8.5, 4.75],
					"rotation": [40, 20, 0],
					"cubes": [
						{"origin": [-0.25, 7, 4.75], "size": [1, 3, 5], "uv": [14, 50]}
					]
				},
				{
					"name": "tail_end",
					"parent": "tail",
					"pivot": [0.25, 9, 8.75],
					"rotation": [0, -10, 0],
					"cubes": [
						{"origin": [-0.75, 4.75, 8.75], "size": [2, 6, 7], "uv": [22, 40]}
					]
				},
				{
					"name": "tail2",
					"parent": "torso",
					"pivot": [-0.25, 8.5, 4.75],
					"rotation": [40, -20, 0],
					"cubes": [
						{"origin": [-0.75, 7, 4.75], "size": [1, 3, 5], "uv": [14, 50], "mirror": true}
					]
				},
				{
					"name": "tail_end2",
					"parent": "tail2",
					"pivot": [-0.25, 9, 8.75],
					"rotation": [0, 10, 0],
					"cubes": [
						{"origin": [-1.25, 4.75, 8.75], "size": [2, 6, 7], "uv": [22, 40], "mirror": true}
					]
				},
				{
					"name": "tail3",
					"parent": "torso",
					"pivot": [0.5, 8.5, 4.75],
					"rotation": [30, 45, 0],
					"cubes": [
						{"origin": [0, 7, 4.75], "size": [1, 3, 5], "uv": [35, 49]}
					]
				},
				{
					"name": "tail_end3",
					"parent": "tail3",
					"pivot": [0.5, 9, 8.75],
					"rotation": [-5, -10, 0],
					"cubes": [
						{"origin": [-0.5, 4.75, 8.75], "size": [2, 6, 7], "uv": [30, 27]}
					]
				},
				{
					"name": "tail4",
					"parent": "torso",
					"pivot": [0.75, 8.5, 4.75],
					"rotation": [20, 70, 0],
					"cubes": [
						{"origin": [0.25, 7, 4.75], "size": [1, 3, 5], "uv": [48, 26]}
					]
				},
				{
					"name": "tail_end4",
					"parent": "tail4",
					"pivot": [0.75, 9, 8.75],
					"rotation": [-15, -10, 0],
					"cubes": [
						{"origin": [-0.25, 4.75, 8.75], "size": [2, 6, 7], "uv": [30, 9]}
					]
				},
				{
					"name": "tail5",
					"parent": "torso",
					"pivot": [-0.5, 8.5, 4.75],
					"rotation": [30, -45, 0],
					"cubes": [
						{"origin": [-1, 7, 4.75], "size": [1, 3, 5], "uv": [35, 49], "mirror": true}
					]
				},
				{
					"name": "tail_end5",
					"parent": "tail5",
					"pivot": [-0.5, 9, 8.75],
					"rotation": [-5, 10, 0],
					"cubes": [
						{"origin": [-1.5, 4.75, 8.75], "size": [2, 6, 7], "uv": [30, 27], "mirror": true}
					]
				},
				{
					"name": "tail6",
					"parent": "torso",
					"pivot": [-0.75, 8.5, 4.75],
					"rotation": [20, -70, 0],
					"cubes": [
						{"origin": [-1.25, 7, 4.75], "size": [1, 3, 5], "uv": [48, 26], "mirror": true}
					]
				},
				{
					"name": "tail_end6",
					"parent": "tail6",
					"pivot": [-0.75, 9, 8.75],
					"rotation": [-15, 10, 0],
					"cubes": [
						{"origin": [-1.75, 4.75, 8.75], "size": [2, 6, 7], "uv": [30, 9], "mirror": true}
					]
				},
				{
					"name": "leg_front_right",
					"parent": "body",
					"pivot": [-2, 7, -3.25],
					"rotation": [7.5, 0, 0],
					"cubes": [
						{"origin": [-3.5, 3.5, -4.75], "size": [3, 5, 3], "inflate": 0.01, "uv": [50, 34]}
					]
				},
				{
					"name": "leg_front_right2",
					"parent": "leg_front_right",
					"pivot": [-2, 3.5, -1.75],
					"rotation": [-22.5, 0, 0],
					"cubes": [
						{"origin": [-3.5, 0.5, -4.75], "size": [3, 3, 3], "uv": [47, 52]}
					]
				},
				{
					"name": "leg_front_right3",
					"parent": "leg_front_right2",
					"pivot": [-2, 1, -3.25],
					"rotation": [15, 0, 0],
					"cubes": [
						{"origin": [-3.5, -0.75, -5], "size": [3, 2, 3], "inflate": 0.01, "uv": [55, 26]}
					]
				},
				{
					"name": "leg_front_left",
					"parent": "body",
					"pivot": [2, 7, -3.25],
					"rotation": [7.5, 0, 0],
					"cubes": [
						{"origin": [0.5, 3.5, -4.75], "size": [3, 5, 3], "inflate": 0.01, "uv": [51, 0]}
					]
				},
				{
					"name": "leg_front_left2",
					"parent": "leg_front_left",
					"pivot": [2, 3.5, -1.75],
					"rotation": [-22.5, 0, 0],
					"cubes": [
						{"origin": [0.5, 0.5, -4.75], "size": [3, 3, 3], "uv": [26, 54]}
					]
				},
				{
					"name": "leg_front_left3",
					"parent": "leg_front_left2",
					"pivot": [2, 1, -3.25],
					"rotation": [15, 0, 0],
					"cubes": [
						{"origin": [0.5, -0.75, -5], "size": [3, 2, 3], "inflate": 0.01, "uv": [56, 42]}
					]
				},
				{
					"name": "leg_back_right",
					"parent": "body",
					"pivot": [-2, 7.25, 3],
					"rotation": [5, 0, 0],
					"cubes": [
						{"origin": [-3.5, 3.75, 1], "size": [3, 5, 4], "inflate": 0.01, "uv": [40, 40]}
					]
				},
				{
					"name": "leg_back_right2",
					"parent": "leg_back_right",
					"pivot": [-2, 3.75, 4.5],
					"rotation": [-15, 0, 0],
					"cubes": [
						{"origin": [-3.5, 1, 2.5], "size": [3, 3, 3], "uv": [0, 55]}
					]
				},
				{
					"name": "leg_back_right3",
					"parent": "leg_back_right2",
					"pivot": [-2, 1.5, 4],
					"rotation": [10, 0, 0],
					"cubes": [
						{"origin": [-3.5, -0.25, 2.25], "size": [3, 2, 3], "inflate": 0.01, "uv": [56, 55]}
					]
				},
				{
					"name": "leg_back_left",
					"parent": "body",
					"pivot": [2, 7.25, 3],
					"rotation": [5, 0, 0],
					"cubes": [
						{"origin": [0.5, 3.75, 1], "size": [3, 5, 4], "inflate": 0.01, "uv": [41, 4]}
					]
				},
				{
					"name": "leg_back_left2",
					"parent": "leg_back_left",
					"pivot": [2, 3.75, 4.5],
					"rotation": [-15, 0, 0],
					"cubes": [
						{"origin": [0.5, 1, 2.5], "size": [3, 3, 3], "uv": [55, 8]}
					]
				},
				{
					"name": "leg_back_left3",
					"parent": "leg_back_left2",
					"pivot": [2, 1.5, 4],
					"rotation": [10, 0, 0],
					"cubes": [
						{"origin": [0.5, -0.25, 2.25], "size": [3, 2, 3], "inflate": 0.01, "uv": [35, 57]}
					]
				}
			]
		}
	]
}