{
	"format_version": "1.8.0",
	"animations": {
		"animation.greedent.blink": {
			"animation_length": 0.25,
			"bones": {
				"eyes": {
					"position": {
						"0.0": [0, 0, 0],
						"0.25": [0, 0, 2]
					}
				},
				"linemini": {
					"position": [0, -1, 0]
				}
			}
		},
		"animation.greedent.ground_idle": {
			"loop": true,
			"animation_length": 4,
			"loop_delay": "true",
			"bones": {
				"legs": {
					"rotation": {
						"0.0": [0, 0, 0],
						"1.0": [17.5, 0, 0],
						"2.0": [0, 0, 0],
						"3.0": [17.5, 0, 0],
						"4.0": [0, 0, 0]
					},
					"position": {
						"0.0": [0, 0, 0],
						"1.0": [0, 0, 2],
						"2.0": [0, 0, 0],
						"3.0": [0, 0, 2],
						"4.0": [0, 0, 0]
					}
				},
				"line": {
					"rotation": {
						"0.0": [0, 0, 0],
						"1.0": [0, 12.5, 0],
						"2.0": [0, 0, 0],
						"3.0": [0, 12.5, 0],
						"4.0": [0, 0, 0]
					},
					"position": {
						"0.0": [0, 0, 0],
						"1.0": [0, 0, -1],
						"2.0": [0, 0, 0],
						"3.0": [0, 0, -1],
						"4.0": [0, 0, 0]
					}
				},
				"lineparte": {
					"rotation": {
						"0.0": [0, 0, 0],
						"1.0": [-5, 0, 0],
						"2.0": [0, 0, 0],
						"3.0": [-5, 0, 0],
						"4.0": [0, 0, 0]
					}
				},
				"linemini": {
					"rotation": {
						"0.0": [0, 0, 0],
						"1.0": [-5, 0, 0],
						"2.0": [0, 0, 0],
						"3.0": [-5, 0, 0],
						"4.0": [0, 0, 0]
					},
					"position": {
						"0.0": [0, -1, 0],
						"1.0": [0, -1, 0],
						"2.0": [0, -1, 0],
						"3.0": [0, -1, 0],
						"4.0": [0, -1, 0]
					}
				},
				"head": {
					"rotation": {
						"0.0": [0, 0, 0],
						"1.0": [7.5, 0, 0],
						"2.0": [0, 0, 0],
						"3.0": [7.5, 0, 0],
						"4.0": [0, 0, 0]
					},
					"position": {
						"0.0": [0, 0, 0],
						"1.0": [0, 0, 1],
						"2.0": [0, 0, 0],
						"3.0": [0, 0, 0],
						"4.0": [0, 0, 0]
					}
				},
				"hands": {
					"rotation": {
						"0.0": [0, 0, 0],
						"1.0": [7.5, 0, 0],
						"2.0": [0, 0, 0],
						"3.0": [7.5, 0, 0],
						"4.0": [0, 0, 0]
					},
					"position": {
						"0.0": [0, 0, 0],
						"1.0": [0, 0, 2],
						"2.0": [0, 0, 0],
						"3.0": [0, 0, 2],
						"4.0": [0, 0, 0]
					}
				}
			}
		},
		"animation.greedent.ground_walk": {
			"loop": true,
			"animation_length": 4,
			"loop_delay": "true",
			"bones": {
				"leg1": {
					"rotation": {
						"0.0": [-7.5, 0, 0],
						"2.0": [-7.5, 0, 0],
						"4.0": [-7.5, 0, 0]
					},
					"position": {
						"0.0": [0, 0, -3],
						"1.0": [0, 0, -2],
						"2.0": [0, 0, -3],
						"3.0": [0, 0, -2],
						"4.0": [0, 0, -3]
					}
				},
				"legmini1": {
					"position": {
						"0.0": [0, 0, 0],
						"1.0": {
							"pre": [0, 1, 3],
							"post": [0, 1, 3],
							"lerp_mode": "catmullrom"
						},
						"2.0": [0, 0, 0],
						"3.0": [0, 1, 3],
						"4.0": [0, 0, 0]
					}
				},
				"legparte1": {
					"rotation": {
						"0.0": [-10, 0, 0],
						"1.0": {
							"pre": [-7.5, 0, 0],
							"post": [-7.5, 0, 0],
							"lerp_mode": "catmullrom"
						},
						"2.0": [-10, 0, 0],
						"3.0": [-7.5, 0, 0],
						"4.0": [-10, 0, 0]
					},
					"position": {
						"0.0": [0, 0, -2],
						"1.0": [0, 1, 2],
						"2.0": [0, 0, -2],
						"3.0": [0, 1, 2],
						"4.0": [0, 0, -2]
					}
				},
				"leg2": {
					"rotation": {
						"0.0": [15, 0, 0],
						"2.0": [15, 0, 0],
						"4.0": [15, 0, 0]
					},
					"position": {
						"0.0": [0, 0, 2],
						"2.0": [0, 0, 2],
						"4.0": [0, 0, 2]
					}
				},
				"legmini2": {
					"rotation": {
						"0.0": [0, 0, 0],
						"1.0": {
							"pre": [-10, 0, 0],
							"post": [-10, 0, 0],
							"lerp_mode": "catmullrom"
						}
					},
					"position": {
						"0.0": [0, 0, 0],
						"1.0": [0, 0, -2],
						"2.0": [0, 0, 0],
						"3.0": [0, 0, -4],
						"4.0": [0, 0, 0]
					}
				},
				"legparte2": {
					"rotation": {
						"0.0": [-15, 0, 0],
						"1.0": {
							"pre": [-2.5, 0, 0],
							"post": [-2.5, 0, 0],
							"lerp_mode": "catmullrom"
						},
						"2.0": [-15, 0, 0],
						"3.0": [-2.5, 0, 0],
						"4.0": [-15, 0, 0]
					},
					"position": {
						"0.0": [0, 0, -1],
						"2.0": [0, 0, -1],
						"4.0": [0, 0, -1]
					}
				},
				"torsoparte": {
					"rotation": {
						"0.0": [10, 0, 0],
						"1.0": [2.5, 0, 0],
						"2.0": [10, 0, 0],
						"3.0": [2.5, 0, 0],
						"4.0": [10, 0, 0]
					},
					"position": {
						"0.0": [0, 0, 1],
						"2.0": [0, 0, 1],
						"4.0": [0, 0, 1]
					}
				},
				"line": {
					"rotation": {
						"0.0": [0, 17.5, 0],
						"1.0": [0, -15, 0],
						"2.0": [0, 17.5, 0],
						"3.0": [0, -15, 0],
						"4.0": [0, 17.5, 0]
					},
					"position": {
						"0.0": [0, 0, -1],
						"1.0": [3, 0, -1],
						"2.0": [0, 0, -1],
						"3.0": [3, 0, -1],
						"4.0": [0, 0, -1]
					}
				},
				"head": {
					"rotation": {
						"0.0": [12.5, 0, 0],
						"1.0": [20, 0, 0],
						"2.0": [12.5, 0, 0],
						"3.0": [20, 0, 0],
						"4.0": [12.5, 0, 0]
					},
					"position": {
						"0.0": [0, -1, -2],
						"1.0": [0, -2, 0],
						"2.0": [0, -1, -2],
						"3.0": [0, -2, 0],
						"4.0": [0, -1, -2]
					}
				},
				"bigote1": {
					"rotation": {
						"0.0": [0, -10, 0],
						"2.0": [0, -10, 0],
						"4.0": [0, -10, 0]
					},
					"position": {
						"0.0": [0, 0, -2],
						"2.0": [0, 0, -2],
						"4.0": [0, 0, -2]
					}
				},
				"bigote2": {
					"rotation": {
						"0.0": [0, 7.5, 0],
						"2.0": [0, 7.5, 0],
						"4.0": [0, 7.5, 0]
					},
					"position": {
						"0.0": [0, 0, -1],
						"2.0": [0, 0, -1],
						"4.0": [0, 0, -1]
					}
				},
				"hand1": {
					"rotation": {
						"0.0": [7.5, 0, 0],
						"2.0": [7.5, 0, 0],
						"4.0": [7.5, 0, 0]
					},
					"position": {
						"0.0": [0, 0, -1],
						"1.0": [0, 0, 2],
						"2.0": [0, 0, -1],
						"3.0": [0, 0, 2],
						"4.0": [0, 0, -1]
					}
				},
				"hand2": {
					"rotation": {
						"0.0": [25, 0, 0],
						"1.0": [12.5, 0, 0],
						"2.0": [25, 0, 0],
						"3.0": [12.5, 0, 0],
						"4.0": [25, 0, 0]
					},
					"position": {
						"0.0": [0, 1, 4],
						"1.0": [0, 0, 0],
						"2.0": [0, 0, 4],
						"3.0": [0, 0, 0],
						"4.0": [0, 1, 4]
					}
				},
				"linemini": {
					"position": {
						"0.0": [0, -1, 0],
						"2.0": [0, -1, 0],
						"4.0": [0, -1, 0]
					}
				}
			}
		},
		"animation.greedent.battle_idle": {
			"loop": true,
			"animation_length": 4,
			"bones": {
				"legs": {
					"rotation": {
						"0.0": [12.5, 0, 0],
						"1.0": [2.5, 0, 0],
						"2.0": [12.5, 0, 0],
						"3.0": [2.5, 0, 0],
						"4.0": [12.5, 0, 0]
					},
					"position": {
						"0.0": [0, 0, 2],
						"1.0": [0, 0, 1],
						"2.0": [0, 0, 2],
						"3.0": [0, 0, 1],
						"4.0": [0, 0, 2]
					}
				},
				"torso": {
					"rotation": {
						"0.0": [0, 0, 0],
						"1.0": [15, 0, 0],
						"2.0": [0, 0, 0],
						"3.0": [15, 0, 0],
						"4.0": [0, 0, 0]
					},
					"position": {
						"0.0": [0, 0, 0],
						"1.0": [0, 0, 2],
						"2.0": [0, 0, 0],
						"3.0": [0, 0, 2],
						"4.0": [0, 0, 0]
					}
				},
				"torsoparte": {
					"rotation": {
						"0.0": [-5, 0, 0],
						"2.0": [-5, 0, 0],
						"4.0": [-5, 0, 0]
					}
				},
				"head": {
					"rotation": {
						"0.0": [5, 0, 0],
						"1.0": [5, 0, 0],
						"2.0": [5, 0, 0],
						"3.0": [-2.5, 0, 0],
						"4.0": [5, 0, 0]
					},
					"position": {
						"0.0": [0, -1, 3],
						"1.0": [0, 0, 1],
						"2.0": [0, -1, 2],
						"3.0": [0, -1, 1],
						"4.0": [0, -1, 3]
					}
				}
			}
		},
		"animation.greedent.cry": {
			"animation_length": 2,
			"bones": {
				"legs": {
					"rotation": {
						"0.0": [12.5, 0, 0],
						"1.0": [32.5, 0, 0]
					},
					"position": {
						"0.0": [0, 0, 2],
						"1.0": [0, 0, 3]
					}
				},
				"torso": {
					"rotation": [0, 0, 0],
					"position": [0, 0, 0]
				},
				"torsoparte": {
					"rotation": {
						"0.0": [-5, 0, 0],
						"1.0": [25, 0, 0]
					},
					"position": {
						"0.0": [0, 0, 0],
						"1.0": [0, 0, 5]
					}
				},
				"line": {
					"rotation": {
						"0.0": [0, 0, 0],
						"1.0": [7.5, 0, 0]
					},
					"position": {
						"0.0": [0, 0, 0],
						"1.0": [0, 2, -2]
					}
				},
				"lineparte": {
					"rotation": {
						"0.0": [0, 0, 0],
						"1.0": [-10, 0, 0]
					}
				},
				"linemini": {
					"rotation": {
						"0.0": [0, 0, 0],
						"1.0": [-10, 0, 0]
					},
					"position": {
						"0.0": [0, -1, 0],
						"1.0": [0, -1, 0]
					}
				},
				"head": {
					"rotation": {
						"0.0": [5, 0, 0],
						"1.0": [7.5, 0, 0]
					},
					"position": {
						"0.0": [0, 0, 2],
						"1.0": [0, -2, -3]
					}
				},
				"smilemini": {
					"position": {
						"0.0": [0, 0, 0],
						"1.0": [0, 0, -1]
					}
				},
				"smileparte": {
					"position": {
						"0.0": [0, 0, 0],
						"0.9167": [0, 0, -0.12],
						"1.0": [0, 0, 1]
					}
				},
				"hands": {
					"rotation": {
						"0.0": [0, 0, 0],
						"1.0": [17.5, 0, 0]
					},
					"position": {
						"0.0": [0, 0, 0],
						"1.0": [0, -1, 2]
					}
				},
				"hand1": {
					"rotation": {
						"0.0": [0, 0, 0],
						"1.0": [0, -67.5, 0]
					},
					"position": {
						"0.0": [0, 0, 0],
						"1.0": [3, 0, -4]
					}
				},
				"hand2": {
					"rotation": {
						"0.0": [0, 0, 0],
						"1.0": [0, 67.5, 0]
					},
					"position": {
						"0.0": [0, 0, 0],
						"1.0": [-3, 0, -4]
					}
				},
				"legmini1": {
					"rotation": {
						"0.0": [0, 0, 0],
						"1.0": [-25, 0, 0]
					}
				},
				"legmini2": {
					"rotation": {
						"0.0": [0, 0, 0],
						"1.0": [-25, 0, 0]
					},
					"position": {
						"0.0": [0, 0, 0],
						"1.0": [0, 0, 0]
					}
				},
				"torso_mini": {
					"position": {
						"0.0": [0, 0, 0],
						"1.0": [0, 0.2, 0]
					}
				}
			},
			"sound_effects": {
				"1.0": {
					"effect": "pokemon.greedent.cry"
				}
			}
		},
		"animation.greendent.smile_quirk": {
			"animation_length": 1.5
		},
		"animation.greendent.tongue_quirk": {
			"animation_length": 2
		}
	}
}