{
	"format_version": "1.8.0",
	"animations": {
		"animation.rolycoly.ground_walk": {
			"loop": true,
			"animation_length": 1.5,
			"loop_delay": "true",
			"bones": {
				"torso": {
					"rotation": {
						"0.0": [0, 0, 0],
						"0.75": [202.5, 0, 0],
						"1.5": [360, 0, 0]
					},
					"position": {
						"0.0": [0, 0, 0],
						"0.75": [0, 2, 0],
						"1.5": [0, 0, 0]
					}
				},
				"hand1": {
					"position": {
						"0.0": [0, 0, 2],
						"1.5": [0, 0, 2]
					}
				},
				"hand2": {
					"position": {
						"0.0": [0, 0, 2],
						"1.5": [0, 0, 2]
					}
				}
			}
		},
		"animation.rolycoly.blink": {
			"animation_length": 0.0833,
			"bones": {
				"eye1": {
					"position": {
						"0.0": [0, 0, 0],
						"0.0833": [0, 0, 1]
					}
				}
			}
		},
		"animation.rolycoly.recoil": {
			"animation_length": 1,
			"bones": {
				"torso": {
					"rotation": {
						"0.0": [0, 0, 0],
						"0.2917": [0, -20, 0],
						"1.0": [0, 0, 0]
					}
				},
				"face": {
					"rotation": {
						"0.0": [0, 0, 0],
						"0.2917": [-7.5, 0, 0],
						"1.0": [0, 0, 0]
					}
				},
				"eye1": {
					"position": {
						"0.0": [0, 0, 0],
						"0.1667": [0, 0, 1],
						"1.0": [0, 0, 0]
					}
				},
				"hand1": {
					"rotation": {
						"0.0": [0, 0, 0],
						"0.2917": [2.5, 7.5, 0],
						"1.0": [0, 0, 0]
					}
				},
				"hand2": {
					"rotation": {
						"0.0": [0, 0, 0],
						"0.2917": [5, -7.5, 0],
						"1.0": [0, 0, 0]
					}
				},
				"legparte1": {
					"rotation": {
						"0.0": [0, 0, 0],
						"0.2917": [0, -10, 0],
						"1.0": [0, 0, 0]
					}
				}
			}
		},
		"animation.rolycoly.cry": {
			"animation_length": 1.5,
			"bones": {
				"torsoparte": {
					"rotation": {
						"0.0": [0, 0, 0],
						"0.5": [-7.5, 0, 0],
						"1.5": [0, 0, 0]
					}
				},
				"face": {
					"rotation": {
						"0.0": [0, 0, 0],
						"0.5": [-12.5, 0, 0],
						"1.5": [0, 0, 0]
					},
					"position": {
						"0.0": [0, 0, 0],
						"0.5": [0, 0, -1],
						"1.5": [0, 0, 0]
					}
				},
				"hand1": {
					"rotation": {
						"0.0": [0, 0, 0],
						"0.5": [0, 10, 0],
						"1.5": [0, 0, 0]
					}
				},
				"hand2": {
					"rotation": {
						"0.0": [0, 0, 0],
						"0.5": [0, -10, 0],
						"1.5": [0, 0, 0]
					}
				},
				"hand_mini3": {
					"position": {
						"0.0": [0, 0, 0],
						"0.5": [0, 0, 1],
						"1.5": [0, 0, 0]
					}
				},
				"hand_mini2": {
					"position": {
						"0.0": [0, 0, 0],
						"0.5": [0, 0, 1],
						"1.5": [0, 0, 0]
					}
				},
				"legparte1": {
					"rotation": {
						"0.0": [0, 0, 0],
						"0.5": [2.5, 0, 0],
						"1.5": [0, 0, 0]
					}
				}
			},
			"sound_effects": {
				"0.5": {
					"effect": "pokemon.rolycoly.cry"
				}
			}
		},
		"animation.rolycoly.physical": {
			"animation_length": 1.625,
			"bones": {
				"torso": {
					"rotation": {
						"0.0": [0, 0, 0],
						"0.3333": [24.0003, 10.37073, 1.61988],
						"0.75": [54.20645, -12.0174, -16.10644],
						"1.625": [0, 0, 0]
					},
					"position": {
						"0.0": [0, 0, 0],
						"0.75": [0, 0, -8],
						"1.625": [0, 0, 0]
					}
				},
				"torsoparte": {
					"rotation": {
						"0.0": [0, 0, 0],
						"0.3333": [-15, 0, 0],
						"0.75": [0, 0, 0],
						"1.625": [0, 0, 0]
					}
				},
				"face": {
					"rotation": {
						"0.0": [0, 0, 0],
						"0.3333": [-12.5, 0, 0],
						"0.75": [-7.5, 0, 0],
						"1.625": [0, 0, 0]
					}
				},
				"eye1": {
					"position": {
						"0.0": [0, 0, 0],
						"0.2083": [0, 0, 1],
						"1.625": [0, 0, 0]
					}
				},
				"hands": {
					"rotation": {
						"0.0": [0, 0, 0],
						"0.75": [17.5, 0, 0]
					},
					"position": {
						"0.0": [0, 0, 0],
						"0.75": [0, 1, 1]
					}
				},
				"hand1": {
					"rotation": {
						"0.0": [0, 0, 0],
						"0.3333": [10, 0, 0],
						"1.625": [0, 0, 0]
					},
					"position": {
						"0.0": [0, 0, 0],
						"0.3333": [0, 1, 1],
						"0.75": [0, 0.68, 1.68],
						"1.625": [0, 0, 0]
					}
				},
				"hand2": {
					"rotation": {
						"0.0": [0, 0, 0],
						"0.3333": [10, 0, 0],
						"1.625": [0, 0, 0]
					},
					"position": {
						"0.0": [0, 0, 0],
						"0.3333": [0, 1, 1],
						"0.75": [0, 0.68, 1.68],
						"1.625": [0, 0, 0]
					}
				},
				"hand_mini3": {
					"position": {
						"0.0": [0, 0, 0],
						"0.75": [0, -1, 0]
					}
				},
				"hand_mini2": {
					"position": {
						"0.0": [0, 0, 0],
						"0.75": [0, -1, 0]
					}
				},
				"legparte1": {
					"rotation": {
						"0.0": [0, 0, 0],
						"0.3333": [-10, 0, 0],
						"0.75": [8.23, 0, 0],
						"1.625": [0, 0, 0]
					}
				}
			}
		},
		"animation.rolycoly.ground_idle": {
			"loop": true,
			"bones": {
				"torso": {
					"rotation": ["7.6253+math.sin(q.anim_time*90*1.6-60)*0.6", "7.0702+math.sin(q.anim_time*90*1*2-60)*2", "4.5973851986+math.sin(q.anim_time*90*1.5-60)*1"]
				},
				"hands": {
					"rotation": [0.25677, "-4.9944+math.sin(q.anim_time*90*1.7-60)*1", "-5.0132+math.sin(q.anim_time*90*1.6-60)*1"]
				},
				"leg1": {
					"rotation": ["-7.5-math.sin(q.anim_time*90*2+60)*1", 0, 0]
				}
			}
		},
		"animation.rolycoly.battle_idle": {
			"loop": true,
			"bones": {
				"torso": {
					"rotation": ["1.6576+math.sin(q.anim_time*90*1.6-60)*0.6", "6.6588+math.sin(q.anim_time*90*1*2-60)*2", "5.558+math.sin(q.anim_time*90*1.5-60)*1"]
				},
				"hands": {
					"rotation": [0.25677, "-4.9944+math.sin(q.anim_time*90*1.7-60)*1", "-5.0132+math.sin(q.anim_time*90*1.6-60)*1"]
				}
			}
		},
		"animation.rolycoly.shoulder_left": {
			"loop": true,
			"bones": {
				"torso": {
					"rotation": [0, 0, 17.5],
					"position": [6, -3, 2]
				},
				"legparte1": {
					"rotation": [0, 0, -7.5]
				}
			}
		},
		"animation.rolycoly.shoulder_right": {
			"loop": true,
			"bones": {
				"torso": {
					"rotation": [0, 0, -17.5],
					"position": [-7, -3, 2]
				},
				"legparte1": {
					"rotation": [0, 0, 7.5]
				}
			}
		},
		"animation.rolycoly.faint": {
			"animation_length": 8,
			"bones": {
				"torso": {
					"rotation": {
						"0.0": {
							"post": [-20, 22.5, 0],
							"lerp_mode": "catmullrom"
						},
						"0.375": {
							"post": [-55.12874, 62.18782, -31.22104],
							"lerp_mode": "catmullrom"
						},
						"0.625": {
							"post": [-152.59171, 42.02188, -61.69315],
							"lerp_mode": "catmullrom"
						},
						"1.0": {
							"post": [-244.64283, -10.76728, -121.07537],
							"lerp_mode": "catmullrom"
						}
					}
				},
				"head": {
					"rotation": {
						"0.0": {
							"post": [0, 0, 0],
							"lerp_mode": "catmullrom"
						},
						"0.375": {
							"post": [0, 7.5, -5],
							"lerp_mode": "catmullrom"
						},
						"1.0": {
							"post": [-20, -12.5, -5],
							"lerp_mode": "catmullrom"
						}
					}
				},
				"eye1": {
					"position": {
						"0.0": {
							"post": [0, 0, 1],
							"lerp_mode": "catmullrom"
						}
					}
				},
				"hand2": {
					"rotation": {
						"0.0": {
							"post": [0, 0, 0],
							"lerp_mode": "catmullrom"
						},
						"0.375": {
							"post": [0, -7.5, 0],
							"lerp_mode": "catmullrom"
						}
					}
				},
				"legparte1": {
					"rotation": {
						"0.0": {
							"post": [0, 15, 0],
							"lerp_mode": "catmullrom"
						},
						"0.375": {
							"post": [0, 22.5, 0],
							"lerp_mode": "catmullrom"
						},
						"1.0": {
							"post": [10, 22.5, 0],
							"lerp_mode": "catmullrom"
						}
					}
				}
			}
		}
	}
}