{
	"format_version": "1.12.0",
	"minecraft:geometry": [
		{
			"description": {
				"identifier": "geometry.unknown",
				"texture_width": 128,
				"texture_height": 128,
				"visible_bounds_width": 3,
				"visible_bounds_height": 3.5,
				"visible_bounds_offset": [0, 1.25, 0]
			},
			"bones": [
				{
					"name": "Root",
					"pivot": [0, 0, 0]
				},
				{
					"name": "Body",
					"parent": "Root",
					"pivot": [0, 11, 0],
					"cubes": [
						{"origin": [-3, 8, -8], "size": [6, 6, 9], "uv": [0, 15]},
						{"origin": [0, 5, -6], "size": [0, 4, 10], "uv": [0, 22]}
					]
				},
				{
					"name": "neck",
					"parent": "Body",
					"pivot": [0, 10, -8],
					"cubes": [
						{"origin": [0.6, 16, -8.5], "size": [1, 3, 3], "pivot": [1.6, 16, -8.5], "rotation": [23.04341, 9.4679, 14.27458], "uv": [21, 17]},
						{"origin": [0.4, 16, -8.5], "size": [1, 2, 1], "pivot": [1.4, 16, -8.5], "rotation": [40.54341, 9.4679, 14.27458], "uv": [26, 17]},
						{"origin": [-1.6, 16.2, -8.2], "size": [1, 3, 3], "pivot": [-0.6, 16.2, -8.2], "rotation": [23.04341, -9.4679, -14.27458], "uv": [0, 15]},
						{"origin": [-1.4, 16.2, -8.2], "size": [1, 2, 1], "pivot": [-0.4, 16.2, -8.2], "rotation": [40.54341, -9.4679, -14.27458], "uv": [5, 15]},
						{"origin": [-1.5, 10, -9], "size": [3, 10, 4], "pivot": [-0.5, 10, -8], "rotation": [-5, 0, 0], "uv": [47, 10]},
						{"origin": [-0.5, 12, -12], "size": [1, 2, 4], "pivot": [-0.5, 12, -9], "rotation": [-22.5, 0, 0], "uv": [40, 65]},
						{"origin": [-0.5, 11, -11], "size": [1, 1, 3], "pivot": [-0.5, 11, -9], "rotation": [2.5, 0, 0], "uv": [27, 0]},
						{"origin": [-0.5, 9.7, -9.9], "size": [1, 1, 2], "pivot": [-0.5, 9.7, -8.9], "rotation": [20, 0, 0], "uv": [0, 21]}
					]
				},
				{
					"name": "head",
					"parent": "neck",
					"pivot": [0, 19, -8],
					"cubes": [
						{"origin": [-2, 19, -9], "size": [4, 4, 5], "uv": [13, 52]},
						{"origin": [-1, 19, -13], "size": [2, 2, 4], "uv": [0, 65]},
						{"origin": [-0.5, 20.8, -14], "size": [1, 1, 1], "pivot": [-0.5, 19.8, -14], "rotation": [-17.5, 0, 0], "uv": [4, 21]}
					]
				},
				{
					"name": "left_ear",
					"parent": "head",
					"pivot": [2.5, 22, -5],
					"cubes": [
						{"origin": [3.1, 13, -6], "size": [0, 4, 6], "pivot": [3.1, 19, -4], "rotation": [15, 0, -15], "uv": [20, 0]},
						{"origin": [2.5, 13, -6], "size": [1, 10, 3], "pivot": [3.5, 19, -4], "rotation": [15, 0, -15], "uv": [20, 61]}
					]
				},
				{
					"name": "right_ear",
					"parent": "head",
					"pivot": [-2, 22, -5.6],
					"cubes": [
						{"origin": [-3.1, 13, -6], "size": [0, 4, 6], "pivot": [-2.1, 19, -4], "rotation": [15, 0, 15], "uv": [36, 4]},
						{"origin": [-3.5, 13, -6], "size": [1, 10, 3], "pivot": [-2.5, 19, -4], "rotation": [15, 0, 15], "uv": [12, 61]}
					]
				},
				{
					"name": "hair",
					"parent": "head",
					"pivot": [0, 22, -6.6],
					"cubes": [
						{"origin": [-3, 23, -7], "size": [6, 2, 5], "uv": [44, 27]},
						{"origin": [-2, 19, -4.1], "size": [4, 5, 2], "pivot": [0, 22, -3.1], "rotation": [-17.5, 0, 0], "uv": [28, 64]}
					]
				},
				{
					"name": "bangs",
					"parent": "hair",
					"pivot": [0.1, 22.9, -9.25]
				},
				{
					"name": "bang_up",
					"parent": "bangs",
					"pivot": [-1.4, 20.7, -9.25],
					"cubes": [
						{"origin": [-1.4, 22.7, -13.25], "size": [1, 1, 4], "pivot": [-1.4, 20.7, -9.25], "rotation": [-31.12721, 51.0722, 1.40245], "uv": [26, 52]}
					]
				},
				{
					"name": "bangs_right",
					"parent": "bangs",
					"pivot": [-0.9, 22.7, -8.5],
					"cubes": [
						{"origin": [-0.6, 23.3, -9.4], "size": [1, 1, 3], "pivot": [-0.6, 21.3, -7.4], "rotation": [64.11117, 19.03885, 27.4219], "uv": [12, 36]},
						{"origin": [-1.9, 22.7, -9.5], "size": [1, 1, 3], "pivot": [-1.9, 20.7, -7.5], "rotation": [38.86431, 9.12583, 7.96633], "uv": [36, 4]}
					]
				},
				{
					"name": "bangs_left",
					"parent": "bangs",
					"pivot": [0.7, 23.1, -9.3],
					"cubes": [
						{"origin": [0.6, 23.6, -9.4], "size": [1, 1, 3], "pivot": [0.6, 21.6, -7.4], "rotation": [64.04603, -7.4041, -18.61078], "uv": [0, 46]},
						{"origin": [0, 23.4, -9.6], "size": [1, 1, 3], "pivot": [0, 21.4, -7.6], "rotation": [62.89797, -17.19027, -36.49083], "uv": [44, 34]}
					]
				},
				{
					"name": "right_side_bang",
					"parent": "hair",
					"pivot": [-2, 23, -8.6],
					"cubes": [
						{"origin": [-5.8, 25.7, -7.25], "size": [1, 1, 3], "pivot": [-5.8, 23.7, -3.25], "rotation": [56.53926, -7.85443, -27.87417], "uv": [35, 0]},
						{"origin": [-2.5, 24.9, -7.6], "size": [1, 2, 3], "pivot": [-2.5, 23.9, -5.6], "rotation": [53.73348, 34.18285, -107.72108], "uv": [34, 17]}
					]
				},
				{
					"name": "left_side_bang",
					"parent": "hair",
					"pivot": [2, 23.5, -8.6],
					"cubes": [
						{"origin": [3.2, 24.4, -7.7], "size": [1, 1, 3], "pivot": [3.2, 23.4, -5.7], "rotation": [46.23138, -20.67297, 56.58604], "uv": [44, 43]},
						{"origin": [1.6, 24.9, -8.6], "size": [1, 2, 3], "pivot": [1.6, 23.9, -6.6], "rotation": [120.14832, 17.25957, -46.94248], "uv": [0, 36]}
					]
				},
				{
					"name": "hair_spikes_top",
					"parent": "hair",
					"pivot": [0, 24, -8],
					"cubes": [
						{"origin": [0, 24, -7.1], "size": [2, 2, 8], "pivot": [1, 22, -6.1], "rotation": [48.17815, 9.54385, 8.11019], "uv": [32, 42]},
						{"origin": [-1, 24.1, -7.3], "size": [2, 2, 8], "pivot": [0, 22.1, -6.3], "rotation": [47.81393, -7.33326, -10.40413], "uv": [0, 36]},
						{"origin": [0, 24, -6.5], "size": [2, 2, 8], "pivot": [1, 22, -5.5], "rotation": [18.17815, 9.54385, 8.11019], "uv": [12, 42]},
						{"origin": [-1.6, 24, -6.5], "size": [2, 2, 8], "pivot": [-0.6, 22, -5.5], "rotation": [20.8219, -11.85118, 1.1034], "uv": [32, 32]},
						{"origin": [-2.3, 22.2, -8.7], "size": [2, 2, 8], "pivot": [-1.3, 20.2, -7.7], "rotation": [30.84946, -27.99819, -5.95435], "uv": [34, 17]},
						{"origin": [0.75, 23.25, -7.5], "size": [2, 2, 6], "pivot": [2.75, 21.25, -6.5], "rotation": [20.48017, 28.44115, 15.08002], "uv": [48, 0]}
					]
				},
				{
					"name": "hair_spikes_middle",
					"parent": "hair_spikes_top",
					"pivot": [0, 22, -5.6],
					"cubes": [
						{"origin": [-1, 22.5, -9], "size": [2, 2, 12], "pivot": [0, 20.5, -8], "rotation": [10, 0, 0], "uv": [18, 18]},
						{"origin": [-0.5, 21.5, -5], "size": [1, 2, 7], "pivot": [-0.5, 19.5, -9], "rotation": [10, 0, 0], "uv": [54, 17]},
						{"origin": [-2.3, 22.2, -8.7], "size": [1, 1, 8], "pivot": [-2.3, 20.2, -7.7], "rotation": [15.84946, -27.99819, -5.95435], "uv": [44, 44]},
						{"origin": [-1.9, 23.5, -5.7], "size": [1, 1, 8], "pivot": [-1.9, 21.5, -4.7], "rotation": [14.35971, -13.5096, -1.7854], "uv": [44, 34]},
						{"origin": [-0.25, 22, -7], "size": [2, 2, 8], "pivot": [0.75, 20, -6], "rotation": [-1.90644, 19.53859, 7.77456], "uv": [36, 0]},
						{"origin": [-2.25, 22, -7], "size": [2, 2, 8], "pivot": [-1.25, 20, -6], "rotation": [-1.95096, -22.93949, 9.17301], "uv": [12, 32]},
						{"origin": [1.45, 22.85, -7.5], "size": [1, 1, 5], "pivot": [3.45, 20.85, -6.5], "rotation": [0.48017, 28.44115, 15.08002], "uv": [20, 0]},
						{"origin": [0.65, 23.35, -3.5], "size": [1, 1, 6], "pivot": [2.65, 21.35, -2.5], "rotation": [21.92058, 13.73055, 12.40627], "uv": [58, 2]}
					]
				},
				{
					"name": "hair_spikes_bottom",
					"parent": "hair_spikes_middle",
					"pivot": [0, 21, -5.6],
					"cubes": [
						{"origin": [-1, 21.5, -9], "size": [2, 2, 11], "pivot": [0, 19.5, -8], "rotation": [-12.5, 0, 0], "uv": [21, 4]},
						{"origin": [-0.5, 20.5, -9], "size": [1, 1, 8], "pivot": [0.5, 18.5, -8], "rotation": [-22.5, 0, 0], "uv": [0, 46]},
						{"origin": [-0.1, 21.3, -9], "size": [1, 1, 7], "pivot": [0.9, 19.3, -8], "rotation": [-22.81179, 9.23186, -3.86032], "uv": [24, 42]},
						{"origin": [-1.1, 21.3, -9], "size": [1, 1, 7], "pivot": [-0.1, 19.3, -8], "rotation": [-22.99008, -11.53486, 4.8493], "uv": [24, 32]}
					]
				},
				{
					"name": "left_front_leg",
					"parent": "Body",
					"pivot": [3, 10, -5.5],
					"cubes": [
						{"origin": [2, 5, -7], "size": [2, 7, 3], "uv": [63, 9]}
					]
				},
				{
					"name": "lower_leg",
					"parent": "left_front_leg",
					"pivot": [2.8, 7, -6],
					"cubes": [
						{"origin": [1.5, 0, -7.1], "size": [3, 7, 3], "uv": [59, 50]},
						{"origin": [3, 0, -5], "size": [1, 4, 1], "pivot": [3, 0, -4], "rotation": [-17.5, 0, 0], "uv": [48, 0]},
						{"origin": [2.8, 0, -5], "size": [1, 3, 1], "pivot": [2.8, 0, -4], "rotation": [-50, 0, 0], "uv": [4, 50]}
					]
				},
				{
					"name": "paw",
					"parent": "lower_leg",
					"pivot": [2.8, 0, -7],
					"cubes": [
						{"origin": [2, 0, -8], "size": [2, 1, 1], "uv": [0, 30]}
					]
				},
				{
					"name": "right_front_leg",
					"parent": "Body",
					"pivot": [-3, 10, -5.5],
					"cubes": [
						{"origin": [-4, 5, -7], "size": [2, 7, 3], "uv": [0, 0]}
					]
				},
				{
					"name": "lower_leg2",
					"parent": "right_front_leg",
					"pivot": [-2.5, 7, -6.1],
					"cubes": [
						{"origin": [-4.5, 0, -7.1], "size": [3, 7, 3], "uv": [59, 60]},
						{"origin": [-3.9, 0, -5], "size": [1, 3, 1], "pivot": [-3.9, 0, -4], "rotation": [-50, 0, 0], "uv": [0, 50]},
						{"origin": [-4, 0, -5], "size": [1, 4, 1], "pivot": [-4, 0, -4], "rotation": [-17.5, 0, 0], "uv": [33, 42]}
					]
				},
				{
					"name": "paw2",
					"parent": "lower_leg2",
					"pivot": [-3, 0, -7],
					"cubes": [
						{"origin": [-4, 0, -8], "size": [2, 1, 1], "uv": [6, 30]}
					]
				},
				{
					"name": "back",
					"parent": "Body",
					"pivot": [0, 11.9, 1],
					"cubes": [
						{"origin": [-2.5, 8.9, -1], "size": [5, 5, 10], "uv": [0, 0]}
					]
				},
				{
					"name": "tail",
					"parent": "back",
					"pivot": [0, 13, 8],
					"cubes": [
						{"origin": [-1, 13, 7], "size": [2, 6, 3], "pivot": [0, 13, 8], "rotation": [-25, 0, 0], "uv": [63, 31]},
						{"origin": [-0.5, 17.3, 9.3], "size": [1, 5, 2], "pivot": [-0.5, 17.3, 9.3], "rotation": [5, 0, 0], "uv": [24, 32]},
						{"origin": [-0.5, 17.3, 11.1], "size": [1, 4, 1], "pivot": [-0.5, 17.3, 11.1], "rotation": [-7.5, 0, 0], "uv": [40, 52]},
						{"origin": [-0.5, 13.3, 9.3], "size": [1, 5, 1], "pivot": [-0.5, 13.3, 9.3], "rotation": [-40, 0, 0], "uv": [33, 32]},
						{"origin": [-0.5, 12, 8.6], "size": [1, 2, 1], "pivot": [-0.5, 12, 9.6], "rotation": [-72.5, 0, 0], "uv": [34, 27]},
						{"origin": [-0.5, 14, 7.2], "size": [1, 2, 1], "pivot": [-0.5, 14, 8.2], "rotation": [7.5, 0, 0], "uv": [34, 22]}
					]
				},
				{
					"name": "right_hind_leg",
					"parent": "back",
					"pivot": [-2.5, 10, 6.9],
					"cubes": [
						{"origin": [-4, 5, 5], "size": [2, 7, 5], "pivot": [-3, 8, 6], "rotation": [22.5, 0, 0], "uv": [45, 53]}
					]
				},
				{
					"name": "lower_leg3",
					"parent": "right_hind_leg",
					"pivot": [-3.1, 7, 10.5],
					"cubes": [
						{"origin": [-4, 1, 9.5], "size": [1, 4, 1], "pivot": [-4, 0, 9.5], "rotation": [-37.5, 0, 0], "uv": [20, 0]},
						{"origin": [-4.1, 2, 9.5], "size": [1, 3, 1], "pivot": [-4.1, 1, 9.5], "rotation": [-72.5, 0, 0], "uv": [14, 46]},
						{"origin": [-4.5, 0, 7.9], "size": [3, 7, 3], "uv": [59, 40]}
					]
				},
				{
					"name": "paw3",
					"parent": "lower_leg3",
					"pivot": [-3.1, 0, 7.9],
					"cubes": [
						{"origin": [-4, 0, 7], "size": [2, 1, 1], "uv": [32, 0]}
					]
				},
				{
					"name": "left_hind_leg",
					"parent": "back",
					"pivot": [3.5, 10, 6.9],
					"cubes": [
						{"origin": [2, 5, 5], "size": [2, 7, 5], "pivot": [3, 8, 6], "rotation": [22.5, 0, 0], "uv": [31, 52]}
					]
				},
				{
					"name": "lower_leg4",
					"parent": "left_hind_leg",
					"pivot": [3.5, 7, 10.9],
					"cubes": [
						{"origin": [1.5, 0, 7.9], "size": [3, 7, 3], "uv": [0, 55]},
						{"origin": [3, 1, 9.5], "size": [1, 4, 1], "pivot": [3, 0, 9.5], "rotation": [-37.5, 0, 0], "uv": [24, 42]},
						{"origin": [3.1, 2, 9.5], "size": [1, 3, 1], "pivot": [3.1, 1, 9.5], "rotation": [-72.5, 0, 0], "uv": [10, 46]}
					]
				},
				{
					"name": "paw4",
					"parent": "lower_leg4",
					"pivot": [3.5, 0, 7.9],
					"cubes": [
						{"origin": [2, 0, 7], "size": [2, 1, 1], "uv": [12, 30]}
					]
				}
			]
		}
	]
}