{
	"format_version": "1.8.0",
	"animations": {
		"animation.furfrou.ground_idle": {
			"loop": true,
			"animation_length": 2,
			"bones": {
				"back": {
					"rotation": {
						"0.0": [0, 0, 0],
						"0.5": [-2.5, 0, 0],
						"1.0": [5, 0, 0],
						"2.0": [0, 0, 0]
					}
				},
				"left_front_leg": {
					"rotation": {
						"0.0": [0, 0, 0],
						"0.5": [5, 0, 0],
						"1.0": [22.5, 0, 0],
						"2.0": [0, 0, 0]
					}
				},
				"right_front_leg": {
					"rotation": {
						"0.0": [0, 0, 0],
						"0.5": [10, 0, 0],
						"1.0": [2.5, 0, 0],
						"2.0": [0, 0, 0]
					}
				},
				"right_hind_leg": {
					"rotation": {
						"0.0": [0, 0, 0],
						"0.5": [7.5, 0, 0],
						"1.0": [-17.5, 0, 0],
						"2.0": [0, 0, 0]
					}
				},
				"left_hind_leg": {
					"rotation": {
						"0.0": [0, 0, 0],
						"0.5": [-7.5, 0, 0],
						"1.0": [-17.5, 0, 0],
						"2.0": [0, 0, 0]
					}
				},
				"neck": {
					"rotation": {
						"0.0": [0, 0, 0],
						"0.2917": [-5, 0, 0],
						"0.75": [5, 0, 0],
						"1.25": [-5, 0, 0],
						"2.0": [0, 0, 0]
					}
				},
				"tail": {
					"rotation": {
						"0.0": [0, 0, 0],
						"0.2917": [-9.57574, 5.776, 4.07808],
						"0.75": [-27.43914, -3.45795, -13.68563],
						"1.25": [-12.63836, 2.6239, 13.14679],
						"2.0": [0, 0, 0]
					}
				},
				"head": {
					"rotation": {
						"0.0": [0, 0, 0],
						"0.2917": [5, 0, 0],
						"0.75": [-7.5, 0, 0],
						"1.25": [5, 0, 0],
						"2.0": [0, 0, 0]
					}
				},
				"left_ear": {
					"rotation": {
						"0.0": [0, 0, 0],
						"0.2917": [0, 0, -7.5],
						"0.75": [7.5, 0, -12.5],
						"2.0": [0, 0, 0]
					}
				},
				"right_ear": {
					"rotation": {
						"0.0": [0, 0, 0],
						"0.2917": [0, 0, 7.5],
						"0.75": [7.47178, -0.65182, 12.45744],
						"2.0": [0, 0, 0]
					}
				},
				"bangs_left": {
					"rotation": {
						"0.0": [0, 0, 0],
						"0.2917": [5, 0, 0],
						"2.0": [0, 0, 0]
					}
				},
				"bangs_right": {
					"rotation": {
						"0.0": [0, 0, 0],
						"0.2917": [7.5, 0, 0],
						"2.0": [0, 0, 0]
					}
				},
				"bang_up": {
					"rotation": {
						"0.0": [0, 0, 0],
						"0.2917": [-2.4905, 0.21782, 4.99527],
						"2.0": [0, 0, 0]
					}
				},
				"hair": {
					"rotation": {
						"0.0": [0, 0, 0],
						"0.2917": [2.5, 0, 0],
						"1.25": [-2.5, 0, 0],
						"2.0": [0, 0, 0]
					}
				},
				"hair_spikes_top": {
					"rotation": {
						"0.0": [0, 0, 0],
						"0.2917": [2.5, 0, 0],
						"0.75": [7.5, 0, 0],
						"1.25": [2.5, 0, 0],
						"2.0": [0, 0, 0]
					}
				},
				"hair_spikes_middle": {
					"rotation": {
						"0.0": [0, 0, 0],
						"0.2917": [-2.5, 0, 0],
						"0.75": [-5, 0, 0],
						"1.25": [0, 0, 0],
						"2.0": [0, 0, 0]
					}
				},
				"hair_spikes_bottom": {
					"rotation": {
						"0.0": [0, 0, 0],
						"0.2917": [-5, 0, 0],
						"0.75": [-10, 0, 0],
						"1.25": [-2.5, 0, 0],
						"2.0": [0, 0, 0]
					}
				},
				"lower_leg": {
					"rotation": {
						"0.0": [0, 0, 0],
						"0.5": [-7.5, 0, 0],
						"1.0": [-30, 0, 0],
						"2.0": [0, 0, 0]
					}
				},
				"paw": {
					"rotation": {
						"0.0": [0, 0, 0],
						"1.0": [5, 0, 0],
						"2.0": [0, 0, 0]
					}
				},
				"lower_leg2": {
					"rotation": {
						"0.0": [0, 0, 0],
						"0.5": [-17.5, 0, 0],
						"1.0": [-2.5, 0, 0],
						"2.0": [0, 0, 0]
					}
				},
				"paw2": {
					"rotation": {
						"0.0": [0, 0, 0],
						"0.5": [7.5, 0, 0],
						"1.0": [-5, 0, 0],
						"2.0": [0, 0, 0]
					}
				},
				"lower_leg4": {
					"rotation": {
						"0.0": [0, 0, 0],
						"0.5": [-7.5, 0, 0],
						"1.0": [7.5, 0, 0],
						"2.0": [0, 0, 0]
					}
				},
				"paw4": {
					"rotation": {
						"0.0": [0, 0, 0],
						"0.5": [12.5, 0, 0],
						"2.0": [0, 0, 0]
					}
				},
				"lower_leg3": {
					"rotation": {
						"0.0": [0, 0, 0],
						"0.5": [-5, 0, 0],
						"1.0": [10, 0, 0],
						"2.0": [0, 0, 0]
					}
				},
				"paw3": {
					"rotation": {
						"0.0": [0, 0, 0],
						"0.5": [5, 0, 0],
						"2.0": [0, 0, 0]
					}
				}
			}
		},
		"animation.furfrou.ground_walk": {
			"loop": true,
			"animation_length": 2,
			"bones": {
				"back": {
					"rotation": {
						"0.0": [0, 0, 0],
						"0.5": [-2.5, 0, 0],
						"1.0": [2.5, 0, 0],
						"1.25": [9.38, 0, 0],
						"2.0": [0, 0, 0]
					}
				},
				"left_front_leg": {
					"rotation": {
						"0.0": [0, 0, 0],
						"0.25": [20, 0, 0],
						"0.5": [-5, 0, 0],
						"0.75": [-30, 0, 0],
						"1.0": [0, 0, 0],
						"1.25": [22.5, 0, 0],
						"1.5": [30, 0, 0],
						"2.0": [0, 0, 0]
					}
				},
				"right_front_leg": {
					"rotation": {
						"0.0": [0, 0, 0],
						"0.5": [42.5, 0, 0],
						"0.75": [37.5, 0, 0],
						"1.0": [52.5, 0, 0],
						"1.25": [12.5, 0, 0],
						"1.5": [-6.67, 0, 0],
						"2.0": [0, 0, 0]
					}
				},
				"right_hind_leg": {
					"rotation": {
						"0.0": [0, 0, 0],
						"0.25": [20, 0, 0],
						"0.5": [40, 0, 0],
						"0.75": [-15, 0, 0],
						"1.0": [-57.5, 0, 0],
						"1.25": [-55, 0, 0],
						"1.5": [-32.88, 0, 0],
						"2.0": [0, 0, 0]
					}
				},
				"left_hind_leg": {
					"rotation": {
						"0.0": [0, 0, 0],
						"0.25": [6.25, 0, 0],
						"0.5": [7.5, 0, 0],
						"0.75": [27.5, 0, 0],
						"1.0": [-7.5, 0, 0],
						"1.25": [-55, 0, 0],
						"1.5": [-66.67, 0, 0],
						"1.75": [-45.83, 0, 0],
						"2.0": [0, 0, 0]
					}
				},
				"neck": {
					"rotation": {
						"0.0": [0, 0, 0],
						"0.5": [15, 0, 0],
						"1.0": [22.5, 0, 0],
						"2.0": [0, 0, 0]
					}
				},
				"tail": {
					"rotation": {
						"0.0": [0, 0, 0],
						"0.5": [-14.98765, -5.54347, 19.3277],
						"1.25": [-18.43734, -23.70709, -19.73505],
						"2.0": [0, 0, 0]
					}
				},
				"head": {
					"rotation": {
						"0.0": [0, 0, 0],
						"0.5": [-12.5, 0, 0],
						"1.0": [-22.5, 0, 0],
						"2.0": [0, 0, 0]
					}
				},
				"left_ear": {
					"rotation": {
						"0.0": [0, 0, 0],
						"0.5": [7.5, 0, -7.5],
						"1.0": [-4.83045, -1.29256, -22.44548],
						"2.0": [0, 0, 0]
					}
				},
				"right_ear": {
					"rotation": {
						"0.0": [0, 0, 0],
						"0.5": [7.5, 0, 10],
						"1.0": [-4.92442, 0.86717, 19.96271],
						"2.0": [0, 0, 0]
					}
				},
				"lower_leg": {
					"rotation": {
						"0.0": [0, 0, 0],
						"0.25": [-57.5, 0, 0],
						"0.5": [-55, 0, 0],
						"0.75": [2.5, 0, 0],
						"1.25": [-10, 0, 0],
						"1.5": [-19.17, 0, 0],
						"2.0": [0, 0, 0]
					}
				},
				"paw": {
					"rotation": {
						"0.0": [0, 0, 0],
						"0.25": [15, 0, 0],
						"2.0": [0, 0, 0]
					}
				},
				"lower_leg2": {
					"rotation": {
						"0.0": [0, 0, 0],
						"0.5": [-30, 0, 0],
						"0.75": [-37.5, 0, 0],
						"1.0": [-75, 0, 0],
						"1.25": [-65, 0, 0],
						"1.5": [-23.33, 0, 0],
						"2.0": [0, 0, 0]
					}
				},
				"lower_leg4": {
					"rotation": {
						"0.0": [0, 0, 0],
						"0.25": [2.5, 0, 0],
						"0.5": [-17.5, 0, 0],
						"0.75": [-50, 0, 0],
						"1.0": [-32.5, 0, 0],
						"1.25": [7.5, 0, 0],
						"1.5": [20, 0, 0],
						"1.75": [27.5, 0, 0],
						"2.0": [0, 0, 0]
					}
				},
				"paw4": {
					"rotation": {
						"0.0": [0, 0, 0],
						"0.75": [12.5, 0, 0],
						"2.0": [0, 0, 0]
					}
				},
				"lower_leg3": {
					"rotation": {
						"0.0": [0, 0, 0],
						"0.25": [12.5, 0, 0],
						"0.5": [-27.5, 0, 0],
						"0.75": [-20, 0, 0],
						"1.0": [27.5, 0, 0],
						"1.25": [30.63, 0, 0],
						"1.5": [12.92, 0, 0],
						"2.0": [0, 0, 0]
					}
				},
				"paw3": {
					"rotation": {
						"0.0": [0, 0, 0],
						"0.25": [7.5, 0, 0],
						"0.75": [15, 0, 0],
						"2.0": [0, 0, 0]
					}
				}
			}
		},
		"animation.furfrou.faint": {
			"loop": "hold_on_last_frame",
			"animation_length": 3,
			"bones": {
				"Body": {
					"rotation": {
						"0.0": [0, 0, 0],
						"0.25": [-12.5, 0, 0],
						"0.5": [-32.5, 0, 0],
						"0.7917": [-10, 0, 0],
						"1.0": [-20, 0, 0],
						"1.25": [-17.5, 0, 0],
						"1.5": [-10, 0, 0]
					},
					"position": {
						"0.0": [0, 0, 0],
						"0.25": [0, 2, 0],
						"0.7917": [0, -3, 0],
						"1.0": [0, -5, 0],
						"1.25": [0, -8, 0]
					}
				},
				"back": {
					"rotation": {
						"0.0": [0, 0, 0],
						"0.25": [0, 7.5, 0],
						"0.5": [25, 7.5, 0],
						"1.0": [37.5, 7.5, 0],
						"1.5": [27.5, 7.5, 0]
					}
				},
				"left_front_leg": {
					"rotation": {
						"0.0": [0, 0, 0],
						"0.25": [30, 0, 0],
						"0.5": [52.5, 0, 0],
						"0.7917": [80, 0, 0],
						"1.0": [115.58619, 17.07228, 3.90399],
						"1.25": [83.08619, 17.07228, 3.90399],
						"1.5": [78.65823, 14.69407, -18.33703]
					}
				},
				"right_front_leg": {
					"rotation": {
						"0.0": [0, 0, 0],
						"0.25": [-27.5, 0, 0],
						"0.7917": [-27.39282, -8.75013, 15.75046],
						"1.25": [-39.89282, -8.75013, 15.75046],
						"1.5": [-57.80029, 1.81565, 22.45173],
						"2.5": [-52.6167, 6.04313, 25.12855]
					}
				},
				"right_hind_leg": {
					"rotation": {
						"0.0": [0, 0, 0],
						"0.25": [-15, 0, 0],
						"0.5": [-14.87739, 1.93597, 7.24721],
						"1.0": [10.81471, 2.56115, 24.74971],
						"1.25": [10.99382, 1.61473, 29.66264]
					}
				},
				"left_hind_leg": {
					"rotation": {
						"0.0": [0, 0, 0],
						"0.25": [10, 0, 0],
						"0.5": [10.08453, 7.38542, 1.30962],
						"1.0": [18.29175, 15.33767, -20.1833],
						"1.25": [43.29175, 15.33767, -20.1833],
						"1.5": [23.29175, 15.33767, -20.1833]
					}
				},
				"neck": {
					"rotation": {
						"0.0": [0, 0, 0],
						"0.25": [0, 0, 0],
						"0.7917": [20, 0, 0],
						"1.0": [35, 0, 0],
						"1.25": [75, 0, 0],
						"1.5": [105, 0, 0]
					}
				},
				"tail": {
					"rotation": {
						"0.0": [0, 0, 0],
						"0.25": [17.5, 0, 12.5],
						"0.7917": [-1.96667, -10.11726, 37.45535],
						"1.0": [-29.46667, -10.11726, 37.45535],
						"1.75": [-63.26928, 31.09128, 56.30458]
					}
				},
				"head": {
					"rotation": {
						"0.0": [0, 0, 0],
						"0.25": [-17.5, 0, 0],
						"0.5": [-32.5, 0, 0],
						"0.7917": [-27.5, 0, 0],
						"1.0": [-26.12702, 15.46973, -8.28342],
						"1.25": [-36.12702, 15.46973, -8.28342],
						"1.5": [-58.43247, 7.88543, 4.94356],
						"1.75": [-50.6859, 18.97715, -15.22576]
					}
				},
				"left_ear": {
					"rotation": {
						"0.0": [0, 0, 0],
						"0.25": [-7.41418, -9.05711, -11.4309]
					}
				},
				"right_ear": {
					"rotation": {
						"0.0": [0, 0, 0],
						"0.25": [-14.51082, 3.84097, 27.01082]
					}
				},
				"hair_spikes_top": {
					"rotation": {
						"0.0": [0, 0, 0],
						"1.75": [-12.5, 0, 0]
					}
				},
				"lower_leg": {
					"rotation": {
						"0.0": [0, 0, 0],
						"0.25": [-42.5, 0, 0],
						"0.5": [-67.5, 0, 0],
						"0.7917": [-57.5, 0, 0],
						"1.0": [-85, 0, 0],
						"1.25": [-140, 0, 0],
						"1.5": [-141.33099, -11.14485, 13.57875],
						"2.5": [-142.21619, -14.24, 17.60455]
					}
				},
				"lower_leg2": {
					"rotation": {
						"0.0": [0, 0, 0],
						"0.25": [12.5, 0, 0],
						"0.7917": [-15, 0, 0]
					}
				},
				"lower_leg4": {
					"rotation": {
						"0.0": [0, 0, 0],
						"0.25": [7.5, 0, 0],
						"1.0": [-42.5, 0, 0],
						"1.5": [17.5, 0, 0]
					}
				},
				"lower_leg3": {
					"rotation": {
						"0.0": [0, 0, 0],
						"0.25": [15, 0, 0],
						"1.0": [14.51082, -3.84097, 14.51082],
						"1.25": [32.01082, -3.84097, 14.51082]
					}
				}
			}
		}
	}
}