{
	"credit": "Made with Blockbench",
	"texture_size": [32, 32],
	"textures": {
		"0": "block/custom/parasshroom",
		"particle": "parasshroom"
	},
	"elements": [
		{
			"from": [11.75, 13.25, 6.25],
			"to": [13.25, 16, 7.75],
			"rotation": {"angle": -22.5, "axis": "z", "origin": [12.5, 15, 7]},
			"faces": {
				"north": {"uv": [7.5, 3, 8.25, 4.5], "texture": "#0"},
				"east": {"uv": [7.5, 4.5, 8.25, 6], "texture": "#0"},
				"south": {"uv": [7.5, 6, 8.25, 7.5], "texture": "#0"},
				"west": {"uv": [7.5, 7.5, 8.25, 9], "texture": "#0"},
				"up": {"uv": [1.75, 9.75, 1, 9], "texture": "#0"},
				"down": {"uv": [2.75, 9, 2, 9.75], "texture": "#0"}
			}
		},
		{
			"from": [11.35, 15.75, 4.5],
			"to": [16.35, 17.2, 9.5],
			"rotation": {"angle": -22.5, "axis": "z", "origin": [13.85, 18.25, 7]},
			"faces": {
				"north": {"uv": [5, 5, 7.5, 5.75], "texture": "#0"},
				"east": {"uv": [5, 6, 7.5, 6.75], "texture": "#0"},
				"south": {"uv": [5, 7, 7.5, 7.75], "texture": "#0"},
				"west": {"uv": [0, 7.5, 2.5, 8.25], "texture": "#0"},
				"up": {"uv": [2.5, 2.5, 0, 0], "texture": "#0"},
				"down": {"uv": [2.5, 2.5, 0, 5], "texture": "#0"}
			}
		},
		{
			"from": [12.02835, 17.10485, 4.7],
			"to": [16.62835, 18.25485, 9.3],
			"rotation": {"angle": -22.5, "axis": "z", "origin": [14.32835, 19.40485, 7]},
			"faces": {
				"north": {"uv": [5, 8, 7.25, 8.5], "texture": "#0"},
				"east": {"uv": [0, 8.5, 2.25, 9], "texture": "#0"},
				"south": {"uv": [2.5, 8.5, 4.75, 9], "texture": "#0"},
				"west": {"uv": [8.5, 3, 10.75, 3.5], "texture": "#0"},
				"up": {"uv": [2.25, 7.25, 0, 5], "texture": "#0"},
				"down": {"uv": [7.25, 0, 5, 2.25], "texture": "#0"}
			}
		},
		{
			"from": [0.71412, 17.36697, 4.7],
			"to": [5.31412, 18.51697, 9.3],
			"rotation": {"angle": 22.5, "axis": "z", "origin": [3.01236, 16.23235, 7]},
			"faces": {
				"north": {"uv": [8.5, 3.5, 10.75, 4], "texture": "#0"},
				"east": {"uv": [8.5, 4, 10.75, 4.5], "texture": "#0"},
				"south": {"uv": [8.5, 4.5, 10.75, 5], "texture": "#0"},
				"west": {"uv": [5, 8.5, 7.25, 9], "texture": "#0"},
				"up": {"uv": [4.75, 7.25, 2.5, 5], "texture": "#0"},
				"down": {"uv": [7.25, 2.5, 5, 4.75], "texture": "#0"}
			}
		},
		{
			"from": [0.51412, 15.91697, 4.5],
			"to": [5.51412, 17.36697, 9.5],
			"rotation": {"angle": 22.5, "axis": "z", "origin": [3.01236, 16.23235, 7]},
			"faces": {
				"north": {"uv": [7.5, 0, 10, 0.75], "texture": "#0"},
				"east": {"uv": [7.5, 1, 10, 1.75], "texture": "#0"},
				"south": {"uv": [7.5, 2, 10, 2.75], "texture": "#0"},
				"west": {"uv": [2.5, 7.5, 5, 8.25], "texture": "#0"},
				"up": {"uv": [5, 2.5, 2.5, 0], "texture": "#0"},
				"down": {"uv": [5, 2.5, 2.5, 5], "texture": "#0"}
			}
		},
		{
			"from": [2.2606, 13.14774, 6.25],
			"to": [3.7606, 15.89774, 7.75],
			"rotation": {"angle": 22.5, "axis": "z", "origin": [3.01236, 16.23235, 7]},
			"faces": {
				"north": {"uv": [8.5, 5, 9.25, 6.5], "texture": "#0"},
				"east": {"uv": [8.5, 6.5, 9.25, 8], "texture": "#0"},
				"south": {"uv": [8.5, 8, 9.25, 9.5], "texture": "#0"},
				"west": {"uv": [0, 9, 0.75, 10.5], "texture": "#0"},
				"up": {"uv": [3.75, 9.75, 3, 9], "texture": "#0"},
				"down": {"uv": [4.75, 9, 4, 9.75], "texture": "#0"}
			}
		}
	],
	"display": {
		"thirdperson_righthand": {
			"rotation": [3.71, 29.97, -13.81],
			"translation": [-0.5, -3.5, 1.75],
			"scale": [0.55273, 0.55273, 0.55273]
		},
		"thirdperson_lefthand": {
			"rotation": [2.66, 25.84, -11.59],
			"translation": [-0.5, -3.5, 1.5],
			"scale": [0.55859, 0.55859, 0.55859]
		},
		"firstperson_righthand": {
			"rotation": [0, 0, 22],
			"translation": [5.25, -3, 0],
			"scale": [0.68359, 0.68359, 0.68359]
		},
		"firstperson_lefthand": {
			"rotation": [0, 0, 19.25],
			"translation": [3.75, -2.75, 0],
			"scale": [0.58594, 0.58594, 0.58594]
		},
		"ground": {
			"rotation": [29.5, -0.05, -0.48],
			"translation": [0, -5.75, 0],
			"scale": [0.63672, 0.63672, 0.63672]
		},
		"gui": {
			"rotation": [0, 18.5, 13.75],
			"translation": [2.75, -8.5, 0],
			"scale": [1.10352, 1.10352, 1.10352]
		},
		"head": {
			"translation": [0, -2.25, -0.25],
			"scale": [1.3, 1.3, 1.3]
		},
		"fixed": {
			"translation": [0, -8.25, 0.75],
			"scale": [1.16406, 1.16406, 1.16406]
		}
	},
	"groups": [
		{
			"name": "group",
			"origin": [8, 8, 8],
			"color": 0,
			"children": [0, 1, 2, 3, 4, 5]
		}
	]
}