{
	"format_version": "1.8.0",
	"animations": {
		"animation.cafe_noibat.ground_idle": {
			"loop": true,
			"bones": {
				"wing_right": {
					"rotation": [90.39315, 5.84433, "-41.1002-math.sin(q.anim_time*90*2-45)*2"]
				},
				"wing_right2": {
					"rotation": [0, 0, "-2.5-math.sin(q.anim_time*90*1-45)*2"]
				},
				"wing_left": {
					"rotation": [92.43593, -3.44527, "33.5021+math.sin(q.anim_time*90*2-45)*2"]
				},
				"wing_left2": {
					"rotation": [0, 0, "7.5+math.sin(q.anim_time*90*1-45)*2"]
				},
				"leg_left": {
					"rotation": [0, 5, 0]
				},
				"leg_left2": {
					"rotation": [0, 17.5, 0]
				},
				"leg_right": {
					"rotation": [0, -5, 0]
				},
				"leg_right2": {
					"rotation": [0, -17.5, 0]
				},
				"torso": {
					"rotation": ["2.5+math.sin(q.anim_time*90*2-45)*2", 0, 0]
				},
				"head_angle": {
					"rotation": ["2.5+math.sin(q.anim_time*90*0.5-45)*2", 0, 0]
				},
				"ear_right": {
					"rotation": ["2.5+math.sin(q.anim_time*90*1-45)*2", 0, 0]
				},
				"ear_left": {
					"rotation": ["2.5+math.sin(q.anim_time*90*1-45)*2", 0, 0]
				}
			}
		},
		"animation.cafe_noibat.air_idle": {
			"loop": true,
			"bones": {
				"body": {
					"rotation": ["30+5*Math.cos((query.anim_time-0) * 90 * 12) * 0.5", 0, "5*Math.cos((query.anim_time-0.25) * 90 * 12) * 0.5"],
					"position": [
						"1.5*Math.cos((query.anim_time-0.5) * 90 * 3) * 0.5",
						"2+1.5*Math.cos((query.anim_time-0) * 90 * 12) * 0.5",
						"1.5*Math.cos((query.anim_time-0.75) * 90 * 3) * 0.5"
					]
				},
				"head": {
					"rotation": ["-25+3*Math.cos((query.anim_time-0.25) * 90 * 12) * 0.5", 0, 0]
				},
				"wing_right": {
					"rotation": [
						"75-25*Math.cos((query.anim_time-0) * 90 * 12) * 0.5",
						"60*Math.cos((query.anim_time-0.5) * 90 * 12) * 0.5",
						"60*Math.cos((query.anim_time-0.5) * 90 * 12) * 0.5"
					]
				},
				"wing_right2": {
					"rotation": [0, "-30+80*Math.cos((query.anim_time-0.25) * 90 * 12) * 0.5", 0]
				},
				"wing_left": {
					"rotation": [
						"75-25*Math.cos((query.anim_time-0) * 90 * 12) * 0.5",
						"-60*Math.cos((query.anim_time-0.5) * 90 * 12) * 0.5",
						"-60*Math.cos((query.anim_time-0.5) * 90 * 12) * 0.5"
					]
				},
				"wing_left2": {
					"rotation": [0, "30-80*Math.cos((query.anim_time-0.25) * 90 * 12) * 0.5", 0]
				},
				"leg_left": {
					"rotation": ["-3*Math.cos((query.anim_time-0.25) * 90 * 12) * 0.5", 15, 10]
				},
				"leg_left2": {
					"rotation": ["20+5*Math.cos((query.anim_time-0.5) * 90 * 12) * 0.5", 0, "-15-5*Math.cos((query.anim_time-0.5) * 90 * 12) * 0.5"]
				},
				"foot_left": {
					"rotation": ["22.5-3*Math.cos((query.anim_time-0.75) * 90 * 12) * 0.5", 0, 0]
				},
				"leg_right": {
					"rotation": ["-3*Math.cos((query.anim_time-0.25) * 90 * 12) * 0.5", -15, -10]
				},
				"leg_right2": {
					"rotation": ["20+5*Math.cos((query.anim_time-0.5) * 90 * 12) * 0.5", 0, "15+5*Math.cos((query.anim_time-0.5) * 90 * 12) * 0.5"]
				},
				"foot_right": {
					"rotation": ["22.5-3*Math.cos((query.anim_time-0.75) * 90 * 12) * 0.5", 0, 0]
				},
				"torso": {
					"rotation": [-15, 0, 0]
				}
			}
		},
		"animation.cafe_noibat.air_fly": {
			"loop": true,
			"bones": {
				"body": {
					"rotation": ["30+5*Math.cos((query.anim_time-0) * 90 * 12) * 0.5", 0, "5*Math.cos((query.anim_time-0.25) * 90 * 12) * 0.5"],
					"position": [
						"1.5*Math.cos((query.anim_time-0.5) * 90 * 3) * 0.5",
						"2+1.5*Math.cos((query.anim_time-0) * 90 * 12) * 0.5",
						"1.5*Math.cos((query.anim_time-0.75) * 90 * 3) * 0.5"
					]
				},
				"head": {
					"rotation": ["-25+3*Math.cos((query.anim_time-0.25) * 90 * 12) * 0.5", 0, 0]
				},
				"wing_right": {
					"rotation": [
						"75-25*Math.cos((query.anim_time-0) * 90 * 12) * 0.5",
						"60*Math.cos((query.anim_time-0.5) * 90 * 12) * 0.5",
						"60*Math.cos((query.anim_time-0.5) * 90 * 12) * 0.5"
					]
				},
				"wing_right2": {
					"rotation": [0, "-30+80*Math.cos((query.anim_time-0.25) * 90 * 12) * 0.5", 0]
				},
				"wing_left": {
					"rotation": [
						"75-25*Math.cos((query.anim_time-0) * 90 * 12) * 0.5",
						"-60*Math.cos((query.anim_time-0.5) * 90 * 12) * 0.5",
						"-60*Math.cos((query.anim_time-0.5) * 90 * 12) * 0.5"
					]
				},
				"wing_left2": {
					"rotation": [0, "30-80*Math.cos((query.anim_time-0.25) * 90 * 12) * 0.5", 0]
				},
				"leg_left": {
					"rotation": ["-3*Math.cos((query.anim_time-0.25) * 90 * 12) * 0.5", 15, 10]
				},
				"leg_left2": {
					"rotation": ["20+5*Math.cos((query.anim_time-0.5) * 90 * 12) * 0.5", 0, "-15-5*Math.cos((query.anim_time-0.5) * 90 * 12) * 0.5"]
				},
				"foot_left": {
					"rotation": ["22.5-3*Math.cos((query.anim_time-0.75) * 90 * 12) * 0.5", 0, 0]
				},
				"leg_right": {
					"rotation": ["-3*Math.cos((query.anim_time-0.25) * 90 * 12) * 0.5", -15, -10]
				},
				"leg_right2": {
					"rotation": ["20+5*Math.cos((query.anim_time-0.5) * 90 * 12) * 0.5", 0, "15+5*Math.cos((query.anim_time-0.5) * 90 * 12) * 0.5"]
				},
				"foot_right": {
					"rotation": ["22.5-3*Math.cos((query.anim_time-0.75) * 90 * 12) * 0.5", 0, 0]
				},
				"torso": {
					"rotation": [-15, 0, 0]
				}
			}
		},
		"animation.cafe_noibat.cry": {
			"animation_length": 1,
			"bones": {
				"head": {
					"rotation": {
						"0.0": [0, 0, 0],
						"0.125": {
							"pre": [-17.5, 0, 0],
							"post": [-17.5, 0, 0],
							"lerp_mode": "catmullrom"
						},
						"0.625": {
							"post": [-17.78, 0, 0],
							"lerp_mode": "catmullrom"
						},
						"0.75": [0, 0, 0]
					}
				},
				"jaw": {
					"rotation": {
						"0.0": [0, 0, 0],
						"0.125": {
							"pre": [17.5, 0, 0],
							"post": [17.5, 0, 0],
							"lerp_mode": "catmullrom"
						},
						"0.625": {
							"post": [17.78, 0, 0],
							"lerp_mode": "catmullrom"
						},
						"0.75": [0, 0, 0]
					}
				}
			}
		},
		"animation.cafe_noibat.blink": {
			"animation_length": 0.2083,
			"bones": {
				"eyelid_right": {
					"position": {
						"0.0": [-0.1, 0, -0.1],
						"0.2083": {"pre": [-0.1, 0, -0.1], "post": [0, 0, 0]}
					}
				},
				"eyelid_left": {
					"position": {
						"0.0": [0.1, 0, -0.1],
						"0.2083": {"pre": [0.1, 0, -0.1], "post": [0, 0, 0]}
					}
				}
			}
		},
		"animation.noibat.render": {
			"loop": true,
			"bones": {
				"noibat": {
					"rotation": [30, 0, 0],
					"position": [0, 3, 0]
				},
				"body": {
					"rotation": [0.21502, -11.04857, -13.79522]
				},
				"head_angle": {
					"rotation": [-20, 0, 0]
				},
				"head": {
					"rotation": [-25, 10, 0]
				},
				"torso": {
					"rotation": [7.5, 0, 0]
				},
				"leg_left": {
					"rotation": [5.38152, 19.291, 15.91527]
				},
				"leg_left2": {
					"rotation": [22.99008, 11.53486, 4.8493]
				},
				"wing_left": {
					"rotation": [40.24258, 5.73853, 4.83711]
				},
				"wing_right": {
					"rotation": [38.49432, 32.86407, 7.42379]
				},
				"wing_right2": {
					"rotation": [0, -40, 0]
				},
				"foot_left": {
					"rotation": [35, 0, 0]
				},
				"leg_right": {
					"rotation": [2.74715, -12.19908, -12.79362]
				},
				"leg_right2": {
					"rotation": [20, -12.5, 12.5]
				},
				"foot_right": {
					"rotation": [35, 0, 0]
				},
				"wing_left2": {
					"rotation": [0, 32.5, 0]
				}
			}
		}
	}
}