{
	"format_version": "1.8.0",
	"animations": {
		"animation.spritzee.blink": {
			"animation_length": 0.1667,
			"bones": {
				"ceja1": {
					"position": {
						"0.0": [0, 0, 0],
						"0.1667": [1, 0, 0]
					}
				},
				"ceja2": {
					"position": {
						"0.0": [0, 0, 0],
						"0.1667": [-1, 0, 0]
					}
				},
				"eye_mini1": {
					"position": {
						"0.0": [0, 0, 0],
						"0.1667": [-1, 0, 0]
					}
				},
				"eye_mini2": {
					"position": {
						"0.0": [0, 0, 0],
						"0.1667": [1, 0, 0]
					}
				},
				"eye_parte1": {
					"position": {
						"0.0": [0, 0, 0],
						"0.1667": [0, 0, 1]
					}
				},
				"eye_parte2": {
					"position": {
						"0.0": [0, 0, 0],
						"0.1667": [0, 0, 1]
					}
				}
			}
		},
		"animation.spritzee.cry": {
			"animation_length": 1.3,
			"bones": {
				"torsomini": {
					"rotation": {
						"0.0": [0, 0, 0],
						"0.5": [-7.5, 0, 0],
						"1.3": [0, 0, 0]
					}
				},
				"head": {
					"rotation": {
						"0.0": [0, 0, 0],
						"0.5": [-7.5, 0, 0],
						"1.3": [0, 0, 0]
					}
				},
				"legs": {
					"position": {
						"0.0": [0, 0, 0],
						"0.5": [0, 2, 0],
						"1.3": [0, 0, 0]
					}
				},
				"torso": {
					"rotation": {
						"0.0": [0, 0, 0],
						"0.5": [0, -7.5, 0],
						"1.3": [0, 0, 0]
					},
					"position": {
						"0.0": [0, 0, 0],
						"0.5": [0, 2, 0],
						"1.3": [0, 0, 0]
					}
				}
			},
			"sound_effects": {
				"0.5": {
					"effect": "pokemon.spritzee.cry"
				}
			}
		},
		"animation.spritzee.status": {
			"animation_length": 1.9167,
			"bones": {
				"legs": {
					"rotation": {
						"0.0": {
							"post": [0, 0, 0],
							"lerp_mode": "catmullrom"
						},
						"0.4167": {
							"post": [5, -7.5, 0],
							"lerp_mode": "catmullrom"
						},
						"1.0": {
							"post": [0, 0, -5],
							"lerp_mode": "catmullrom"
						},
						"1.4167": {
							"post": [-0.19016, 0.34749, 3.05181],
							"lerp_mode": "catmullrom"
						},
						"1.75": {
							"post": [0, 0, 0],
							"lerp_mode": "catmullrom"
						},
						"1.9167": {
							"post": [0, 0, 0],
							"lerp_mode": "catmullrom"
						}
					},
					"position": {
						"0.0": {
							"post": [0, 1, 0],
							"lerp_mode": "catmullrom"
						},
						"0.4167": {
							"post": [0.4, 1, 0],
							"lerp_mode": "catmullrom"
						},
						"1.0": {
							"post": [0, 1, 0],
							"lerp_mode": "catmullrom"
						},
						"1.75": [0, 1, 0],
						"1.9167": [0, 1, 0]
					}
				},
				"torso": {
					"rotation": {
						"0.0": {
							"post": [0, 0, 0],
							"lerp_mode": "catmullrom"
						},
						"1.0": {
							"post": [12.45392, 1.08089, -4.88206],
							"lerp_mode": "catmullrom"
						},
						"1.4167": {
							"post": [2.82942, -0.12535, 6.38478],
							"lerp_mode": "catmullrom"
						},
						"1.75": {
							"post": [0, 0, 0],
							"lerp_mode": "catmullrom"
						},
						"1.9167": {
							"post": [0, 0, 0],
							"lerp_mode": "catmullrom"
						}
					},
					"position": {
						"0.0": {
							"post": [0, 1, 0],
							"lerp_mode": "catmullrom"
						},
						"1.0": {
							"post": [0, 1, 0],
							"lerp_mode": "catmullrom"
						},
						"1.75": [0, 1, 0],
						"1.9167": {
							"pre": [0, 1, 0],
							"post": [0, 1, 0],
							"lerp_mode": "catmullrom"
						}
					}
				},
				"torsomini": {
					"rotation": {
						"0.0": {
							"post": [0, 0, 0],
							"lerp_mode": "catmullrom"
						},
						"0.4167": {
							"post": [-10, -10, 0],
							"lerp_mode": "catmullrom"
						},
						"1.0": {
							"post": [0, 0, 0],
							"lerp_mode": "catmullrom"
						},
						"1.75": {
							"post": [0, 0, 0],
							"lerp_mode": "catmullrom"
						},
						"1.9167": {
							"post": [0, 0, 0],
							"lerp_mode": "catmullrom"
						}
					},
					"position": {
						"0.0": {
							"post": [0, 0, 0],
							"lerp_mode": "catmullrom"
						},
						"0.4167": {
							"post": [0, 0, 0],
							"lerp_mode": "catmullrom"
						},
						"1.0": {
							"post": [0, 0, 0],
							"lerp_mode": "catmullrom"
						},
						"1.75": {
							"post": [0, 0, 0],
							"lerp_mode": "catmullrom"
						},
						"1.9167": {
							"post": [0, 0, 0],
							"lerp_mode": "catmullrom"
						}
					}
				},
				"head": {
					"rotation": {
						"0.0": {
							"post": [0, 0, 0],
							"lerp_mode": "catmullrom"
						},
						"0.4167": {
							"post": [-7.5, -7.5, 0],
							"lerp_mode": "catmullrom"
						},
						"1.0": {
							"post": [0, 0, 0],
							"lerp_mode": "catmullrom"
						},
						"1.75": {
							"post": [0, 0, 0],
							"lerp_mode": "catmullrom"
						},
						"1.9167": {
							"post": [0, 0, 0],
							"lerp_mode": "catmullrom"
						}
					}
				},
				"nose": {
					"rotation": {
						"0.0": {
							"post": [0, 0, 0],
							"lerp_mode": "catmullrom"
						},
						"1.75": {
							"post": [0, 0, 0],
							"lerp_mode": "catmullrom"
						}
					},
					"position": {
						"0.0": {
							"post": [0, 0, 0],
							"lerp_mode": "catmullrom"
						},
						"1.75": {
							"post": [0, 0, 0],
							"lerp_mode": "catmullrom"
						}
					}
				},
				"hand1": {
					"rotation": {
						"0.0": {
							"post": [0, 0, 0],
							"lerp_mode": "catmullrom"
						},
						"0.4167": {
							"post": [0, 15, -7.5],
							"lerp_mode": "catmullrom"
						},
						"1.0": {
							"post": [0, 0, 0],
							"lerp_mode": "catmullrom"
						},
						"1.75": {
							"post": [0, 0, 0],
							"lerp_mode": "catmullrom"
						},
						"1.9167": {
							"post": [0, 0, 0],
							"lerp_mode": "catmullrom"
						}
					},
					"position": {
						"0.0": {
							"post": [0, 0, 0],
							"lerp_mode": "catmullrom"
						},
						"0.4167": {
							"post": [1, 0, 2],
							"lerp_mode": "catmullrom"
						},
						"1.0": {
							"post": [0, 0, 0],
							"lerp_mode": "catmullrom"
						},
						"1.75": {
							"post": [0, 0, 0],
							"lerp_mode": "catmullrom"
						},
						"1.9167": {
							"post": [0, 0, 0],
							"lerp_mode": "catmullrom"
						}
					}
				},
				"hand2": {
					"rotation": {
						"0.0": {
							"post": [0, 0, 0],
							"lerp_mode": "catmullrom"
						},
						"0.4167": {
							"post": [0, -15, 7.5],
							"lerp_mode": "catmullrom"
						},
						"1.0": {
							"post": [0, 0, 0],
							"lerp_mode": "catmullrom"
						},
						"1.75": {
							"post": [0, 0, 0],
							"lerp_mode": "catmullrom"
						},
						"1.9167": {
							"post": [0, 0, 0],
							"lerp_mode": "catmullrom"
						}
					},
					"position": {
						"0.0": {
							"post": [0, 0, 0],
							"lerp_mode": "catmullrom"
						},
						"0.4167": {
							"post": [-1, 0, 1],
							"lerp_mode": "catmullrom"
						},
						"1.0": {
							"post": [0, 0, 0],
							"lerp_mode": "catmullrom"
						},
						"1.75": {
							"post": [0, 0, 0],
							"lerp_mode": "catmullrom"
						},
						"1.9167": {
							"post": [0, 0, 0],
							"lerp_mode": "catmullrom"
						}
					}
				},
				"fur": {
					"rotation": {
						"0.0": [0, 0, 0],
						"1.4167": [0, 0, 12.5],
						"1.9167": [0, 0, 0]
					},
					"position": {
						"0.0": [0, 0, 0],
						"1.4167": [-2, 0, 0],
						"1.9167": [0, 0, 0]
					}
				}
			}
		},
		"animation.spritzee.recoil": {
			"animation_length": 1,
			"bones": {
				"legs": {
					"rotation": {
						"0.0": [0, 0, 0],
						"0.3333": [10, -22.5, 0],
						"1.0": [0, 0, 0]
					},
					"position": {
						"0.0": [0, 0, 0],
						"0.3333": [0, 0, 1],
						"1.0": [0, 0, 0]
					}
				},
				"torso": {
					"rotation": {
						"0.0": [0, 0, 0],
						"0.3333": [12.45648, -12.49041, 0.2231],
						"1.0": [0, 0, 0]
					}
				},
				"head": {
					"rotation": {
						"0.0": [0, 0, 0],
						"0.3333": [0, -12.5, 0],
						"1.0": [0, 0, 0]
					}
				},
				"eye_parte1": {
					"position": {
						"0.0": [0, 0, 0],
						"0.3333": [0, 0, 1],
						"1.0": [0, 0, 0]
					}
				},
				"eye_mini1": {
					"position": {
						"0.0": [0, 0, 0],
						"0.3333": [-1, 0, 0],
						"1.0": [0, 0, 0]
					}
				},
				"eye_parte2": {
					"position": {
						"0.0": [0, 0, 0],
						"0.3333": [0, 0, 1],
						"1.0": [0, 0, 0]
					}
				},
				"eye_mini2": {
					"position": {
						"0.0": [0, 0, 0],
						"0.3333": [1, 0, 0],
						"1.0": [0, 0, 0]
					}
				},
				"ceja2": {
					"position": {
						"0.0": [0, 0, 0],
						"0.3333": [0, 0, 0],
						"1.0": [0, 0, 0]
					}
				},
				"nose": {
					"rotation": {
						"0.0": [0, 0, 0],
						"0.3333": [0, -5, 0],
						"1.0": [0, 0, 0]
					},
					"position": {
						"0.0": [0, 0, 0],
						"0.3333": [-0.5, 0, 0],
						"1.0": [0, 0, 0]
					}
				},
				"fur": {
					"rotation": {
						"0.0": [0, 0, 0],
						"0.3333": [-2.5, -10, 0],
						"1.0": [0, 0, 0]
					}
				},
				"hand1": {
					"rotation": {
						"0.0": [0, 0, 0],
						"0.3333": [0, 10, 0],
						"1.0": [0, 0, 0]
					},
					"position": {
						"0.0": [0, 0, 0],
						"0.3333": [0, 0, 1],
						"1.0": [0, 0, 0]
					}
				}
			}
		},
		"animation.spritzee.special": {
			"animation_length": 1.375,
			"bones": {
				"legs": {
					"rotation": {
						"0.0": {
							"post": [0, 0, 0],
							"lerp_mode": "catmullrom"
						},
						"0.25": {
							"post": [-5, 0, 0],
							"lerp_mode": "catmullrom"
						},
						"0.5": {
							"post": [15, 0, 0],
							"lerp_mode": "catmullrom"
						},
						"0.75": {
							"post": [20, 0, 0],
							"lerp_mode": "catmullrom"
						},
						"1.375": {
							"post": [0, 0, 0],
							"lerp_mode": "catmullrom"
						}
					},
					"position": {
						"0.0": {
							"post": [0, 0, 0],
							"lerp_mode": "catmullrom"
						},
						"0.5": {
							"post": [0, 0, 4],
							"lerp_mode": "catmullrom"
						},
						"0.75": {
							"post": [0, 0, 1],
							"lerp_mode": "catmullrom"
						},
						"1.375": {
							"post": [0, 0, 0],
							"lerp_mode": "catmullrom"
						}
					}
				},
				"torso": {
					"rotation": {
						"0.0": {
							"post": [0, 0, 0],
							"lerp_mode": "catmullrom"
						},
						"0.5": {
							"post": [-3.61, 0, 0],
							"lerp_mode": "catmullrom"
						},
						"0.75": {
							"post": [12.5, 0, 0],
							"lerp_mode": "catmullrom"
						},
						"1.375": {
							"post": [0, 0, 0],
							"lerp_mode": "catmullrom"
						}
					},
					"position": {
						"0.0": {
							"post": [0, 0, 0],
							"lerp_mode": "catmullrom"
						},
						"0.5": {
							"post": [0, 0, 3],
							"lerp_mode": "catmullrom"
						},
						"0.75": {
							"post": [0, 0, -1],
							"lerp_mode": "catmullrom"
						},
						"1.375": {
							"post": [0, 0, 0],
							"lerp_mode": "catmullrom"
						}
					}
				},
				"head": {
					"rotation": {
						"0.0": [0, 0, 0],
						"0.25": {
							"pre": [5, 0, 0],
							"post": [5, 0, 0],
							"lerp_mode": "catmullrom"
						},
						"0.75": {
							"post": [8.19, 0, 0],
							"lerp_mode": "catmullrom"
						},
						"1.375": [0, 0, 0]
					}
				},
				"face": {
					"rotation": {
						"0.0": [0, 0, 0],
						"0.75": [0, 0, 0],
						"1.375": [0, 0, 0]
					}
				},
				"nose": {
					"rotation": {
						"0.0": {
							"post": [0, 0, 0],
							"lerp_mode": "catmullrom"
						},
						"0.25": {
							"post": [2.5, 0, 0],
							"lerp_mode": "catmullrom"
						},
						"0.5": {
							"post": [5, 0, 0],
							"lerp_mode": "catmullrom"
						},
						"0.75": {
							"post": [0, 0, 0],
							"lerp_mode": "catmullrom"
						},
						"1.375": {
							"post": [0, 0, 0],
							"lerp_mode": "catmullrom"
						}
					},
					"position": {
						"0.0": {
							"post": [0, 0, 0],
							"lerp_mode": "catmullrom"
						},
						"0.25": {
							"post": [0, 0.2, 0],
							"lerp_mode": "catmullrom"
						},
						"0.5": {
							"post": [0, 0.4, 0],
							"lerp_mode": "catmullrom"
						},
						"0.75": {
							"post": [0, 0, 0],
							"lerp_mode": "catmullrom"
						},
						"1.375": {
							"post": [0, 0, 0],
							"lerp_mode": "catmullrom"
						}
					}
				},
				"fur": {
					"rotation": {
						"0.0": {
							"post": [0, 0, 0],
							"lerp_mode": "catmullrom"
						},
						"0.25": {
							"post": [-7.5, 0, 0],
							"lerp_mode": "catmullrom"
						},
						"0.5": {
							"post": [-2.5, 0, 0],
							"lerp_mode": "catmullrom"
						},
						"0.75": {
							"post": [8.47, 0, 0],
							"lerp_mode": "catmullrom"
						},
						"1.375": {
							"post": [0, 0, 0],
							"lerp_mode": "catmullrom"
						}
					},
					"position": {
						"0.0": {
							"post": [0, 0, 0],
							"lerp_mode": "catmullrom"
						},
						"0.25": {
							"post": [0, 0, -1],
							"lerp_mode": "catmullrom"
						},
						"0.5": {
							"post": [0, 0, 0],
							"lerp_mode": "catmullrom"
						},
						"0.75": {
							"post": [0, 0, 2.07],
							"lerp_mode": "catmullrom"
						},
						"1.375": {
							"post": [0, 0, 0],
							"lerp_mode": "catmullrom"
						}
					}
				},
				"hand1": {
					"rotation": {
						"0.0": {
							"post": [0, 0, 0],
							"lerp_mode": "catmullrom"
						},
						"0.25": {
							"post": [0, 17.5, 0],
							"lerp_mode": "catmullrom"
						},
						"0.5": {
							"post": [0, 12.5, 0],
							"lerp_mode": "catmullrom"
						},
						"0.75": {
							"post": [0, 17.5, 0],
							"lerp_mode": "catmullrom"
						},
						"1.375": {
							"post": [0, 0, 0],
							"lerp_mode": "catmullrom"
						}
					}
				},
				"hand_mini1": {
					"rotation": {
						"0.0": {
							"post": [0, 0, 0],
							"lerp_mode": "catmullrom"
						},
						"0.25": {
							"post": [0, 5, 0],
							"lerp_mode": "catmullrom"
						},
						"0.5": {
							"post": [0, -5, 0],
							"lerp_mode": "catmullrom"
						},
						"1.375": {
							"post": [0, 0, 0],
							"lerp_mode": "catmullrom"
						}
					}
				},
				"hand2": {
					"rotation": {
						"0.0": {
							"post": [0, 0, 0],
							"lerp_mode": "catmullrom"
						},
						"0.25": {
							"post": [0, -17.5, 0],
							"lerp_mode": "catmullrom"
						},
						"0.5": {
							"post": [0, -12.5, 0],
							"lerp_mode": "catmullrom"
						},
						"0.75": {
							"post": [0, -17.5, 0],
							"lerp_mode": "catmullrom"
						},
						"1.375": {
							"post": [0, 0, 0],
							"lerp_mode": "catmullrom"
						}
					}
				},
				"hand_mini2": {
					"rotation": {
						"0.0": {
							"post": [0, 0, 0],
							"lerp_mode": "catmullrom"
						},
						"0.25": {
							"post": [0, -7.5, 0],
							"lerp_mode": "catmullrom"
						},
						"0.5": {
							"post": [0, 2.5, 0],
							"lerp_mode": "catmullrom"
						},
						"1.375": {
							"post": [0, 0, 0],
							"lerp_mode": "catmullrom"
						}
					}
				}
			}
		},
		"animation.spritzee.physical": {
			"animation_length": 1.375,
			"bones": {
				"legs": {
					"rotation": {
						"0.0": {
							"post": [0, 0, 0],
							"lerp_mode": "catmullrom"
						},
						"0.25": {
							"post": [-5, 0, 0],
							"lerp_mode": "catmullrom"
						},
						"0.5": {
							"post": [15, 0, 0],
							"lerp_mode": "catmullrom"
						},
						"0.75": {
							"post": [20, 0, 0],
							"lerp_mode": "catmullrom"
						},
						"1.375": {
							"post": [0, 0, 0],
							"lerp_mode": "catmullrom"
						}
					},
					"position": {
						"0.0": {
							"post": [0, 0, 0],
							"lerp_mode": "catmullrom"
						},
						"0.5": {
							"post": [0, 0, 4],
							"lerp_mode": "catmullrom"
						},
						"0.75": {
							"post": [0, 0, 1],
							"lerp_mode": "catmullrom"
						},
						"1.375": {
							"post": [0, 0, 0],
							"lerp_mode": "catmullrom"
						}
					}
				},
				"torso": {
					"rotation": {
						"0.0": {
							"post": [0, 0, 0],
							"lerp_mode": "catmullrom"
						},
						"0.5": {
							"post": [-3.61, 0, 0],
							"lerp_mode": "catmullrom"
						},
						"0.75": {
							"post": [12.5, 0, 0],
							"lerp_mode": "catmullrom"
						},
						"1.375": {
							"post": [0, 0, 0],
							"lerp_mode": "catmullrom"
						}
					},
					"position": {
						"0.0": {
							"post": [0, 0, 0],
							"lerp_mode": "catmullrom"
						},
						"0.5": {
							"post": [0, 0, 3],
							"lerp_mode": "catmullrom"
						},
						"0.75": {
							"post": [0, 0, -1],
							"lerp_mode": "catmullrom"
						},
						"1.375": {
							"post": [0, 0, 0],
							"lerp_mode": "catmullrom"
						}
					}
				},
				"head": {
					"rotation": {
						"0.0": [0, 0, 0],
						"0.25": {
							"pre": [5, 0, 0],
							"post": [5, 0, 0],
							"lerp_mode": "catmullrom"
						},
						"0.75": {
							"post": [8.19, 0, 0],
							"lerp_mode": "catmullrom"
						},
						"1.375": [0, 0, 0]
					}
				},
				"face": {
					"rotation": {
						"0.0": [0, 0, 0],
						"0.75": [0, 0, 0],
						"1.375": [0, 0, 0]
					}
				},
				"nose": {
					"rotation": {
						"0.0": {
							"post": [0, 0, 0],
							"lerp_mode": "catmullrom"
						},
						"0.25": {
							"post": [2.5, 0, 0],
							"lerp_mode": "catmullrom"
						},
						"0.5": {
							"post": [5, 0, 0],
							"lerp_mode": "catmullrom"
						},
						"0.75": {
							"post": [0, 0, 0],
							"lerp_mode": "catmullrom"
						},
						"1.375": {
							"post": [0, 0, 0],
							"lerp_mode": "catmullrom"
						}
					},
					"position": {
						"0.0": {
							"post": [0, 0, 0],
							"lerp_mode": "catmullrom"
						},
						"0.25": {
							"post": [0, 0.2, 0],
							"lerp_mode": "catmullrom"
						},
						"0.5": {
							"post": [0, 0.4, 0],
							"lerp_mode": "catmullrom"
						},
						"0.75": {
							"post": [0, 0, 0],
							"lerp_mode": "catmullrom"
						},
						"1.375": {
							"post": [0, 0, 0],
							"lerp_mode": "catmullrom"
						}
					}
				},
				"fur": {
					"rotation": {
						"0.0": {
							"post": [0, 0, 0],
							"lerp_mode": "catmullrom"
						},
						"0.25": {
							"post": [-7.5, 0, 0],
							"lerp_mode": "catmullrom"
						},
						"0.5": {
							"post": [-2.5, 0, 0],
							"lerp_mode": "catmullrom"
						},
						"0.75": {
							"post": [8.47, 0, 0],
							"lerp_mode": "catmullrom"
						},
						"1.375": {
							"post": [0, 0, 0],
							"lerp_mode": "catmullrom"
						}
					},
					"position": {
						"0.0": {
							"post": [0, 0, 0],
							"lerp_mode": "catmullrom"
						},
						"0.25": {
							"post": [0, 0, -1],
							"lerp_mode": "catmullrom"
						},
						"0.5": {
							"post": [0, 0, 0],
							"lerp_mode": "catmullrom"
						},
						"0.75": {
							"post": [0, 0, 2.07],
							"lerp_mode": "catmullrom"
						},
						"1.375": {
							"post": [0, 0, 0],
							"lerp_mode": "catmullrom"
						}
					}
				},
				"hand1": {
					"rotation": {
						"0.0": {
							"post": [0, 0, 0],
							"lerp_mode": "catmullrom"
						},
						"0.25": {
							"post": [0, 17.5, 0],
							"lerp_mode": "catmullrom"
						},
						"0.5": {
							"post": [0, 12.5, 0],
							"lerp_mode": "catmullrom"
						},
						"0.75": {
							"post": [0, 17.5, 0],
							"lerp_mode": "catmullrom"
						},
						"1.375": {
							"post": [0, 0, 0],
							"lerp_mode": "catmullrom"
						}
					}
				},
				"hand_mini1": {
					"rotation": {
						"0.0": {
							"post": [0, 0, 0],
							"lerp_mode": "catmullrom"
						},
						"0.25": {
							"post": [0, 5, 0],
							"lerp_mode": "catmullrom"
						},
						"0.5": {
							"post": [0, -5, 0],
							"lerp_mode": "catmullrom"
						},
						"1.375": {
							"post": [0, 0, 0],
							"lerp_mode": "catmullrom"
						}
					}
				},
				"hand2": {
					"rotation": {
						"0.0": {
							"post": [0, 0, 0],
							"lerp_mode": "catmullrom"
						},
						"0.25": {
							"post": [0, -17.5, 0],
							"lerp_mode": "catmullrom"
						},
						"0.5": {
							"post": [0, -12.5, 0],
							"lerp_mode": "catmullrom"
						},
						"0.75": {
							"post": [0, -17.5, 0],
							"lerp_mode": "catmullrom"
						},
						"1.375": {
							"post": [0, 0, 0],
							"lerp_mode": "catmullrom"
						}
					}
				},
				"hand_mini2": {
					"rotation": {
						"0.0": {
							"post": [0, 0, 0],
							"lerp_mode": "catmullrom"
						},
						"0.25": {
							"post": [0, -7.5, 0],
							"lerp_mode": "catmullrom"
						},
						"0.5": {
							"post": [0, 2.5, 0],
							"lerp_mode": "catmullrom"
						},
						"1.375": {
							"post": [0, 0, 0],
							"lerp_mode": "catmullrom"
						}
					}
				}
			}
		},
		"animation.spritzee.sleep": {
			"loop": true,
			"animation_length": 4,
			"bones": {
				"legs": {
					"rotation": [-62.5, 0, 0],
					"position": [0, 2, -3]
				},
				"leg1": {
					"rotation": [0, 0, 7.5],
					"position": [0, 0, 0]
				},
				"leg2": {
					"rotation": [0, 0, -10],
					"position": [0, -0.2, 0]
				},
				"torso": {
					"position": [0, -1, 0]
				},
				"head": {
					"rotation": [10, 0, 0]
				},
				"eye_parte1": {
					"position": [0, 0, 1]
				},
				"eye_mini1": {
					"position": [-1, 0, 0]
				},
				"eye_parte2": {
					"position": [0, 0, 1]
				},
				"eye_mini2": {
					"position": [1, 0, 0]
				},
				"nose": {
					"rotation": [0, 0, 0],
					"position": [0, 0, 0]
				},
				"fur": {
					"rotation": [-7.5, 0, 0],
					"position": [0, 0, -1]
				},
				"hand1": {
					"rotation": [2.12529, -52.53549, 3.14326],
					"position": [1, 0, -3]
				},
				"hand_mini1": {
					"rotation": [0, -7.5, 0]
				},
				"hand2": {
					"rotation": [2.12529, 52.53549, -3.14326],
					"position": [-1, 0, -3]
				},
				"hand_mini2": {
					"rotation": [0, 7.5, 0]
				}
			}
		},
		"animation.spritzee.ground_idle": {
			"loop": true,
			"bones": {
				"legs": {
					"position": [0, "2-math.sin(q.anim_time*90*1-60)*1", 0]
				},
				"torso": {
					"rotation": ["5+math.sin(q.anim_time*90*1-60)*3", "0+math.sin(q.anim_time*90*2-60)*2", "0-math.sin(q.anim_time*90*2-60)*1"],
					"position": [0, "2-math.sin(q.anim_time*90*1-60)*1", 0]
				},
				"hand1": {
					"rotation": ["0+math.sin(q.anim_time*90*1.75-60)*1", "0-math.sin(q.anim_time*90*1.55-60)*1", 0]
				},
				"hand2": {
					"rotation": ["0+math.sin(q.anim_time*90*1.75-60)*1", "0-math.sin(q.anim_time*90*1.55-60)*1", 0]
				}
			}
		},
		"animation.spritzee.battle_idle": {
			"loop": true,
			"bones": {
				"legs": {
					"position": [0, "2-math.sin(q.anim_time*90*1-60)*1", 0]
				},
				"torso": {
					"rotation": ["-7.5-math.sin(q.anim_time*90*1+60)*2.5", "0-math.sin(q.anim_time*90*1-60)*1", 0],
					"position": [0, "2-math.sin(q.anim_time*90*1-60)*1", 0]
				},
				"fur": {
					"rotation": [10, 0, 0],
					"position": [0, 0, 2]
				},
				"hand1": {
					"rotation": [0, 5, 0]
				},
				"hand2": {
					"rotation": [0, -5, 0]
				}
			}
		},
		"animation.spritzee.faint": {
			"animation_length": 8,
			"bones": {
				"legs": {
					"rotation": {
						"0.0": {
							"post": [12.5, 55, 0],
							"lerp_mode": "catmullrom"
						},
						"0.2917": {
							"post": [-72.40084, 68.93001, -84.41083],
							"lerp_mode": "catmullrom"
						},
						"0.75": {
							"post": [-7.5525, 61.12162, 2.9294],
							"lerp_mode": "catmullrom"
						},
						"1.25": {
							"post": [45.9133, 61.11747, 2.97575],
							"lerp_mode": "catmullrom"
						},
						"1.5833": {
							"post": [73.4133, 61.11747, 2.97575],
							"lerp_mode": "catmullrom"
						}
					},
					"position": {
						"0.0": {
							"post": [0, 2, 0],
							"lerp_mode": "catmullrom"
						},
						"0.2917": {
							"post": [0, 2, -2],
							"lerp_mode": "catmullrom"
						},
						"0.75": {
							"post": [-1, 0, 1],
							"lerp_mode": "catmullrom"
						},
						"0.9167": {
							"post": [2, 1, 4],
							"lerp_mode": "catmullrom"
						},
						"1.25": {
							"post": [2.75, 1.19, 3.56],
							"lerp_mode": "catmullrom"
						},
						"1.4167": {
							"post": [2.82, 1.3, 4.71],
							"lerp_mode": "catmullrom"
						},
						"1.5833": {
							"post": [3, 2, 5],
							"lerp_mode": "catmullrom"
						}
					}
				},
				"torso": {
					"rotation": {
						"0.0": {
							"post": [-7.5, 0, 0],
							"lerp_mode": "catmullrom"
						},
						"1.4167": {
							"post": [-5.31847, -5.29571, -44.75386],
							"lerp_mode": "catmullrom"
						}
					},
					"position": {
						"0.0": {
							"post": [0, 2, 0],
							"lerp_mode": "catmullrom"
						},
						"1.4167": {
							"post": [-3, -4, 0],
							"lerp_mode": "catmullrom"
						}
					}
				},
				"fur": {
					"rotation": {
						"0.0": {
							"post": [10, 0, 0],
							"lerp_mode": "catmullrom"
						}
					},
					"position": {
						"0.0": {
							"post": [0, 0, 2],
							"lerp_mode": "catmullrom"
						}
					}
				},
				"hand1": {
					"rotation": {
						"0.0": {
							"post": [0, 30, 0],
							"lerp_mode": "catmullrom"
						},
						"0.2917": {
							"post": [0, -17.5, 0],
							"lerp_mode": "catmullrom"
						},
						"1.0833": {
							"post": [12.33026, -24.65478, -27.62293],
							"lerp_mode": "catmullrom"
						}
					},
					"position": {
						"0.0": {
							"post": [1, 0, 1],
							"lerp_mode": "catmullrom"
						},
						"0.2917": {
							"post": [1, 0, -1],
							"lerp_mode": "catmullrom"
						},
						"1.0833": {
							"post": [4, 0, -1],
							"lerp_mode": "catmullrom"
						}
					}
				},
				"hand2": {
					"rotation": {
						"0.0": {
							"post": [0, 25, 0],
							"lerp_mode": "catmullrom"
						},
						"0.2917": {
							"post": [-2.09782, -6.43668, 17.49424],
							"lerp_mode": "catmullrom"
						},
						"1.0833": {
							"post": [-2.31657, 25.70972, 16.25481],
							"lerp_mode": "catmullrom"
						}
					},
					"position": {
						"0.0": {
							"post": [-1, 0, -1],
							"lerp_mode": "catmullrom"
						},
						"0.2917": {
							"post": [-3, 0, -1],
							"lerp_mode": "catmullrom"
						}
					}
				},
				"head": {
					"rotation": {
						"0.0": {
							"post": [-12.00616, 42.22954, -3.47981],
							"lerp_mode": "catmullrom"
						},
						"0.2917": {
							"post": [-85.19061, 60.94485, -63.96822],
							"lerp_mode": "catmullrom"
						},
						"0.9167": {
							"post": [-193.79586, -45.52855, -160.45422],
							"lerp_mode": "catmullrom"
						},
						"1.4167": {
							"post": [-258.98228, -45.58506, -160.50542],
							"lerp_mode": "catmullrom"
						}
					}
				},
				"eye_parte1": {
					"position": {
						"0.0": {
							"post": [0, 0, 0],
							"lerp_mode": "catmullrom"
						},
						"0.2917": {
							"post": [0, 0, 1],
							"lerp_mode": "catmullrom"
						}
					}
				},
				"eye_mini1": {
					"position": {
						"0.0": {
							"post": [0, 0, 0],
							"lerp_mode": "catmullrom"
						},
						"0.2917": {
							"post": [-1, 0, 0],
							"lerp_mode": "catmullrom"
						}
					}
				},
				"eye_parte2": {
					"position": {
						"0.0": {
							"post": [0, 0, 0],
							"lerp_mode": "catmullrom"
						},
						"0.2917": {
							"post": [0, 0, 1],
							"lerp_mode": "catmullrom"
						}
					}
				},
				"eye_mini2": {
					"position": {
						"0.0": {
							"post": [0, 0, 0],
							"lerp_mode": "catmullrom"
						},
						"0.2917": {
							"post": [1, 0, 0],
							"lerp_mode": "catmullrom"
						}
					}
				}
			}
		},
		"animation.spritzee.ground_walk": {
			"loop": true,
			"bones": {
				"legs": {
					"rotation": ["25-math.sin(q.anim_time*90*2-60)*1", 0, 0],
					"position": [0, "2-math.sin(q.anim_time*90*1-60)*1", 3]
				},
				"torso": {
					"rotation": ["12.5+math.sin(q.anim_time*90*2+90)*0.6", "0+math.sin(q.anim_time*90*2-120)*1", 0],
					"position": [0, "2-math.sin(q.anim_time*90*1-60)*1.25", 0]
				},
				"fur": {
					"rotation": [-4.75415, 1.27609, 0.82674]
				},
				"hand1": {
					"rotation": [0, -17.5, 0]
				},
				"hand2": {
					"rotation": [0, 17.5, 0]
				}
			}
		},
		"animation.spritzee.shoulder_left": {
			"animation_length": 1,
			"bones": {
				"leg1": {
					"rotation": [-45, 0, 0],
					"position": [0, 0, -3]
				},
				"leg2": {
					"rotation": [-45, 0, 0],
					"position": [0, 0, -3]
				},
				"torso": {
					"rotation": [0, 5, 0],
					"position": [7, -4, 0]
				},
				"hand1": {
					"rotation": [0, 20, 0]
				},
				"hand2": {
					"rotation": [0, 0, 27.5],
					"position": [-4, 0, 0]
				},
				"legs": {
					"position": [7, -3, 0]
				}
			}
		},
		"animation.spritzee.shoulder_rigth": {
			"animation_length": 1,
			"bones": {
				"leg1": {
					"rotation": [-45, 0, 0],
					"position": [0, 0, -3]
				},
				"leg2": {
					"rotation": [-45, 0, 0],
					"position": [0, 0, -3]
				},
				"torso": {
					"rotation": [0, 5, 0],
					"position": [-7, -3, 0]
				},
				"hand1": {
					"rotation": [0, 20, 0]
				},
				"hand2": {
					"rotation": [0, 0, 27.5],
					"position": [-4, 0, 0]
				},
				"legs": {
					"position": [-7, -2, 0]
				}
			}
		}
	}
}