{
  "head": "head",
  "portraitScale": 1.25,
  "portraitTranslation": [-0.4, 1.1, 0],
  "profileScale": 0.6,
  "profileTranslation": [0, 1, 0],
  "poses": {
    "standing": {
      "poseName": "standing",
      "transformTicks": 10,
      "poseTypes": ["STAND", "NONE", "PORTRAIT", "PROFILE"],
      "animations": [
        "bedrock(beta, ground_idle)"
      ]
    },
    "walking": {
      "poseName": "walking",
      "transformTicks": 10,
      "poseTypes": ["WALK"],
      "animations": [
        "bedrock(beta, ground_walk)"
      ]
    },
    "battle-standing": {
      "poseName": "battle-standing",
      "poseTypes": ["STAND"],
      "isBattle": true,
      "animations": [
        "q.bedrock('beta', 'battle_idle')"
      ]
    }
  }
}
