{
  "portraitScale": 1.82,
  "portraitTranslation": [-0.36, 0.01, 0],
  "profileScale": 0.56,
  "profileTranslation": [-0.01, 0.9, 0],
  "rootBone": "fennekin",
  "animations": {
    "cry": "q.bedrock_stateful('cafe_fennekin', 'cry')"
  },
  "poses": {
    "standing": {
      "poseName": "standing",
      "poseTypes": ["STAND", "NONE", "PORTRAIT", "PROFILE", "FLOAT"],
      "animations": ["q.look('head')", "q.bedrock('cafe_fennekin', 'ground_idle')"],
      "quirks": ["q.bedrock_quirk('cafe_fennekin', 'blink')"]
    },
    "walking": {
      "poseName": "walking",
      "poseTypes": ["WALK", "SWIM"],
      "animations": ["q.look('head')", "q.bedrock('fennekin', 'ground_walk')"],
      "quirks": ["q.bedrock_quirk('cafe_fennekin', 'blink')"]
    }
  }
}
