{
 "head": "head",
 "portraitScale": 1,
 "portraitTranslation": [ 0, 0.5, 0 ],
 "profileScale": 1,
 "profileTranslation": [ 0, 0.4, 0 ],
 "faint": "bedrock(cafe_lilligant, ground_idle)",
 "poses": {
   "standing": {
     "poseName": "standing",
     "transformTicks": 10,
     "poseTypes": [
       "STAND",
       "NONE",
       "PORTRAIT",
       "PROFILE"
     ],
     "animations": [
       "look",
       "bedrock(cafe_lilligant, ground_idle)"
     ]
   },
   "walking": {
     "poseName": "walking",
     "transformTicks": 10,
     "poseTypes": [ "WALK" ],
     "animations": [ "bedrock(cafe_lilligant, ground_idle)" ]
   }
 }
}