{
  "portraitScale": 2.1,
  "portraitTranslation": [-0.53, 1.37, 0],
  "profileScale": 0.6,
  "profileTranslation": [0.1, 0.87, 0],
  "rootBone": "cafe_serperior",
  "animations": {
    "cry": "q.bedrock_stateful('cafe_serperior', 'cry')"
  },
  "poses": {
    "standing": {
      "poseTypes": [
        "STAND",
        "NONE",
        "PORTRAIT",
        "PROFILE"
      ],
      "animations": [
        "q.look('head')",
        "q.bedrock('cafe_serperior', 'ground_idle')"
      ],
      "quirks": ["q.bedrock_quirk('cafe_serperior', 'blink')"]
    },
    "walking": {
      "poseTypes": [
        "WALK",
        "FLOAT",
        "SWIM"
      ],
      "animations": [
        "q.look('head')",
        "q.bedrock('cafe_serperior', 'ground_walk')"
      ],
      "quirks": ["q.bedrock_quirk('cafe_serperior', 'blink')"]
    },
    "sleep": {
      "poseTypes": ["SLEEP"],
      "namedAnimations": {
        "cry": "q.bedrock_stateful('dummy', 'cry')"
      },
      "animations": ["q.bedrock('cafe_serperior', 'sleep')"]
    },
    "water_surface": {
      "poseTypes": [
        "STAND"
      ],
      "isTouchingWater": true,
      "animations": [
        "q.look('head')",
        "q.bedrock('cafe_serperior', 'ground_walk')"
      ],
      "quirks": ["q.bedrock_quirk('cafe_serperior', 'blink')"]
    }
  }
}
