{
  "portraitScale": 1.98,
  "portraitTranslation": [-0.14, 1.96, 0],
  "profileScale": 0.42,
  "profileTranslation": [0.02, 1.17, 0],
  "rootBone": "braixen",
  "animations": {
    "cry": "q.bedrock_stateful('cafe_braixen', 'cry')"
  },
  "poses": {
    "battle-standing": {
      "poseName": "battle-standing",
      "poseTypes": ["STAND"],
      "isBattle": true,
      "animations": ["q.look('head')", "q.bedrock('cafe_braixen', 'battle_idle')"],
      "quirks": ["q.bedrock_quirk('cafe_braixen', 'blink')"]
    },
    "standing": {
      "poseName": "standing",
      "poseTypes": ["STAND", "NONE", "PORTRAIT", "PROFILE", "FLOAT"],
      "isBattle": false,
      "animations": ["q.look('head')", "q.bedrock('cafe_braixen', 'ground_idle')"],
      "quirks": ["q.bedrock_quirk('cafe_braixen', 'blink')"]
    },
    "walking": {
      "poseName": "walking",
      "poseTypes": ["WALK", "SWIM"],
      "animations": [
        "q.look('head')",
        "q.bedrock('cafe_braixen', 'ground_walk')"
      ],
      "quirks": ["q.bedrock_quirk('cafe_braixen', 'blink')"],
      "transformedParts": [
        {
          "part": "stick_hand",
          "isVisible": false
        }
      ]
    }
  }
}
