{
  "head": "head",
  "portraitScale": 1.4,
  "portraitTranslation": [-1, 5, 0],
  "profileScale": 0.3,
  "profileTranslation": [0, 1.3, 0],
  "poses": {
    "standing": {
      "poseName": "standing",
      "transformTicks": 10,
      "poseTypes": ["STAND", "NONE", "PORTRAIT", "PROFILE"],
      "animations": ["look", "bedrock(cafe_tropius, ground_idle)"],
      "isBattle": false,
      "quirks": [
        {
          "name": "blink",
          "loopTimes": 1,
          "minSecondsBetweenOccurrences": 15,
          "maxSecondsBetweenOccurrences": 30,
          "animations": ["bedrock(cafe_tropius, blink)"]
        }
      ]
    },
    "walking": {
      "poseName": "walking",
      "transformTicks": 10,
      "poseTypes": ["WALK"],
      "animations": ["bedrock(cafe_tropius, ground_idle)"]
    },
    "floating": {
      "poseName": "floating",
      "transformTicks": 10,
      "poseTypes": ["FLOAT"],
      "animations": ["bedrock(cafe_tropius, ground_idle)"]
    },
    "battle": {
      "poseName": "standing",
      "transformTicks": 10,
      "poseTypes": ["STAND"],
      "isBattle": true,
      "animations": ["bedrock(cafe_tropius, ground_idle)"]
    }
  }
}
