{
  "portraitScale": 2.3,
  "portraitTranslation": [-0.2, 0.6, 0],
  "profileScale": 0.65,
  "profileTranslation": [0, 0.75, 0],
  "rootBone": "cafe_raichu_alolan",
  "animations": {
    "cry": "q.bedrock_stateful('raichu_alolan_pancake', 'cry')"
  },
  "poses": {
    "standing": {
      "poseTypes": ["STAND", "NONE", "PORTRAIT", "PROFILE"],
      "isTouchingWater": false,
      "animations": [
        "q.look('head')",
        "q.bedrock('raichu_alolan_pancake', 'ground_idle')"
      ],
      "quirks": [
        "q.bedrock_quirk('raichu_alolan_pancake', 'blink')"
      ]
    },
    "walking": {
      "poseTypes": ["WALK"],
      "isTouchingWater": false,
      "animations": [
        "q.look('head')",
        "q.bedrock('raichu_alolan_pancake', 'ground_walk')"
      ],
      "quirks": [
        "q.bedrock_quirk('raichu_alolan_pancake', 'blink')"
      ]
    },
    "sleep": {
      "poseTypes": ["SLEEP"],
      "animations": ["q.bedrock('raichu_alolan_pancake', 'ground_sleep')"]
    },
    "surface_sleep": {
      "poseTypes": ["SLEEP"],
      "isTouchingWater": true,
      "animations": [
        "q.look('head')",
        "q.bedrock('raichu_alolan_pancake', 'ground_sleep')"
      ],
      "quirks": ["q.bedrock_quirk('raichu_alolan_pancake', 'blink')"],
      "transformedParts": [
        {
          "part": "body",
          "position": [0, -7, 0]
        }
      ]
    },
    "surface_idle": {
      "poseTypes": ["STAND", "FLOAT"],
      "isTouchingWater": true,
      "animations": [
        "q.look('head')",
        "q.bedrock('raichu_alolan_pancake', 'ground_idle')"
      ],
      "quirks": ["q.bedrock_quirk('raichu_alolan_pancake', 'blink')"],
      "transformedParts": [
        {
          "part": "body",
          "position": [0, -7, 0]
        }
      ]
    },
    "surface_swim": {
      "poseTypes": ["WALK", "SWIM"],
      "isTouchingWater": true,
      "animations": [
        "q.look('head')",
        "q.bedrock('raichu_alolan_pancake', 'ground_walk')"
      ],
      "quirks": ["q.bedrock_quirk('raichu_alolan_pancake', 'blink')"],
      "transformedParts": [
        {
          "part": "body",
          "position": [0, -7, 0]
        }
      ]
    }
  }
 }