{
	"credit": "Made with Blockbench",
	"texture_size": [64, 64],
	"textures": {
		"0": "block/custom/leafhat",
		"particle": "block/custom/leafhat"
	},
	"elements": [
		{
			"name": "hatbrimB",
			"from": [2.5, 0, 11.5],
			"to": [13.5, 0, 13.5],
			"faces": {
				"north": {"uv": [0, 0, 2.75, 0], "texture": "#0"},
				"east": {"uv": [0, 0, 0.5, 0], "texture": "#0"},
				"south": {"uv": [0, 0, 2.75, 0], "texture": "#0"},
				"west": {"uv": [0, 0, 0.5, 0], "texture": "#0"},
				"up": {"uv": [8.25, 6.75, 5.5, 6.25], "texture": "#0"},
				"down": {"uv": [9.25, 1.5, 6.5, 2], "texture": "#0"}
			}
		},
		{
			"name": "hatbase",
			"from": [4.5, 0, 4.5],
			"to": [11.5, 3.5, 11.5],
			"faces": {
				"north": {"uv": [2, 5.25, 3.75, 6.125], "texture": "#0"},
				"east": {"uv": [5.5, 0, 7.25, 0.875], "texture": "#0"},
				"south": {"uv": [0, 5.75, 1.75, 6.625], "texture": "#0"},
				"west": {"uv": [3.75, 5.75, 5.5, 6.625], "texture": "#0"},
				"up": {"uv": [3.75, 5.25, 2, 3.5], "texture": "#0"},
				"down": {"uv": [5.5, 0, 3.75, 1.75], "texture": "#0"}
			}
		},
		{
			"name": "hatbrimF",
			"from": [2.5, 0, 2.5],
			"to": [13.5, 0, 4.5],
			"faces": {
				"north": {"uv": [0, 0, 2.75, 0], "texture": "#0"},
				"east": {"uv": [0, 0, 0.5, 0], "texture": "#0"},
				"south": {"uv": [0, 0, 2.75, 0], "texture": "#0"},
				"west": {"uv": [0, 0, 0.5, 0], "texture": "#0"},
				"up": {"uv": [8.25, 1.5, 5.5, 1], "texture": "#0"},
				"down": {"uv": [8.25, 5.75, 5.5, 6.25], "texture": "#0"}
			}
		},
		{
			"name": "hatbrimL",
			"from": [2.5, 0, 4.5],
			"to": [4.5, 0, 11.5],
			"faces": {
				"north": {"uv": [0, 0, 0.5, 0], "texture": "#0"},
				"east": {"uv": [0, 0, 1.75, 0], "texture": "#0"},
				"south": {"uv": [0, 0, 0.5, 0], "texture": "#0"},
				"west": {"uv": [0, 0, 1.75, 0], "texture": "#0"},
				"up": {"uv": [2.25, 8, 1.75, 6.25], "texture": "#0"},
				"down": {"uv": [2.75, 6.25, 2.25, 8], "texture": "#0"}
			}
		},
		{
			"name": "hatbrimR",
			"from": [11.5, 0, 4.5],
			"to": [13.5, 0, 11.5],
			"faces": {
				"north": {"uv": [0, 0, 0.5, 0], "texture": "#0"},
				"east": {"uv": [0, 0, 1.75, 0], "texture": "#0"},
				"south": {"uv": [0, 0, 0.5, 0], "texture": "#0"},
				"west": {"uv": [0, 0, 1.75, 0], "texture": "#0"},
				"up": {"uv": [3.25, 8, 2.75, 6.25], "texture": "#0"},
				"down": {"uv": [3.75, 6.25, 3.25, 8], "texture": "#0"}
			}
		},
		{
			"name": "bangL",
			"from": [2.75, -1.6, 4.65],
			"to": [7.25, 0.9, 4.65],
			"rotation": {"angle": 22.5, "axis": "z", "origin": [7, 0, 4.75]},
			"faces": {
				"north": {"uv": [6.5, 2, 7.625, 2.625], "texture": "#0"},
				"east": {"uv": [0, 0, 0, 0.625], "texture": "#0"},
				"south": {"uv": [6.5, 2.75, 7.625, 3.375], "texture": "#0"},
				"west": {"uv": [0, 0, 0, 0.625], "texture": "#0"},
				"up": {"uv": [1.125, 0, 0, 0], "texture": "#0"},
				"down": {"uv": [1.125, 0, 0, 0], "texture": "#0"}
			}
		},
		{
			"name": "bangR",
			"from": [8.75, -1.6, 4.65],
			"to": [13.25, 0.9, 4.65],
			"rotation": {"angle": -22.5, "axis": "z", "origin": [9, 0, 4.75]},
			"faces": {
				"north": {"uv": [6.5, 3.5, 7.625, 4.125], "texture": "#0"},
				"east": {"uv": [0, 0, 0, 0.625], "texture": "#0"},
				"south": {"uv": [6.5, 4.25, 7.625, 4.875], "texture": "#0"},
				"west": {"uv": [0, 0, 0, 0.625], "texture": "#0"},
				"up": {"uv": [1.125, 0, 0, 0], "texture": "#0"},
				"down": {"uv": [1.125, 0, 0, 0], "texture": "#0"}
			}
		},
		{
			"name": "hairL",
			"from": [1.75, -6.75, 4.9],
			"to": [5.75, -0.25, 4.9],
			"rotation": {"angle": 0, "axis": "y", "origin": [6, 0, 5.75]},
			"faces": {
				"north": {"uv": [3.75, 1.75, 4.75, 3.375], "texture": "#0"},
				"east": {"uv": [0, 0, 0, 1.625], "texture": "#0"},
				"south": {"uv": [3.75, 3.5, 4.75, 5.125], "texture": "#0"},
				"west": {"uv": [0, 0, 0, 1.625], "texture": "#0"},
				"up": {"uv": [1, 0, 0, 0], "texture": "#0"},
				"down": {"uv": [1, 0, 0, 0], "texture": "#0"}
			}
		},
		{
			"name": "hairR",
			"from": [10.25, -6.75, 4.9],
			"to": [14.25, -0.25, 4.9],
			"rotation": {"angle": 0, "axis": "y", "origin": [10, 0, 5.75]},
			"faces": {
				"north": {"uv": [0, 4, 1, 5.625], "texture": "#0"},
				"east": {"uv": [0, 0, 0, 1.625], "texture": "#0"},
				"south": {"uv": [1, 4, 2, 5.625], "texture": "#0"},
				"west": {"uv": [0, 0, 0, 1.625], "texture": "#0"},
				"up": {"uv": [1, 0, 0, 0], "texture": "#0"},
				"down": {"uv": [1, 0, 0, 0], "texture": "#0"}
			}
		},
		{
			"name": "hairB",
			"from": [4.25, -10.95, 11.25],
			"to": [11.75, -3.7, 11.25],
			"rotation": {"angle": 0, "axis": "y", "origin": [8, 0.05, 11.25]},
			"faces": {
				"north": {"uv": [0, 0, 1.875, 1.875], "texture": "#0"},
				"east": {"uv": [0, 0, 0, 1.875], "texture": "#0"},
				"south": {"uv": [0, 2, 1.875, 3.875], "texture": "#0"},
				"west": {"uv": [0, 0, 0, 1.875], "texture": "#0"},
				"up": {"uv": [1.875, 0, 0, 0], "texture": "#0"},
				"down": {"uv": [1.875, 0, 0, 0], "texture": "#0"}
			}
		}
	],
	"display": {
		"thirdperson_righthand": {
			"rotation": [26, 0, 0],
			"translation": [0, 5.25, 1.5],
			"scale": [0.65, 0.65, 0.65]
		},
		"thirdperson_lefthand": {
			"rotation": [26, 0, 0],
			"translation": [0, 5.25, 1.5],
			"scale": [0.65, 0.65, 0.65]
		},
		"firstperson_righthand": {
			"rotation": [0, 110, 0],
			"translation": [0, 7.75, 0],
			"scale": [0.8, 0.8, 0.8]
		},
		"firstperson_lefthand": {
			"rotation": [0, 110, 0],
			"translation": [0, 7.75, 0],
			"scale": [0.8, 0.8, 0.8]
		},
		"ground": {
			"translation": [0, 7.25, 0],
			"scale": [0.65, 0.65, 0.65]
		},
		"gui": {
			"rotation": [30, 138, 0],
			"translation": [0, 4.25, 0],
			"scale": [0.7, 0.7, 0.7]
		},
		"head": {
			"translation": [0, 17, -0.25],
			"scale": [2, 2, 2]
		},
		"fixed": {
			"rotation": [-90, 0, 0],
			"translation": [0, 0, -16.75],
			"scale": [2, 2, 2]
		}
	},
	"groups": [
		{
			"name": "hat",
			"origin": [0, 0, 0],
			"color": 0,
			"children": [0, 1, 2, 3, 4]
		},
		{
			"name": "hair",
			"origin": [9, 0, 4.75],
			"color": 0,
			"children": [5, 6, 7, 8, 9]
		}
	]
}