{
	"credit": "Made with Blockbench",
	"texture_size": [64, 64],
	"textures": {
		"0": "block/custom/magmahat",
		"particle": "block/custom/magmahat"
	},
	"elements": [
		{
			"from": [1.5, 0, 9],
			"to": [14.5, 10, 15],
			"rotation": {"angle": 0, "axis": "y", "origin": [7, 0, 7]},
			"faces": {
				"north": {"uv": [0, 0, 3.25, 2.5], "texture": "#0"},
				"east": {"uv": [6.5, 3, 8, 5.5], "texture": "#0"},
				"south": {"uv": [0, 2.5, 3.25, 5], "texture": "#0"},
				"west": {"uv": [6.5, 5.5, 8, 8], "texture": "#0"},
				"up": {"uv": [9.75, 1.5, 6.5, 0], "texture": "#0"},
				"down": {"uv": [9.75, 1.5, 6.5, 3], "texture": "#0"}
			}
		},
		{
			"from": [1.5, 1, 15],
			"to": [14.5, 11, 16],
			"rotation": {"angle": 0, "axis": "y", "origin": [7, 1, 13]},
			"faces": {
				"north": {"uv": [3.25, 0, 6.5, 2.5], "texture": "#0"},
				"east": {"uv": [2, 10.75, 2.25, 13.25], "texture": "#0"},
				"south": {"uv": [3.25, 2.5, 6.5, 5], "texture": "#0"},
				"west": {"uv": [2.25, 10.75, 2.5, 13.25], "texture": "#0"},
				"up": {"uv": [12.5, 8.75, 9.25, 8.5], "texture": "#0"},
				"down": {"uv": [13, 2.5, 9.75, 2.75], "texture": "#0"}
			}
		},
		{
			"from": [1.5, 10, 6],
			"to": [14.5, 13, 15],
			"rotation": {"angle": 0, "axis": "y", "origin": [7, 2.5, 7]},
			"faces": {
				"north": {"uv": [8, 5, 11.25, 5.75], "texture": "#0"},
				"east": {"uv": [8, 7.25, 10.25, 8], "texture": "#0"},
				"south": {"uv": [8, 5.75, 11.25, 6.5], "texture": "#0"},
				"west": {"uv": [6, 8.75, 8.25, 9.5], "texture": "#0"},
				"up": {"uv": [3.25, 7.25, 0, 5], "texture": "#0"},
				"down": {"uv": [6.5, 5, 3.25, 7.25], "texture": "#0"}
			}
		},
		{
			"from": [1.5, 10, 3],
			"to": [14.5, 12, 6],
			"rotation": {"angle": 0, "axis": "y", "origin": [7, 2.5, -2]},
			"faces": {
				"north": {"uv": [8.25, 8.75, 11.5, 9.25], "texture": "#0"},
				"east": {"uv": [3.5, 10.75, 4.25, 11.25], "texture": "#0"},
				"south": {"uv": [9.25, 8, 12.5, 8.5], "texture": "#0"},
				"west": {"uv": [4.25, 10.75, 5, 11.25], "texture": "#0"},
				"up": {"uv": [9.25, 8.75, 6, 8], "texture": "#0"},
				"down": {"uv": [11.25, 6.5, 8, 7.25], "texture": "#0"}
			}
		},
		{
			"from": [1.5, 8, 2.9],
			"to": [14.5, 12, 2.9],
			"rotation": {"angle": 0, "axis": "y", "origin": [7, 2.5, -5.1]},
			"faces": {
				"north": {"uv": [8, 3, 11.25, 4], "texture": "#0"},
				"east": {"uv": [0, 0, 0, 1], "texture": "#0"},
				"south": {"uv": [8, 4, 11.25, 5], "texture": "#0"},
				"west": {"uv": [0, 0, 0, 1], "texture": "#0"},
				"up": {"uv": [3.25, 0, 0, 0], "texture": "#0"},
				"down": {"uv": [3.25, 0, 0, 0], "texture": "#0"}
			}
		},
		{
			"from": [2.5, 0, 3],
			"to": [4.5, 1, 9],
			"rotation": {"angle": 0, "axis": "y", "origin": [8, 0, 2.5]},
			"faces": {
				"north": {"uv": [6, 7.25, 6.5, 7.5], "texture": "#0"},
				"east": {"uv": [9.75, 2.75, 11.25, 3], "texture": "#0"},
				"south": {"uv": [6, 7.5, 6.5, 7.75], "texture": "#0"},
				"west": {"uv": [10.25, 7.25, 11.75, 7.5], "texture": "#0"},
				"up": {"uv": [10.75, 10.75, 10.25, 9.25], "texture": "#0"},
				"down": {"uv": [8.5, 10.5, 8, 12], "texture": "#0"}
			}
		},
		{
			"from": [13.5, 0, 3],
			"to": [14.5, 10, 9],
			"rotation": {"angle": 0, "axis": "y", "origin": [9, 0, 2.5]},
			"faces": {
				"north": {"uv": [9.5, 10.5, 9.75, 13], "texture": "#0"},
				"east": {"uv": [0, 7.25, 1.5, 9.75], "texture": "#0"},
				"south": {"uv": [9.75, 10.5, 10, 13], "texture": "#0"},
				"west": {"uv": [1.5, 7.25, 3, 9.75], "texture": "#0"},
				"up": {"uv": [2.75, 12.25, 2.5, 10.75], "texture": "#0"},
				"down": {"uv": [3, 10.75, 2.75, 12.25], "texture": "#0"}
			}
		},
		{
			"from": [11.5, 0, 3],
			"to": [13.5, 1, 9],
			"rotation": {"angle": 0, "axis": "y", "origin": [8, 0, 2.5]},
			"faces": {
				"north": {"uv": [6, 7.75, 6.5, 8], "texture": "#0"},
				"east": {"uv": [10.25, 7.5, 11.75, 7.75], "texture": "#0"},
				"south": {"uv": [5, 10.75, 5.5, 11], "texture": "#0"},
				"west": {"uv": [10.25, 7.75, 11.75, 8], "texture": "#0"},
				"up": {"uv": [9, 12, 8.5, 10.5], "texture": "#0"},
				"down": {"uv": [9.5, 10.5, 9, 12], "texture": "#0"}
			}
		},
		{
			"from": [0.5, 9, 7.5],
			"to": [4.5, 14, 11.5],
			"rotation": {"angle": 22.5, "axis": "z", "origin": [1.5, 11.5, 8]},
			"faces": {
				"north": {"uv": [8.25, 9.25, 9.25, 10.5], "texture": "#0"},
				"east": {"uv": [9.25, 9.25, 10.25, 10.5], "texture": "#0"},
				"south": {"uv": [6, 9.5, 7, 10.75], "texture": "#0"},
				"west": {"uv": [7, 9.5, 8, 10.75], "texture": "#0"},
				"up": {"uv": [3, 10.75, 2, 9.75], "texture": "#0"},
				"down": {"uv": [4, 9.75, 3, 10.75], "texture": "#0"}
			}
		},
		{
			"from": [11.5, 9, 7.5],
			"to": [15.5, 14, 11.5],
			"rotation": {"angle": -22.5, "axis": "z", "origin": [14.5, 11.5, 8]},
			"faces": {
				"north": {"uv": [0, 9.75, 1, 11], "texture": "#0"},
				"east": {"uv": [9.75, 0, 10.75, 1.25], "texture": "#0"},
				"south": {"uv": [1, 9.75, 2, 11], "texture": "#0"},
				"west": {"uv": [9.75, 1.25, 10.75, 2.5], "texture": "#0"},
				"up": {"uv": [5, 10.75, 4, 9.75], "texture": "#0"},
				"down": {"uv": [6, 9.75, 5, 10.75], "texture": "#0"}
			}
		},
		{
			"from": [1.5, 0, 3],
			"to": [2.5, 10, 9],
			"rotation": {"angle": 0, "axis": "y", "origin": [7, 0, 2.5]},
			"faces": {
				"north": {"uv": [10, 10.5, 10.25, 13], "texture": "#0"},
				"east": {"uv": [3, 7.25, 4.5, 9.75], "texture": "#0"},
				"south": {"uv": [10.75, 0, 11, 2.5], "texture": "#0"},
				"west": {"uv": [4.5, 7.25, 6, 9.75], "texture": "#0"},
				"up": {"uv": [3.25, 12.25, 3, 10.75], "texture": "#0"},
				"down": {"uv": [3.5, 10.75, 3.25, 12.25], "texture": "#0"}
			}
		}
	],
	"display": {
		"thirdperson_righthand": {
			"scale": [0.35, 0.35, 0.35]
		},
		"thirdperson_lefthand": {
			"scale": [0.35, 0.35, 0.35]
		},
		"ground": {
			"translation": [0, 2.5, 0],
			"scale": [0.35, 0.35, 0.35]
		},
		"gui": {
			"rotation": [-156.5, 41.25, -180],
			"translation": [-0.5, 0, 0],
			"scale": [0.5, 0.5, 0.5]
		},
		"head": {
			"translation": [0, 2.75, -1.5],
			"scale": [1.25, 1.25, 1.25]
		}
	}
}