{
	"credit": "Made with Blockbench",
	"texture_size": [64, 64],
	"textures": {
		"0": "block/custom/nhleaf",
		"particle": "block/custom/nhleaf"
	},
	"elements": [
		{
			"name": "hatbrimB",
			"from": [2.5, 0, 11.5],
			"to": [13.5, 0, 13.5],
			"faces": {
				"north": {"uv": [0, 0, 2.75, 0], "texture": "#0"},
				"east": {"uv": [0, 0, 0.5, 0], "texture": "#0"},
				"south": {"uv": [0, 0, 2.75, 0], "texture": "#0"},
				"west": {"uv": [0, 0, 0.5, 0], "texture": "#0"},
				"up": {"uv": [8.25, 6.75, 5.5, 6.25], "texture": "#0"},
				"down": {"uv": [9.25, 1.5, 6.5, 2], "texture": "#0"}
			}
		},
		{
			"name": "hatbase",
			"from": [4.5, 0, 4.5],
			"to": [11.5, 3.5, 11.5],
			"faces": {
				"north": {"uv": [2, 5.25, 3.75, 6.125], "texture": "#0"},
				"east": {"uv": [5.5, 0, 7.25, 0.875], "texture": "#0"},
				"south": {"uv": [0, 5.75, 1.75, 6.625], "texture": "#0"},
				"west": {"uv": [3.75, 5.75, 5.5, 6.625], "texture": "#0"},
				"up": {"uv": [3.75, 5.25, 2, 3.5], "texture": "#0"},
				"down": {"uv": [5.5, 0, 3.75, 1.75], "texture": "#0"}
			}
		},
		{
			"name": "hatbrimF",
			"from": [2.5, 0, 2.5],
			"to": [13.5, 0, 4.5],
			"faces": {
				"north": {"uv": [0, 0, 2.75, 0], "texture": "#0"},
				"east": {"uv": [0, 0, 0.5, 0], "texture": "#0"},
				"south": {"uv": [0, 0, 2.75, 0], "texture": "#0"},
				"west": {"uv": [0, 0, 0.5, 0], "texture": "#0"},
				"up": {"uv": [8.25, 1.5, 5.5, 1], "texture": "#0"},
				"down": {"uv": [8.25, 5.75, 5.5, 6.25], "texture": "#0"}
			}
		},
		{
			"name": "hatbrimL",
			"from": [2.5, 0, 4.5],
			"to": [4.5, 0, 11.5],
			"faces": {
				"north": {"uv": [0, 0, 0.5, 0], "texture": "#0"},
				"east": {"uv": [0, 0, 1.75, 0], "texture": "#0"},
				"south": {"uv": [0, 0, 0.5, 0], "texture": "#0"},
				"west": {"uv": [0, 0, 1.75, 0], "texture": "#0"},
				"up": {"uv": [2.25, 8, 1.75, 6.25], "texture": "#0"},
				"down": {"uv": [2.75, 6.25, 2.25, 8], "texture": "#0"}
			}
		},
		{
			"name": "hatbrimR",
			"from": [11.5, 0, 4.5],
			"to": [13.5, 0, 11.5],
			"faces": {
				"north": {"uv": [0, 0, 0.5, 0], "texture": "#0"},
				"east": {"uv": [0, 0, 1.75, 0], "texture": "#0"},
				"south": {"uv": [0, 0, 0.5, 0], "texture": "#0"},
				"west": {"uv": [0, 0, 1.75, 0], "texture": "#0"},
				"up": {"uv": [3.25, 8, 2.75, 6.25], "texture": "#0"},
				"down": {"uv": [3.75, 6.25, 3.25, 8], "texture": "#0"}
			}
		}
	],
	"display": {
		"thirdperson_righthand": {
			"rotation": [26, 0, 0],
			"translation": [0, 5.25, 1.5],
			"scale": [0.65, 0.65, 0.65]
		},
		"thirdperson_lefthand": {
			"rotation": [26, 0, 0],
			"translation": [0, 5.25, 1.5],
			"scale": [0.65, 0.65, 0.65]
		},
		"firstperson_righthand": {
			"rotation": [0, 110, 0],
			"translation": [0, 7.75, 0],
			"scale": [0.8, 0.8, 0.8]
		},
		"firstperson_lefthand": {
			"rotation": [0, 110, 0],
			"translation": [0, 7.75, 0],
			"scale": [0.8, 0.8, 0.8]
		},
		"ground": {
			"translation": [0, 7.25, 0],
			"scale": [0.65, 0.65, 0.65]
		},
		"gui": {
			"rotation": [30, 138, 0],
			"translation": [0, 4.25, 0],
			"scale": [0.7, 0.7, 0.7]
		},
		"head": {
			"translation": [0, 17.5, 0],
			"scale": [2.11, 2.11, 2.11]
		},
		"fixed": {
			"rotation": [-90, 0, 0],
			"translation": [0, 0, -16.75],
			"scale": [2, 2, 2]
		}
	},
	"groups": [
		{
			"name": "hat",
			"origin": [0, 0, 0],
			"color": 0,
			"children": [0, 1, 2, 3, 4]
		},
		{
			"name": "hair",
			"origin": [9, 0, 4.75],
			"color": 0,
			"children": []
		}
	]
}