{
	"credit": "Made with Blockbench",
	"texture_size": [64, 64],
	"textures": {
		"0": "block/custom/nhat",
		"particle": "block/custom/nhat"
	},
	"elements": [
		{
			"name": "sideburn_l",
			"from": [2.5, -6.25, 3.05],
			"to": [2.5, 2.75, 5.3],
			"rotation": {"angle": 0, "axis": "y", "origin": [2.5, 2.75, 4.2]},
			"faces": {
				"north": {"uv": [0, 0, 0, 2], "texture": "#0"},
				"east": {"uv": [6.5, 7, 7, 9], "texture": "#0"},
				"south": {"uv": [0, 0, 0, 2], "texture": "#0"},
				"west": {"uv": [7, 7, 7.5, 9], "texture": "#0"},
				"up": {"uv": [0, 0.5, 0, 0], "texture": "#0"},
				"down": {"uv": [0, 0, 0, 0.5], "texture": "#0"}
			}
		},
		{
			"name": "sideburn_r",
			"from": [13.5, -6.25, 3.25],
			"to": [13.5, 2.75, 5.5],
			"rotation": {"angle": 0, "axis": "y", "origin": [13.5, 2.75, 4.4]},
			"faces": {
				"north": {"uv": [0, 0, 0, 2], "texture": "#0"},
				"east": {"uv": [7.5, 7, 8, 9], "texture": "#0"},
				"south": {"uv": [0, 0, 0, 2], "texture": "#0"},
				"west": {"uv": [0, 8, 0.5, 10], "texture": "#0"},
				"up": {"uv": [0, 0.5, 0, 0], "texture": "#0"},
				"down": {"uv": [0, 0, 0, 0.5], "texture": "#0"}
			}
		},
		{
			"from": [4.5, -2.5, 15],
			"to": [11.5, 0.5, 15],
			"rotation": {"angle": -22.5, "axis": "x", "origin": [7, -2.5, 15]},
			"faces": {
				"north": {"uv": [0.5, 8, 1.75, 8.5], "texture": "#0"},
				"east": {"uv": [0, 0, 0, 0.5], "texture": "#0"},
				"south": {"uv": [1.75, 8, 3, 8.5], "texture": "#0"},
				"west": {"uv": [0, 0, 0, 0.5], "texture": "#0"},
				"up": {"uv": [1.25, 0, 0, 0], "texture": "#0"},
				"down": {"uv": [1.25, 0, 0, 0], "texture": "#0"}
			}
		},
		{
			"from": [2, -14.42388, 15.38268],
			"to": [14, -2.42388, 15.38268],
			"rotation": {"angle": -22.5, "axis": "x", "origin": [7, -3.42388, 15.38268]},
			"faces": {
				"north": {"uv": [0, 0, 2.5, 2.5], "texture": "#0"},
				"east": {"uv": [0, 0, 0, 2.5], "texture": "#0"},
				"south": {"uv": [0, 2.5, 2.5, 5], "texture": "#0"},
				"west": {"uv": [0, 0, 0, 2.5], "texture": "#0"},
				"up": {"uv": [2.5, 0, 0, 0], "texture": "#0"},
				"down": {"uv": [2.5, 0, 0, 0], "texture": "#0"}
			}
		},
		{
			"from": [2, 4.5, 1.4],
			"to": [14, 10.5, 7.9],
			"rotation": {"angle": 0, "axis": "y", "origin": [13.5, 4.5, 2.4]},
			"faces": {
				"north": {"uv": [2.5, 3.5, 5.5, 5], "texture": "#0"},
				"east": {"uv": [0, 6.5, 1.75, 8], "texture": "#0"},
				"south": {"uv": [0, 5, 3, 6.5], "texture": "#0"},
				"west": {"uv": [1.75, 6.5, 3.5, 8], "texture": "#0"},
				"up": {"uv": [5.5, 1.75, 2.5, 0], "texture": "#0"},
				"down": {"uv": [5.5, 1.75, 2.5, 3.5], "texture": "#0"}
			}
		},
		{
			"from": [2, 4.499, -3.1],
			"to": [14, 4.499, 1.4],
			"rotation": {"angle": 0, "axis": "y", "origin": [13.5, 4.499, -2.1]},
			"faces": {
				"north": {"uv": [0, 0, 3, 0], "texture": "#0"},
				"east": {"uv": [0, 0, 1.25, 0], "texture": "#0"},
				"south": {"uv": [0, 0, 3, 0], "texture": "#0"},
				"west": {"uv": [0, 0, 1.25, 0], "texture": "#0"},
				"up": {"uv": [9, 5.75, 6, 4.5], "texture": "#0"},
				"down": {"uv": [9, 5.75, 6, 7], "texture": "#0"}
			}
		},
		{
			"from": [2, 4.5, 7.9],
			"to": [14, 10, 13.9],
			"rotation": {"angle": 0, "axis": "y", "origin": [13.5, 4.5, 2.4]},
			"faces": {
				"north": {"uv": [3, 5, 6, 6.5], "texture": "#0"},
				"east": {"uv": [3.5, 6.5, 5, 8], "texture": "#0"},
				"south": {"uv": [5.5, 0, 8.5, 1.5], "texture": "#0"},
				"west": {"uv": [5, 7, 6.5, 8.5], "texture": "#0"},
				"up": {"uv": [8.5, 3, 5.5, 1.5], "texture": "#0"},
				"down": {"uv": [8.5, 3, 5.5, 4.5], "texture": "#0"}
			}
		}
	],
	"display": {
		"thirdperson_righthand": {
			"rotation": [40, 0, 0],
			"translation": [0, 1.5, 0],
			"scale": [0.35, 0.35, 0.35]
		},
		"thirdperson_lefthand": {
			"rotation": [40, 0, 0],
			"translation": [0, 1.5, 0],
			"scale": [0.35, 0.35, 0.35]
		},
		"head": {
			"rotation": [8.5, 0, 0],
			"translation": [0, 5.25, 0.75],
			"scale": [1.21, 1.21, 1.21]
		}
	}
}