{
	"credit": "Made with Blockbench",
	"texture_size": [32, 32],
	"textures": {
		"0": "block/custom/brendanhat",
		"particle": "block/custom/brendanhat"
	},
	"elements": [
		{
			"name": "hat_band",
			"from": [4.5, 0, 4.5],
			"to": [11.5, 2.25, 11.5],
			"faces": {
				"north": {"uv": [11.5, 1.5, 15, 2.75], "texture": "#0"},
				"east": {"uv": [6.5, 12, 10, 13.25], "texture": "#0"},
				"south": {"uv": [10, 12, 13.5, 13.25], "texture": "#0"},
				"west": {"uv": [0, 12.5, 3.5, 13.75], "texture": "#0"},
				"up": {"uv": [10.5, 8, 7, 4.5], "texture": "#0"},
				"down": {"uv": [11.5, 0, 8, 3.5], "texture": "#0"}
			}
		},
		{
			"name": "hat_fluff",
			"from": [4.75, 1, 4.75],
			"to": [11.25, 4, 12.5],
			"rotation": {"angle": 0, "axis": "x", "origin": [8, 1, 7]},
			"rotated": [0, 0, 0],
			"faces": {
				"north": {"uv": [10.5, 10.5, 13.75, 12], "texture": "#0"},
				"east": {"uv": [10.5, 7.5, 14.5, 9], "texture": "#0"},
				"south": {"uv": [11.5, 0, 14.75, 1.5], "texture": "#0"},
				"west": {"uv": [10.5, 9, 14.5, 10.5], "texture": "#0"},
				"up": {"uv": [3.25, 8.5, 0, 4.5], "texture": "#0"},
				"down": {"uv": [6.75, 4.5, 3.5, 8.5], "texture": "#0"}
			}
		},
		{
			"name": "hat_spike_m",
			"from": [8, 0.75, 8.75],
			"to": [8, 9, 16.5],
			"faces": {
				"north": {"uv": [0, 0, 0, 4.25], "texture": "#0"},
				"east": {"uv": [0, 0, 4, 4.25], "texture": "#0"},
				"south": {"uv": [0, 0, 0, 4.25], "texture": "#0"},
				"west": {"uv": [4, 0, 8, 4.25], "texture": "#0"},
				"up": {"uv": [0, 4, 0, 0], "texture": "#0"},
				"down": {"uv": [0, 0, 0, 4], "texture": "#0"}
			}
		},
		{
			"name": "hat_spike_r",
			"from": [11, 0, 9.75],
			"to": [11, 7.25, 15.5],
			"rotation": {"angle": 22.5, "axis": "y", "origin": [11, 4, 12.5]},
			"faces": {
				"north": {"uv": [0, 0, 0, 3.75], "texture": "#0"},
				"east": {"uv": [3.5, 8.5, 6.5, 12.25], "texture": "#0"},
				"south": {"uv": [0, 0, 0, 3.75], "texture": "#0"},
				"west": {"uv": [10.5, 3.5, 13.5, 7.25], "texture": "#0"},
				"up": {"uv": [0, 3, 0, 0], "texture": "#0"},
				"down": {"uv": [0, 0, 0, 3], "texture": "#0"}
			}
		},
		{
			"name": "hat_spike_l",
			"from": [5, 0, 9.25],
			"to": [5, 7.25, 15.5],
			"rotation": {"angle": -22.5, "axis": "y", "origin": [5, 4, 12.5]},
			"faces": {
				"north": {"uv": [0, 0, 0, 3.75], "texture": "#0"},
				"east": {"uv": [7, 8, 10.25, 11.75], "texture": "#0"},
				"south": {"uv": [0, 0, 0, 3.75], "texture": "#0"},
				"west": {"uv": [0, 8.5, 3.25, 12.25], "texture": "#0"},
				"up": {"uv": [0, 3.25, 0, 0], "texture": "#0"},
				"down": {"uv": [0, 0, 0, 3.25], "texture": "#0"}
			}
		}
	],
	"display": {
		"thirdperson_righthand": {
			"rotation": [90, 90, -60],
			"translation": [0, 5.5, 1.75],
			"scale": [0.75, 0.75, 0.75]
		},
		"thirdperson_lefthand": {
			"rotation": [90, 90, -60],
			"translation": [0, 5.5, 1.75],
			"scale": [0.75, 0.75, 0.75]
		},
		"firstperson_righthand": {
			"rotation": [0, 110, 0],
			"translation": [0, 7.25, 0]
		},
		"firstperson_lefthand": {
			"rotation": [0, 110, 0],
			"translation": [0, 7.25, 0]
		},
		"ground": {
			"translation": [0, 2.5, 0],
			"scale": [0.75, 0.75, 0.75]
		},
		"gui": {
			"rotation": [-146.5, 35, 180],
			"translation": [-1, 5.25, 0],
			"scale": [1.2, 1.2, 1.2]
		},
		"head": {
			"rotation": [5.5, 0, 0],
			"translation": [0, 16.5, 1.25],
			"scale": [2.1, 2.1, 2.1]
		},
		"fixed": {
			"rotation": [-90, 0, 0],
			"translation": [0, -0.5, -15.25],
			"scale": [2, 2, 2]
		}
	}
}