{
	"credit": "Made with Blockbench",
	"texture_size": [64, 64],
	"textures": {
		"0": "block/custom/lyrahat",
		"particle": "block/custom/lyrahat"
	},
	"elements": [
		{
			"name": "hat_brim",
			"from": [2.25, 8, -1],
			"to": [13.75, 8, 2],
			"rotation": {"angle": 0, "axis": "y", "origin": [7, 8, 2]},
			"faces": {
				"north": {"uv": [0, 0, 3, 0], "texture": "#0"},
				"east": {"uv": [0, 0, 0.75, 0], "texture": "#0"},
				"south": {"uv": [0, 0, 3, 0], "texture": "#0"},
				"west": {"uv": [0, 0, 0.75, 0], "texture": "#0"},
				"up": {"uv": [9.5, 3.25, 6.5, 2.5], "texture": "#0"},
				"down": {"uv": [8, 6.75, 5, 7.5], "texture": "#0"}
			}
		},
		{
			"name": "hat_back",
			"from": [2.25, 8, 10],
			"to": [13.75, 14, 14.5],
			"rotation": {"angle": 0, "axis": "y", "origin": [7, 11, 7]},
			"faces": {
				"north": {"uv": [3.25, 3.5, 6.25, 5], "texture": "#0"},
				"east": {"uv": [5, 7.5, 6.25, 9], "texture": "#0"},
				"south": {"uv": [0, 4, 3, 5.5], "texture": "#0"},
				"west": {"uv": [6.25, 7.5, 7.5, 9], "texture": "#0"},
				"up": {"uv": [6, 6.25, 3, 5], "texture": "#0"},
				"down": {"uv": [3, 5.5, 0, 6.75], "texture": "#0"}
			}
		},
		{
			"name": "hat_front",
			"from": [1.75, 8, 2],
			"to": [14.25, 14.5, 10],
			"rotation": {"angle": 0, "axis": "y", "origin": [7, 11, 1]},
			"faces": {
				"north": {"uv": [3.25, 0, 6.5, 1.75], "texture": "#0"},
				"east": {"uv": [6, 5, 8, 6.75], "texture": "#0"},
				"south": {"uv": [3.25, 1.75, 6.5, 3.5], "texture": "#0"},
				"west": {"uv": [3, 6.25, 5, 8], "texture": "#0"},
				"up": {"uv": [3.25, 2, 0, 0], "texture": "#0"},
				"down": {"uv": [3.25, 2, 0, 4], "texture": "#0"}
			}
		},
		{
			"name": "hair_1r",
			"from": [12, 3, 13],
			"to": [20, 8, 13],
			"rotation": {"angle": 22.5, "axis": "y", "origin": [14, 3, 13]},
			"faces": {
				"north": {"uv": [6.5, 1.25, 8.5, 2.5], "texture": "#0"},
				"east": {"uv": [0, 0, 0, 1.25], "texture": "#0"},
				"south": {"uv": [0, 6.75, 2, 8], "texture": "#0"},
				"west": {"uv": [0, 0, 0, 1.25], "texture": "#0"},
				"up": {"uv": [2, 0, 0, 0], "texture": "#0"},
				"down": {"uv": [2, 0, 0, 0], "texture": "#0"}
			}
		},
		{
			"name": "hair_1l",
			"from": [-4, 3, 13],
			"to": [4, 8, 13],
			"rotation": {"angle": -22.5, "axis": "y", "origin": [2, 3, 13]},
			"faces": {
				"north": {"uv": [6.25, 3.5, 8.25, 4.75], "texture": "#0"},
				"east": {"uv": [0, 0, 0, 1.25], "texture": "#0"},
				"south": {"uv": [6.5, 0, 8.5, 1.25], "texture": "#0"},
				"west": {"uv": [0, 0, 0, 1.25], "texture": "#0"},
				"up": {"uv": [2, 0, 0, 0], "texture": "#0"},
				"down": {"uv": [2, 0, 0, 0], "texture": "#0"}
			}
		},
		{
			"name": "bow_l",
			"from": [0.25, 7.5, 1.25],
			"to": [2.25, 11.5, 5.25],
			"rotation": {"angle": 0, "axis": "y", "origin": [-0.25, 8.5, 1.25]},
			"faces": {
				"north": {"uv": [4, 8, 4.5, 9], "texture": "#0"},
				"east": {"uv": [2, 7.75, 3, 8.75], "texture": "#0"},
				"south": {"uv": [4.5, 8, 5, 9], "texture": "#0"},
				"west": {"uv": [0, 8, 1, 9], "texture": "#0"},
				"up": {"uv": [8.5, 5.75, 8, 4.75], "texture": "#0"},
				"down": {"uv": [8.5, 5.75, 8, 6.75], "texture": "#0"}
			}
		},
		{
			"name": "bow_mid",
			"from": [0.75, 8.25, 5.25],
			"to": [1.75, 9.75, 6.75],
			"rotation": {"angle": 0, "axis": "y", "origin": [-0.25, 8, 5]},
			"faces": {
				"north": {"uv": [3, 4, 3.25, 4.5], "texture": "#0"},
				"east": {"uv": [5, 6.25, 5.5, 6.75], "texture": "#0"},
				"south": {"uv": [3, 4.5, 3.25, 5], "texture": "#0"},
				"west": {"uv": [5.5, 6.25, 6, 6.75], "texture": "#0"},
				"up": {"uv": [8.25, 7.25, 8, 6.75], "texture": "#0"},
				"down": {"uv": [8.5, 3.25, 8.25, 3.75], "texture": "#0"}
			}
		},
		{
			"name": "bow_r",
			"from": [0.25, 7.5, 6.75],
			"to": [2.25, 11.5, 10.75],
			"rotation": {"angle": 0, "axis": "y", "origin": [-0.25, 8.5, 6.75]},
			"faces": {
				"north": {"uv": [1, 8, 1.5, 9], "texture": "#0"},
				"east": {"uv": [2, 6.75, 3, 7.75], "texture": "#0"},
				"south": {"uv": [1.5, 8, 2, 9], "texture": "#0"},
				"west": {"uv": [7.5, 7.5, 8.5, 8.5], "texture": "#0"},
				"up": {"uv": [3.5, 9, 3, 8], "texture": "#0"},
				"down": {"uv": [4, 8, 3.5, 9], "texture": "#0"}
			}
		}
	],
	"display": {
		"thirdperson_righthand": {
			"scale": [0.35, 0.35, 0.35]
		},
		"thirdperson_lefthand": {
			"scale": [0.35, 0.35, 0.35]
		},
		"firstperson_righthand": {
			"scale": [0.35, 0.35, 0.35]
		},
		"firstperson_lefthand": {
			"scale": [0.35, 0.35, 0.35]
		},
		"ground": {
			"translation": [0, 1.5, 0],
			"scale": [0.35, 0.35, 0.35]
		},
		"gui": {
			"rotation": [156.82, 33.3, -163.7],
			"translation": [-0.5, -0.25, 0],
			"scale": [0.7, 0.7, 0.7]
		},
		"head": {
			"rotation": [9.75, 0, 0],
			"translation": [0, 0, -0.75],
			"scale": [1.3, 1.3, 1.3]
		}
	},
	"groups": [
		{
			"name": "hat",
			"origin": [7, 11, 1],
			"color": 0,
			"children": [0, 1, 2]
		},
		{
			"name": "hair",
			"origin": [2, 3, 13.75],
			"color": 0,
			"children": [3, 4]
		},
		{
			"name": "bow",
			"origin": [-0.25, 8.5, 6.75],
			"color": 0,
			"children": [5, 6, 7]
		}
	]
}