{
	"credit": "Made with Blockbench",
	"texture_size": [64, 64],
	"textures": {
		"0": "block/custom/plasmahat",
		"particle": "block/custom/plasmahat"
	},
	"elements": [
		{
			"name": "1",
			"from": [1.5, 10, 1.5],
			"to": [14.5, 16, 9],
			"rotation": {"angle": 0, "axis": "y", "origin": [7, 10, 7]},
			"faces": {
				"north": {"uv": [3.25, 3.5, 6.5, 5], "texture": "#0"},
				"east": {"uv": [3.25, 6.25, 5.25, 7.75], "texture": "#0"},
				"south": {"uv": [0, 4, 3.25, 5.5], "texture": "#0"},
				"west": {"uv": [5.25, 6.25, 7.25, 7.75], "texture": "#0"},
				"up": {"uv": [3.25, 2, 0, 0], "texture": "#0"},
				"down": {"uv": [3.25, 2, 0, 4], "texture": "#0"}
			}
		},
		{
			"name": "2",
			"from": [1.5, 10, 9],
			"to": [14.5, 15, 15.5],
			"rotation": {"angle": 0, "axis": "y", "origin": [7, 10, 13]},
			"faces": {
				"north": {"uv": [3.25, 5, 6.5, 6.25], "texture": "#0"},
				"east": {"uv": [6.5, 0, 8.25, 1.25], "texture": "#0"},
				"south": {"uv": [0, 5.5, 3.25, 6.75], "texture": "#0"},
				"west": {"uv": [6.5, 1.25, 8.25, 2.5], "texture": "#0"},
				"up": {"uv": [6.5, 1.75, 3.25, 0], "texture": "#0"},
				"down": {"uv": [6.5, 1.75, 3.25, 3.5], "texture": "#0"}
			}
		}
	],
	"display": {
		"thirdperson_righthand": {
			"rotation": [25, 0, 0],
			"translation": [0, 0, -1],
			"scale": [0.35, 0.35, 0.35]
		},
		"thirdperson_lefthand": {
			"rotation": [25, 0, 0],
			"translation": [0, 0, -1],
			"scale": [0.35, 0.35, 0.35]
		},
		"firstperson_righthand": {
			"scale": [0.5, 0.5, 0.5]
		},
		"firstperson_lefthand": {
			"scale": [0.5, 0.5, 0.5]
		},
		"ground": {
			"scale": [0.35, 0.35, 0.35]
		},
		"gui": {
			"rotation": [162.58, 36.01, -169.17],
			"translation": [-0.75, -2.25, 0],
			"scale": [0.5, 0.5, 0.5]
		},
		"head": {
			"rotation": [6.75, 0, 0],
			"translation": [0, -0.5, -1],
			"scale": [1.2, 1.2, 1.2]
		}
	}
}