{
	"credit": "Made with Blockbench",
	"texture_size": [32, 32],
	"textures": {
		"0": "block/custom/nhgold",
		"particle": "block/custom/nhgold"
	},
	"elements": [
		{
			"name": "hat_base",
			"from": [4, 2, 4],
			"to": [12, 5, 12],
			"rotation": {"angle": 0, "axis": "y", "origin": [0, 0, -0.5]},
			"faces": {
				"north": {"uv": [0, 8, 4, 9.5], "texture": "#0"},
				"east": {"uv": [8, 0, 12, 1.5], "texture": "#0"},
				"south": {"uv": [8, 1.5, 12, 3], "texture": "#0"},
				"west": {"uv": [8, 3, 12, 4.5], "texture": "#0"},
				"up": {"uv": [4, 4, 0, 0], "texture": "#0"},
				"down": {"uv": [4, 4, 0, 8], "texture": "#0"}
			}
		},
		{
			"name": "hat_base",
			"from": [4, 2, 4],
			"to": [12, 5, 12],
			"rotation": {"angle": 0, "axis": "y", "origin": [0, 0, -0.5]},
			"faces": {
				"north": {"uv": [0, 8, 4, 9.5], "texture": "#0"},
				"east": {"uv": [8, 0, 12, 1.5], "texture": "#0"},
				"south": {"uv": [8, 1.5, 12, 3], "texture": "#0"},
				"west": {"uv": [8, 3, 12, 4.5], "texture": "#0"},
				"up": {"uv": [4, 4, 0, 0], "texture": "#0"},
				"down": {"uv": [4, 4, 0, 8], "texture": "#0"}
			}
		},
		{
			"name": "hat_brim",
			"from": [4, 0, 12],
			"to": [12, 0.05, 15],
			"rotation": {"angle": 0, "axis": "y", "origin": [0, 0, -0.5]},
			"faces": {
				"north": {"uv": [12, 0, 16, 0.25], "texture": "#0"},
				"east": {"uv": [12, 1, 13.5, 1.25], "texture": "#0"},
				"south": {"uv": [12, 0.5, 16, 0.75], "texture": "#0"},
				"west": {"uv": [12, 1.5, 13.5, 1.75], "texture": "#0"},
				"up": {"uv": [8, 9.5, 4, 8], "texture": "#0"},
				"down": {"uv": [12, 4.5, 8, 6], "texture": "#0"}
			}
		},
		{
			"name": "hat_snap",
			"from": [5.5, 0, 3.95],
			"to": [11, 1.05, 3.95],
			"rotation": {"angle": 0, "axis": "y", "origin": [0, 0, 0.5]},
			"faces": {
				"north": {"uv": [7.5, 10, 10.25, 10.5], "texture": "#0"},
				"east": {"uv": [0, 0, 0, 0.5], "texture": "#0"},
				"south": {"uv": [4.5, 10.5, 7.25, 11], "texture": "#0"},
				"west": {"uv": [0, 0, 0, 0.5], "texture": "#0"},
				"up": {"uv": [2.75, 0, 0, 0], "texture": "#0"},
				"down": {"uv": [2.75, 0, 0, 0], "texture": "#0"}
			}
		},
		{
			"name": "hat_bottom_b",
			"from": [6.5, 0, 10.5],
			"to": [9.5, 2, 12],
			"rotation": {"angle": 0, "axis": "y", "origin": [0, 0, -0.5]},
			"faces": {
				"north": {"uv": [4.5, 9.5, 6, 10.5], "texture": "#0"},
				"east": {"uv": [7.5, 11.5, 8.25, 12.5], "texture": "#0"},
				"south": {"uv": [6, 9.5, 7.5, 10.5], "texture": "#0"},
				"west": {"uv": [8.5, 11.5, 9.25, 12.5], "texture": "#0"},
				"up": {"uv": [7.5, 11.75, 6, 11], "texture": "#0"},
				"down": {"uv": [12, 11, 10.5, 11.75], "texture": "#0"}
			}
		},
		{
			"name": "hat_bottom_r",
			"from": [9.5, 0, 4],
			"to": [12, 2, 12],
			"rotation": {"angle": 0, "axis": "y", "origin": [0, 0, -0.5]},
			"faces": {
				"north": {"uv": [7.5, 10.5, 8.75, 11.5], "texture": "#0"},
				"east": {"uv": [9.5, 6, 13.5, 7], "texture": "#0"},
				"south": {"uv": [9, 10.5, 10.25, 11.5], "texture": "#0"},
				"west": {"uv": [9.5, 7, 13.5, 8], "texture": "#0"},
				"up": {"uv": [9.25, 10, 8, 6], "texture": "#0"},
				"down": {"uv": [1.25, 9.5, 0, 13.5], "texture": "#0"}
			}
		},
		{
			"name": "hat_bottom_l",
			"from": [4, 0, 4],
			"to": [6.5, 2, 12],
			"rotation": {"angle": 0, "axis": "y", "origin": [0, 0, -0.5]},
			"faces": {
				"north": {"uv": [10.5, 10, 11.75, 11], "texture": "#0"},
				"east": {"uv": [9.5, 8, 13.5, 9], "texture": "#0"},
				"south": {"uv": [4.5, 11, 5.75, 12], "texture": "#0"},
				"west": {"uv": [9.5, 9, 13.5, 10], "texture": "#0"},
				"up": {"uv": [2.75, 13.5, 1.5, 9.5], "texture": "#0"},
				"down": {"uv": [4.25, 9.5, 3, 13.5], "texture": "#0"}
			}
		}
	],
	"display": {
		"thirdperson_righthand": {
			"rotation": [30, 90, 0],
			"translation": [0, 5.5, 1.5],
			"scale": [0.7, 0.7, 0.7]
		},
		"thirdperson_lefthand": {
			"rotation": [30, 90, 0],
			"translation": [0, 5.5, 1.5],
			"scale": [0.7, 0.7, 0.7]
		},
		"firstperson_righthand": {
			"rotation": [0, 110, 15],
			"translation": [2.5, 5.25, 0],
			"scale": [0.75, 0.75, 0.75]
		},
		"firstperson_lefthand": {
			"rotation": [0, 110, 15],
			"translation": [2.5, 5.25, 0],
			"scale": [0.75, 0.75, 0.75]
		},
		"ground": {
			"rotation": [19.3, -4.11, 2.32],
			"translation": [0, 5.5, 0.75],
			"scale": [0.7, 0.7, 0.7]
		},
		"gui": {
			"rotation": [-160, 46, -180],
			"translation": [0.75, 3.5, 0],
			"scale": [0.75, 0.75, 0.75]
		},
		"head": {
			"rotation": [4.75, 0, 0],
			"translation": [0, 14.5, 1.25],
			"scale": [2, 2, 2]
		},
		"fixed": {
			"rotation": [0, 90, 0],
			"translation": [-2.5, 8.25, -5],
			"scale": [1.5, 1.5, 1.5]
		}
	}
}