{
	"credit": "Made with Blockbench",
	"texture_size": [64, 64],
	"textures": {
		"0": "block/custom/nhat",
		"particle": "block/custom/nhat"
	},
	"elements": [
		{
			"from": [2, 4.5, 1.4],
			"to": [14, 10.5, 7.9],
			"rotation": {"angle": 0, "axis": "y", "origin": [13.5, 4.5, 2.4]},
			"faces": {
				"north": {"uv": [2.5, 3.5, 5.5, 5], "texture": "#0"},
				"east": {"uv": [0, 6.5, 1.75, 8], "texture": "#0"},
				"south": {"uv": [0, 5, 3, 6.5], "texture": "#0"},
				"west": {"uv": [1.75, 6.5, 3.5, 8], "texture": "#0"},
				"up": {"uv": [5.5, 1.75, 2.5, 0], "texture": "#0"},
				"down": {"uv": [5.5, 1.75, 2.5, 3.5], "texture": "#0"}
			}
		},
		{
			"from": [2, 4.499, -3.1],
			"to": [14, 4.499, 1.4],
			"rotation": {"angle": 0, "axis": "y", "origin": [13.5, 4.499, -2.1]},
			"faces": {
				"north": {"uv": [0, 0, 3, 0], "texture": "#0"},
				"east": {"uv": [0, 0, 1.25, 0], "texture": "#0"},
				"south": {"uv": [0, 0, 3, 0], "texture": "#0"},
				"west": {"uv": [0, 0, 1.25, 0], "texture": "#0"},
				"up": {"uv": [9, 5.75, 6, 4.5], "texture": "#0"},
				"down": {"uv": [9, 5.75, 6, 7], "texture": "#0"}
			}
		},
		{
			"from": [2, 4.5, 7.9],
			"to": [14, 10, 13.9],
			"rotation": {"angle": 0, "axis": "y", "origin": [13.5, 4.5, 2.4]},
			"faces": {
				"north": {"uv": [3, 5, 6, 6.5], "texture": "#0"},
				"east": {"uv": [3.5, 6.5, 5, 8], "texture": "#0"},
				"south": {"uv": [5.5, 0, 8.5, 1.5], "texture": "#0"},
				"west": {"uv": [5, 7, 6.5, 8.5], "texture": "#0"},
				"up": {"uv": [8.5, 3, 5.5, 1.5], "texture": "#0"},
				"down": {"uv": [8.5, 3, 5.5, 4.5], "texture": "#0"}
			}
		}
	],
	"display": {
		"thirdperson_righthand": {
			"rotation": [40, 0, 0],
			"translation": [0, 1.5, 0],
			"scale": [0.35, 0.35, 0.35]
		},
		"thirdperson_lefthand": {
			"rotation": [40, 0, 0],
			"translation": [0, 1.5, 0],
			"scale": [0.35, 0.35, 0.35]
		},
		"gui": {
			"rotation": [-157.25, 43, -180],
			"translation": [0.25, 0.25, 0],
			"scale": [0.5, 0.5, 0.5]
		},
		"head": {
			"rotation": [6.25, 0, 0],
			"translation": [0, 5.25, 0.5],
			"scale": [1.3, 1.3, 1.3]
		}
	}
}