{
	"credit": "Made with Blockbench",
	"texture_size": [32, 32],
	"textures": {
		"0": "block/custom/skullhat",
		"particle": "block/custom/skullhat"
	},
	"elements": [
		{
			"from": [1.9, 0, 1.9],
			"to": [14.1, 6, 14.1],
			"rotation": {"angle": 0, "axis": "y", "origin": [7, 0, 9]},
			"faces": {
				"north": {"uv": [6, 3, 12, 6], "texture": "#0"},
				"east": {"uv": [6, 6, 12, 9], "texture": "#0"},
				"south": {"uv": [6, 9, 12, 12], "texture": "#0"},
				"west": {"uv": [6, 0, 12, 3], "texture": "#0"},
				"up": {"uv": [6, 6, 0, 0], "rotation": 270, "texture": "#0"},
				"down": {"uv": [6, 6, 0, 12], "rotation": 90, "texture": "#0"}
			}
		}
	],
	"display": {
		"thirdperson_righthand": {
			"translation": [0, 2, 0],
			"scale": [0.35, 0.35, 0.35]
		},
		"thirdperson_lefthand": {
			"translation": [0, 2, 0],
			"scale": [0.35, 0.35, 0.35]
		},
		"firstperson_righthand": {
			"translation": [0, 3.25, 0],
			"scale": [0.5, 0.5, 0.5]
		},
		"firstperson_lefthand": {
			"translation": [0, 3.25, 0],
			"scale": [0.5, 0.5, 0.5]
		},
		"ground": {
			"translation": [0, 2.25, 0],
			"scale": [0.35, 0.35, 0.35]
		},
		"gui": {
			"rotation": [163, 42.72, -171.64],
			"translation": [0.25, 2.25, 0],
			"scale": [0.5, 0.5, 0.5]
		},
		"head": {
			"translation": [0, 11, 0],
			"scale": [1.2, 1.2, 1.2]
		}
	}
}