{
	"credit": "Made with Blockbench",
	"texture_size": [32, 32],
	"textures": {
		"0": "block/custom/calemhat",
		"particle": "block/custom/calemhat"
	},
	"elements": [
		{
			"name": "hatBrim",
			"from": [4.5, 0, 2],
			"to": [11.5, 0, 4.5],
			"faces": {
				"north": {"uv": [0, 0, 3.5, 0], "texture": "#0"},
				"east": {"uv": [0, 0, 1.25, 0], "texture": "#0"},
				"south": {"uv": [0, 0, 3.5, 0], "texture": "#0"},
				"west": {"uv": [0, 0, 1.25, 0], "texture": "#0"},
				"up": {"uv": [3.5, 8.25, 0, 7], "texture": "#0"},
				"down": {"uv": [10.5, 0, 7, 1.25], "texture": "#0"}
			}
		},
		{
			"name": "hatF",
			"from": [4.5, 0, 4.5],
			"to": [11.5, 3.5, 8.5],
			"faces": {
				"north": {"uv": [3.5, 0, 7, 1.75], "texture": "#0"},
				"east": {"uv": [7, 1.5, 9, 3.25], "texture": "#0"},
				"south": {"uv": [3.5, 2, 7, 3.75], "texture": "#0"},
				"west": {"uv": [3.5, 7, 5.5, 8.75], "texture": "#0"},
				"up": {"uv": [3.5, 2, 0, 0], "texture": "#0"},
				"down": {"uv": [3.5, 2, 0, 4], "texture": "#0"}
			}
		},
		{
			"name": "hatB",
			"from": [4.5, 2, 8.5],
			"to": [11.5, 3, 11.5],
			"faces": {
				"north": {"uv": [9, 1.5, 12.5, 2], "texture": "#0"},
				"east": {"uv": [10, 4.5, 11.5, 5], "texture": "#0"},
				"south": {"uv": [9, 2, 12.5, 2.5], "texture": "#0"},
				"west": {"uv": [10, 9.5, 11.5, 10], "texture": "#0"},
				"up": {"uv": [3.5, 7, 0, 5.5], "texture": "#0"},
				"down": {"uv": [7, 5.5, 3.5, 7], "texture": "#0"}
			}
		},
		{
			"name": "hatL",
			"from": [4.5, 0, 8.5],
			"to": [6.5, 2, 11.5],
			"faces": {
				"north": {"uv": [9.5, 7.5, 10.5, 8.5], "texture": "#0"},
				"east": {"uv": [9, 2.5, 10.5, 3.5], "texture": "#0"},
				"south": {"uv": [8, 9.5, 9, 10.5], "texture": "#0"},
				"west": {"uv": [3, 9, 4.5, 10], "texture": "#0"},
				"up": {"uv": [10, 5, 9, 3.5], "texture": "#0"},
				"down": {"uv": [5.5, 9, 4.5, 10.5], "texture": "#0"}
			}
		},
		{
			"name": "hatR",
			"from": [9.5, 0, 8.5],
			"to": [11.5, 2, 11.5],
			"faces": {
				"north": {"uv": [9.5, 8.5, 10.5, 9.5], "texture": "#0"},
				"east": {"uv": [5.5, 9, 7, 10], "texture": "#0"},
				"south": {"uv": [9, 9.5, 10, 10.5], "texture": "#0"},
				"west": {"uv": [9.5, 5, 11, 6], "texture": "#0"},
				"up": {"uv": [10.5, 7.5, 9.5, 6], "texture": "#0"},
				"down": {"uv": [8, 9.5, 7, 11], "texture": "#0"}
			}
		},
		{
			"name": "hatSnap",
			"from": [6, 0, 11.6],
			"to": [10, 1, 11.6],
			"faces": {
				"north": {"uv": [10, 3.5, 12, 4], "texture": "#0"},
				"east": {"uv": [0, 0, 0, 0.5], "texture": "#0"},
				"south": {"uv": [10, 4, 12, 4.5], "texture": "#0"},
				"west": {"uv": [0, 0, 0, 0.5], "texture": "#0"},
				"up": {"uv": [2, 0, 0, 0], "texture": "#0"},
				"down": {"uv": [2, 0, 0, 0], "texture": "#0"}
			}
		},
		{
			"name": "sunR",
			"from": [11.599, -0.5, 4.4],
			"to": [11.599, 3, 8.4],
			"rotation": {"angle": 0, "axis": "y", "origin": [0.099, 0, -0.1]},
			"faces": {
				"north": {"uv": [0, 0, 0, 1.75], "texture": "#0"},
				"east": {"uv": [7.5, 5.5, 9.5, 7.25], "texture": "#0"},
				"south": {"uv": [0, 0, 0, 1.75], "texture": "#0"},
				"west": {"uv": [7.5, 7.5, 9.5, 9.25], "texture": "#0"},
				"up": {"uv": [0, 2, 0, 0], "texture": "#0"},
				"down": {"uv": [0, 0, 0, 2], "texture": "#0"}
			}
		},
		{
			"name": "sunF",
			"from": [4.4, 0, 4.4],
			"to": [11.6, 3, 4.4],
			"faces": {
				"north": {"uv": [0, 4, 3.5, 5.5], "texture": "#0"},
				"east": {"uv": [0, 0, 0, 1.5], "texture": "#0"},
				"south": {"uv": [3.5, 4, 7, 5.5], "texture": "#0"},
				"west": {"uv": [0, 0, 0, 1.5], "texture": "#0"},
				"up": {"uv": [3.5, 0, 0, 0], "texture": "#0"},
				"down": {"uv": [3.5, 0, 0, 0], "texture": "#0"}
			}
		},
		{
			"name": "sunL",
			"from": [4.4, -0.5, 4.4],
			"to": [4.4, 3, 8.4],
			"rotation": {"angle": 0, "axis": "y", "origin": [0.4, 0, -0.1]},
			"faces": {
				"north": {"uv": [0, 0, 0, 1.75], "texture": "#0"},
				"east": {"uv": [7, 3.5, 9, 5.25], "texture": "#0"},
				"south": {"uv": [0, 0, 0, 1.75], "texture": "#0"},
				"west": {"uv": [5.5, 7, 7.5, 8.75], "texture": "#0"},
				"up": {"uv": [0, 2, 0, 0], "texture": "#0"},
				"down": {"uv": [0, 0, 0, 2], "texture": "#0"}
			}
		},
		{
			"name": "bangL",
			"from": [3.55, -4, 4.8],
			"to": [5.8, 0, 4.8],
			"rotation": {"angle": 22.5, "axis": "y", "origin": [5, 0, 4.8]},
			"faces": {
				"north": {"uv": [0, 8.5, 1.25, 10.5], "texture": "#0"},
				"east": {"uv": [0, 0, 0, 2], "texture": "#0"},
				"south": {"uv": [1.5, 8.5, 2.75, 10.5], "texture": "#0"},
				"west": {"uv": [0, 0, 0, 2], "texture": "#0"},
				"up": {"uv": [1.25, 0, 0, 0], "texture": "#0"},
				"down": {"uv": [1.25, 0, 0, 0], "texture": "#0"}
			}
		},
		{
			"name": "bangR",
			"from": [10.4, -2.5, 4.95],
			"to": [11.9, 0, 4.95],
			"rotation": {"angle": -22.5, "axis": "y", "origin": [11.5, 0, 4.8]},
			"faces": {
				"north": {"uv": [3, 10, 3.75, 11.25], "texture": "#0"},
				"east": {"uv": [0, 0, 0, 1.25], "texture": "#0"},
				"south": {"uv": [5.5, 10, 6.25, 11.25], "texture": "#0"},
				"west": {"uv": [0, 0, 0, 1.25], "texture": "#0"},
				"up": {"uv": [0.75, 0, 0, 0], "texture": "#0"},
				"down": {"uv": [0.75, 0, 0, 0], "texture": "#0"}
			}
		}
	],
	"display": {
		"thirdperson_righthand": {
			"rotation": [40, 0, 0],
			"translation": [0, 4, 2],
			"scale": [0.6, 0.6, 0.6]
		},
		"thirdperson_lefthand": {
			"rotation": [40, 0, 0],
			"translation": [0, 4, 2],
			"scale": [0.6, 0.6, 0.6]
		},
		"firstperson_righthand": {
			"rotation": [15, 145, -10],
			"translation": [0, 9.5, 0],
			"scale": [0.85, 0.85, 0.85]
		},
		"firstperson_lefthand": {
			"rotation": [15, 145, -10],
			"translation": [0, 9.5, 0],
			"scale": [0.85, 0.85, 0.85]
		},
		"ground": {
			"translation": [0, 4, 0],
			"scale": [0.65, 0.65, 0.65]
		},
		"gui": {
			"rotation": [30, 151, 0],
			"translation": [0, 5, 0],
			"scale": [0.85, 0.85, 0.85]
		},
		"head": {
			"translation": [0, 16.75, -0.25],
			"scale": [2.05, 2.05, 2.05]
		},
		"fixed": {
			"rotation": [-90, 0, 0],
			"translation": [0, 0, -16.25],
			"scale": [2, 2, 2]
		}
	},
	"groups": [
		{
			"name": "hat",
			"origin": [0, 0, 0],
			"color": 0,
			"children": [0, 1, 2, 3, 4, 5]
		},
		{
			"name": "sunglasses",
			"origin": [0.4, 0, -0.1],
			"color": 0,
			"children": [6, 7, 8]
		},
		{
			"name": "hair",
			"origin": [0, 0, 0],
			"color": 0,
			"children": [9, 10]
		}
	]
}