{
	"credit": "Made with Blockbench",
	"textures": {
		"0": "block/custom/flareglasses",
		"particle": "block/custom/flareglasses"
	},
	"elements": [
		{
			"name": "glasses",
			"from": [2, 3, 2],
			"to": [14, 9, 2],
			"rotation": {"angle": 0, "axis": "y", "origin": [7, 5, 0]},
			"faces": {
				"north": {"uv": [0, 0, 12, 6], "texture": "#0"},
				"east": {"uv": [0, 0, 0, 6], "texture": "#0"},
				"south": {"uv": [0, 6, 12, 12], "texture": "#0"},
				"west": {"uv": [0, 0, 0, 6], "texture": "#0"},
				"up": {"uv": [12, 0, 0, 0], "texture": "#0"},
				"down": {"uv": [12, 0, 0, 0], "texture": "#0"}
			}
		},
		{
			"from": [1.25, 7.5, 1.9],
			"to": [2.25, 8.5, 1.9],
			"rotation": {"angle": 0, "axis": "y", "origin": [1.25, 6.5, -0.1]},
			"faces": {
				"north": {"uv": [15, 15, 16, 16], "texture": "#0"},
				"east": {"uv": [0, 0, 0, 1], "texture": "#0"},
				"south": {"uv": [0, 0, 1, 1], "texture": "#0"},
				"west": {"uv": [0, 0, 0, 1], "texture": "#0"},
				"up": {"uv": [0, 0, 1, 0], "texture": "#0"},
				"down": {"uv": [0, 0, 1, 0], "texture": "#0"}
			}
		},
		{
			"from": [2.25, 3.25, 1.9],
			"to": [3.25, 4.25, 1.9],
			"rotation": {"angle": 0, "axis": "y", "origin": [2.25, 2.25, -0.1]},
			"faces": {
				"north": {"uv": [1, 12, 0, 13], "texture": "#0"},
				"east": {"uv": [0, 0, 0, 1], "texture": "#0"},
				"south": {"uv": [13, 0, 12, 1], "texture": "#0"},
				"west": {"uv": [0, 0, 0, 1], "texture": "#0"},
				"up": {"uv": [0, 0, 1, 0], "texture": "#0"},
				"down": {"uv": [0, 0, 1, 0], "texture": "#0"}
			}
		},
		{
			"from": [5.75, 3.25, 1.9],
			"to": [6.75, 4.25, 1.9],
			"rotation": {"angle": 0, "axis": "y", "origin": [5.75, 2.25, -0.1]},
			"faces": {
				"north": {"uv": [1, 12, 0, 13], "texture": "#0"},
				"east": {"uv": [0, 0, 0, 1], "texture": "#0"},
				"south": {"uv": [13, 0, 12, 1], "texture": "#0"},
				"west": {"uv": [0, 0, 0, 1], "texture": "#0"},
				"up": {"uv": [0, 0, 1, 0], "texture": "#0"},
				"down": {"uv": [0, 0, 1, 0], "texture": "#0"}
			}
		},
		{
			"from": [13.75, 7.5, 1.9],
			"to": [14.75, 8.5, 1.9],
			"rotation": {"angle": 0, "axis": "y", "origin": [14.75, 6.5, -0.1]},
			"faces": {
				"north": {"uv": [16, 15, 15, 16], "texture": "#0"},
				"east": {"uv": [0, 0, 0, 1], "texture": "#0"},
				"south": {"uv": [1, 0, 0, 1], "texture": "#0"},
				"west": {"uv": [0, 0, 0, 1], "texture": "#0"},
				"up": {"uv": [1, 0, 0, 0], "texture": "#0"},
				"down": {"uv": [1, 0, 0, 0], "texture": "#0"}
			}
		},
		{
			"from": [9.25, 3.25, 1.9],
			"to": [10.25, 4.25, 1.9],
			"rotation": {"angle": 0, "axis": "y", "origin": [10.25, 2.25, -0.1]},
			"faces": {
				"north": {"uv": [0, 12, 1, 13], "texture": "#0"},
				"east": {"uv": [0, 0, 0, 1], "texture": "#0"},
				"south": {"uv": [12, 0, 13, 1], "texture": "#0"},
				"west": {"uv": [0, 0, 0, 1], "texture": "#0"},
				"up": {"uv": [1, 0, 0, 0], "texture": "#0"},
				"down": {"uv": [1, 0, 0, 0], "texture": "#0"}
			}
		},
		{
			"from": [12.75, 3.25, 1.9],
			"to": [13.75, 4.25, 1.9],
			"rotation": {"angle": 0, "axis": "y", "origin": [13.75, 2.25, -0.1]},
			"faces": {
				"north": {"uv": [0, 12, 1, 13], "texture": "#0"},
				"east": {"uv": [0, 0, 0, 1], "texture": "#0"},
				"south": {"uv": [12, 0, 13, 1], "texture": "#0"},
				"west": {"uv": [0, 0, 0, 1], "texture": "#0"},
				"up": {"uv": [1, 0, 0, 0], "texture": "#0"},
				"down": {"uv": [1, 0, 0, 0], "texture": "#0"}
			}
		}
	],
	"display": {
		"thirdperson_righthand": {
			"translation": [0, 2.25, 3.5],
			"scale": [0.5, 0.5, 0.5]
		},
		"thirdperson_lefthand": {
			"translation": [0, 2.25, 3.5],
			"scale": [0.5, 0.5, 0.5]
		},
		"firstperson_righthand": {
			"translation": [6, 0, 0]
		},
		"firstperson_lefthand": {
			"translation": [6, 0, 0]
		},
		"ground": {
			"translation": [0, 1.75, 2.75],
			"scale": [0.5, 0.5, 0.5]
		},
		"gui": {
			"rotation": [-12.34, -38.18, -13.75],
			"translation": [-3.5, 2.25, 0]
		},
		"head": {
			"translation": [0, -0.25, -0.75],
			"scale": [1.1, 1.1, 1.1]
		}
	}
}