{
	"credit": "Made with Blockbench",
	"texture_size": [64, 64],
	"textures": {
		"0": "block/custom/starhelmet",
		"particle": "block/custom/starhelmet"
	},
	"elements": [
		{
			"name": "helm1",
			"from": [2, 7.5, 2],
			"to": [14, 12, 8],
			"rotation": {"angle": 0, "axis": "y", "origin": [7, 0, 7]},
			"faces": {
				"north": {"uv": [6, 3, 9, 4.25], "texture": "#0"},
				"east": {"uv": [2, 7.5, 3.5, 8.75], "texture": "#0"},
				"south": {"uv": [6, 4.25, 9, 5.5], "texture": "#0"},
				"west": {"uv": [3.5, 7.5, 5, 8.75], "texture": "#0"},
				"up": {"uv": [6, 1.5, 3, 0], "texture": "#0"},
				"down": {"uv": [6, 1.5, 3, 3], "texture": "#0"}
			}
		},
		{
			"name": "helm2",
			"from": [2, 0, 8],
			"to": [14, 12, 14],
			"rotation": {"angle": 0, "axis": "y", "origin": [7, 0, 7]},
			"faces": {
				"north": {"uv": [0, 0, 3, 3], "texture": "#0"},
				"east": {"uv": [3, 3, 4.5, 6], "texture": "#0"},
				"south": {"uv": [0, 3, 3, 6], "texture": "#0"},
				"west": {"uv": [4.5, 3, 6, 6], "texture": "#0"},
				"up": {"uv": [3, 7.5, 0, 6], "texture": "#0"},
				"down": {"uv": [9, 0, 6, 1.5], "texture": "#0"}
			}
		},
		{
			"name": "helmL",
			"from": [2, 0, 4],
			"to": [3, 7.5, 8],
			"rotation": {"angle": 0, "axis": "y", "origin": [0, -1, 5]},
			"faces": {
				"north": {"uv": [8, 7.5, 8.25, 9.5], "texture": "#0"},
				"east": {"uv": [6, 5.5, 7, 7.5], "texture": "#0"},
				"south": {"uv": [8.25, 7.5, 8.5, 9.5], "texture": "#0"},
				"west": {"uv": [7, 5.5, 8, 7.5], "texture": "#0"},
				"up": {"uv": [5.75, 9.5, 5.5, 8.5], "texture": "#0"},
				"down": {"uv": [6, 8.5, 5.75, 9.5], "texture": "#0"}
			}
		},
		{
			"name": "helmR",
			"from": [13, 0, 4],
			"to": [14, 7.5, 8],
			"rotation": {"angle": 0, "axis": "y", "origin": [16, -1, 5]},
			"faces": {
				"north": {"uv": [5, 8.5, 5.25, 10.5], "texture": "#0"},
				"east": {"uv": [0, 7.5, 1, 9.5], "texture": "#0"},
				"south": {"uv": [5.25, 8.5, 5.5, 10.5], "texture": "#0"},
				"west": {"uv": [1, 7.5, 2, 9.5], "texture": "#0"},
				"up": {"uv": [6.25, 9.5, 6, 8.5], "texture": "#0"},
				"down": {"uv": [6.5, 8.5, 6.25, 9.5], "texture": "#0"}
			}
		},
		{
			"name": "strapL",
			"from": [1.8, 6.25, 2],
			"to": [1.8, 8.25, 14.1],
			"rotation": {"angle": 0, "axis": "y", "origin": [-0.2, 6.25, 7]},
			"faces": {
				"north": {"uv": [0, 0, 0, 0.5], "texture": "#0"},
				"east": {"uv": [5, 7.5, 8, 8], "texture": "#0"},
				"south": {"uv": [0, 0, 0, 0.5], "texture": "#0"},
				"west": {"uv": [5, 8, 8, 8.5], "texture": "#0"},
				"up": {"uv": [0, 3, 0, 0], "texture": "#0"},
				"down": {"uv": [0, 0, 0, 3], "texture": "#0"}
			}
		},
		{
			"name": "strapR",
			"from": [14.2, 6.25, 2],
			"to": [14.2, 8.25, 14.1],
			"rotation": {"angle": 0, "axis": "y", "origin": [16.2, 6.25, 7]},
			"faces": {
				"north": {"uv": [0, 0, 0, 0.5], "texture": "#0"},
				"east": {"uv": [8, 5.5, 11, 6], "texture": "#0"},
				"south": {"uv": [0, 0, 0, 0.5], "texture": "#0"},
				"west": {"uv": [8, 6, 11, 6.5], "texture": "#0"},
				"up": {"uv": [0, 3, 0, 0], "texture": "#0"},
				"down": {"uv": [0, 0, 0, 3], "texture": "#0"}
			}
		},
		{
			"name": "strapB",
			"from": [1.8, 6.25, 14.1],
			"to": [14.2, 8.25, 14.1],
			"rotation": {"angle": 0, "axis": "y", "origin": [1.8, 6.25, 14.1]},
			"faces": {
				"north": {"uv": [8, 6.5, 11, 7], "texture": "#0"},
				"east": {"uv": [0, 0, 0, 0.5], "texture": "#0"},
				"south": {"uv": [8, 7, 11, 7.5], "texture": "#0"},
				"west": {"uv": [0, 0, 0, 0.5], "texture": "#0"},
				"up": {"uv": [3, 0, 0, 0], "texture": "#0"},
				"down": {"uv": [3, 0, 0, 0], "texture": "#0"}
			}
		},
		{
			"name": "goggles",
			"from": [1.8, 5.25, 1.9],
			"to": [14.2, 11.25, 1.9],
			"rotation": {"angle": 0, "axis": "y", "origin": [1.8, 7.25, 1.9]},
			"faces": {
				"north": {"uv": [6, 1.5, 9, 3], "texture": "#0"},
				"east": {"uv": [0, 0, 0, 1.5], "texture": "#0"},
				"south": {"uv": [3, 6, 6, 7.5], "texture": "#0"},
				"west": {"uv": [0, 0, 0, 1.5], "texture": "#0"},
				"up": {"uv": [3, 0, 0, 0], "texture": "#0"},
				"down": {"uv": [3, 0, 0, 0], "texture": "#0"}
			}
		}
	],
	"display": {
		"thirdperson_righthand": {
			"translation": [0, 1.5, 0],
			"scale": [0.35, 0.35, 0.35]
		},
		"thirdperson_lefthand": {
			"translation": [0, 1.5, 0],
			"scale": [0.35, 0.35, 0.35]
		},
		"firstperson_righthand": {
			"translation": [0, 3, 0],
			"scale": [0.35, 0.35, 0.35]
		},
		"firstperson_lefthand": {
			"translation": [0, 3, 0],
			"scale": [0.35, 0.35, 0.35]
		},
		"ground": {
			"translation": [0, 3, 0],
			"scale": [0.35, 0.35, 0.35]
		},
		"gui": {
			"rotation": [151.32, 36.77, -162.59],
			"translation": [0, 0.75, 0],
			"scale": [0.5, 0.5, 0.5]
		},
		"head": {
			"translation": [0, 4, 0],
			"scale": [1.25, 1.25, 1.25]
		}
	}
}