{
	"credit": "Made with Blockbench",
	"texture_size": [32, 32],
	"textures": {
		"0": "block/custom/hophair",
		"particle": "block/custom/hophair"
	},
	"elements": [
		{
			"from": [6.5, 8, -0.5],
			"to": [9.5, 14, 2.5],
			"rotation": {"angle": 0, "axis": "y", "origin": [7, 9, -0.5]},
			"faces": {
				"north": {"uv": [4, 0, 5.5, 3], "texture": "#0"},
				"east": {"uv": [4, 3, 5.5, 6], "texture": "#0"},
				"south": {"uv": [0, 5, 1.5, 8], "texture": "#0"},
				"west": {"uv": [1.5, 5, 3, 8], "texture": "#0"},
				"up": {"uv": [10, 7.5, 8.5, 6], "texture": "#0"},
				"down": {"uv": [10.5, 7.5, 9, 9], "texture": "#0"}
			}
		},
		{
			"from": [1.5, 7.75, 1],
			"to": [4.5, 12.75, 5],
			"rotation": {"angle": 0, "axis": "y", "origin": [1, 8.75, 1]},
			"faces": {
				"north": {"uv": [6, 7.5, 7.5, 10], "texture": "#0"},
				"east": {"uv": [0, 0, 2, 2.5], "texture": "#0"},
				"south": {"uv": [7.5, 7.5, 9, 10], "texture": "#0"},
				"west": {"uv": [2, 0, 4, 2.5], "texture": "#0"},
				"up": {"uv": [10, 2, 8.5, 0], "texture": "#0"},
				"down": {"uv": [10, 2, 8.5, 4], "texture": "#0"}
			}
		},
		{
			"from": [11.5, 7.75, 1],
			"to": [14.5, 12.75, 5],
			"rotation": {"angle": 0, "axis": "y", "origin": [13, 8.75, 1]},
			"faces": {
				"north": {"uv": [0, 8, 1.5, 10.5], "texture": "#0"},
				"east": {"uv": [0, 2.5, 2, 5], "texture": "#0"},
				"south": {"uv": [1.5, 8, 3, 10.5], "texture": "#0"},
				"west": {"uv": [2, 2.5, 4, 5], "texture": "#0"},
				"up": {"uv": [4.5, 10.5, 3, 8.5], "texture": "#0"},
				"down": {"uv": [10, 4, 8.5, 6], "texture": "#0"}
			}
		},
		{
			"from": [3.5, 8.5, 0],
			"to": [6.5, 13.5, 3],
			"rotation": {"angle": 0, "axis": "y", "origin": [4, 9.5, 0]},
			"faces": {
				"north": {"uv": [5.5, 0, 7, 2.5], "texture": "#0"},
				"east": {"uv": [5.5, 2.5, 7, 5], "texture": "#0"},
				"south": {"uv": [5.5, 5, 7, 7.5], "texture": "#0"},
				"west": {"uv": [3, 6, 4.5, 8.5], "texture": "#0"},
				"up": {"uv": [10.5, 10.5, 9, 9], "texture": "#0"},
				"down": {"uv": [11.5, 0, 10, 1.5], "texture": "#0"}
			}
		},
		{
			"from": [9.5, 8.5, 0],
			"to": [12.5, 13.5, 3],
			"rotation": {"angle": 0, "axis": "y", "origin": [10, 9.5, 0]},
			"faces": {
				"north": {"uv": [7, 0, 8.5, 2.5], "texture": "#0"},
				"east": {"uv": [7, 2.5, 8.5, 5], "texture": "#0"},
				"south": {"uv": [7, 5, 8.5, 7.5], "texture": "#0"},
				"west": {"uv": [4.5, 7.5, 6, 10], "texture": "#0"},
				"up": {"uv": [11.5, 3, 10, 1.5], "texture": "#0"},
				"down": {"uv": [11.5, 3, 10, 4.5], "texture": "#0"}
			}
		}
	],
	"display": {
		"thirdperson_righthand": {
			"translation": [0, 0, 3.25],
			"scale": [0.35, 0.35, 0.35]
		},
		"thirdperson_lefthand": {
			"translation": [0, 0, 3.25],
			"scale": [0.35, 0.35, 0.35]
		},
		"firstperson_righthand": {
			"translation": [2.5, -2.5, 0],
			"scale": [0.5, 0.5, 0.5]
		},
		"firstperson_lefthand": {
			"translation": [2.5, -2.5, 0],
			"scale": [0.5, 0.5, 0.5]
		},
		"ground": {
			"scale": [0.5, 0.5, 0.5]
		},
		"head": {
			"rotation": [11, 0, 0],
			"translation": [0, -0.5, 0.25],
			"scale": [1.2, 1.2, 1.2]
		}
	}
}