{
	"format_version": "1.8.0",
	"animations": {
		"animation.arctosyrin.ground_sleep": {
			"loop": true,
			"bones": {
				"arctosyrin": {
					"position": [0, -11, 0]
				},
				"chest": {
					"rotation": ["-2.5+math.sin((query.anim_time) * 90 * 0.5)*2", 0, 0]
				},
				"tail": {
					"rotation": [-19.76758, -2.15393, -12.31594]
				},
				"tail2": {
					"rotation": [-7.5, 22.5, 0]
				},
				"tail3": {
					"rotation": [-6.21886, 13.22431, 9.52027]
				},
				"tail4": {
					"rotation": [0, 7.5, 0]
				},
				"tail5": {
					"rotation": [0, 10, 0]
				},
				"neck1": {
					"rotation": ["7+math.sin((query.anim_time) * 90 * 0.5)*2", -0.65182, 4.95744]
				},
				"neck2": {
					"rotation": [-5, -37.5, 0]
				},
				"neck3": {
					"rotation": [0, -72.5, 0]
				},
				"neck4": {
					"rotation": [-17.5, -70, 0]
				},
				"neck5": {
					"rotation": [0, -30, 0]
				},
				"neck6": {
					"rotation": [12.2921, -30.32448, -23.34288]
				},
				"head": {
					"rotation": [0, -12.5, 0]
				},
				"eyes": {
					"scale": 0
				},
				"frontleg_left": {
					"rotation": [-4.88708, -11.06241, -43.26733]
				},
				"leg_left_rot2": {
					"rotation": [0, -7.5, -47.5]
				},
				"frontleg_right": {
					"rotation": [9.51309, 25.06133, 26.73141]
				},
				"leg_right_rot2": {
					"rotation": [0, 0, 40]
				},
				"leg_left": {
					"rotation": [7.67082, -30.80028, -45.62575]
				},
				"leg_left_rot": {
					"rotation": [0, 0, -32.5]
				},
				"leg_right": {
					"rotation": [22.85093, 39.80012, 43.46207]
				},
				"leg_right_rot": {
					"rotation": [0, 0, 17.5]
				}
			}
		},
		"animation.arctosyrin.blink": {
			"animation_length": 0.25,
			"bones": {
				"eyes": {
					"scale": {
						"0.0": [1, 1, 1],
						"0.125": [0, 0, 0],
						"0.25": [1, 1, 1]
					}
				}
			}
		},
		"animation.arctosyrin.pose": {
			"loop": true,
			"bones": {
				"arctosyrin": {
					"position": [0, -9, 0]
				},
				"frontleg_left": {
					"rotation": [1.07664, -19.92817, -13.31046]
				},
				"leg_left": {
					"rotation": [0, -15, -10]
				},
				"neck1": {
					"rotation": [-37.5, 0, 0]
				},
				"neck2": {
					"rotation": [-72.5, 0, 0],
					"position": [0, -7, 5]
				},
				"neck3": {
					"rotation": [-40, 0, 0],
					"position": [0, -2, 3]
				},
				"neck4": {
					"rotation": [77.5, 0, 0],
					"position": [0, -2, 0]
				},
				"neck5": {
					"rotation": [50, 0, 0]
				},
				"neck6": {
					"rotation": [12.5, 0, 0]
				},
				"head": {
					"rotation": [20, 0, 0]
				},
				"jawbottom": {
					"rotation": [0, 0, 0]
				},
				"tail": {
					"rotation": [-10, 0, 0]
				},
				"tail2": {
					"rotation": [15, 0, 0]
				},
				"tail3": {
					"rotation": [-15, 0, 0]
				},
				"tail4": {
					"rotation": [-15, 0, 0]
				},
				"tail5": {
					"rotation": [-22.5, 0, 0]
				},
				"frontleg_right": {
					"rotation": [1.07664, 19.92817, 13.31046]
				},
				"leg_right": {
					"rotation": [0, 15, 10]
				}
			}
		},
		"animation.arctosyrin.ground_idle": {
			"loop": true,
			"bones": {
				"arctosyrin": {
					"position": [0, -9, 0]
				},
				"frontleg_left": {
					"rotation": [6.94417, -29.54986, -25.58783],
					"position": [-4, 0, 0]
				},
				"leg_left": {
					"rotation": [13.66856, -34.12398, -42.66117]
				},
				"neck1": {
					"rotation": ["-37.5+math.cos(q.anim_time*90*1-25)*2", 0, 0]
				},
				"neck2": {
					"rotation": ["-65+math.cos(q.anim_time*90*1-90)*2 ", 0, 0],
					"position": [0, -7, 5]
				},
				"neck3": {
					"rotation": [-45, 0, 0],
					"position": [0, -2, 3]
				},
				"neck4": {
					"rotation": ["72.5+math.cos(q.anim_time*90*1-150)*3 ", 0, 0],
					"position": [0, -2, 0]
				},
				"neck5": {
					"rotation": [57.5, 0, 0]
				},
				"neck6": {
					"rotation": ["30+math.cos(q.anim_time*90*1-250)*3 ", 0, 0]
				},
				"head": {
					"rotation": [5, 0, 0]
				},
				"jawbottom": {
					"rotation": [0, 0, 0]
				},
				"tail": {
					"rotation": ["-5+math.cos(q.anim_time*90*1-90)*2 ", 0, 0]
				},
				"tail2": {
					"rotation": [15, 0, 0]
				},
				"tail3": {
					"rotation": [-5, 0, 0]
				},
				"tail4": {
					"rotation": [0, 0, 0]
				},
				"tail5": {
					"rotation": [22.5, 0, 0]
				},
				"body": {
					"position": [0, -3, 0]
				},
				"torso": {
					"rotation": ["-2.5-math.cos(q.anim_time*90*1)*2", 0, 0]
				},
				"chest": {
					"rotation": ["0-math.cos(q.anim_time*90*1-140)*2", 0, 0]
				},
				"leg_left5": {
					"rotation": [-2.71241, 4.65781, -47.87963]
				},
				"leg_left_rot": {
					"rotation": [0, 0, -37.5]
				},
				"leg_right": {
					"rotation": [13.66856, 34.12398, 42.66117]
				},
				"frontleg_right": {
					"rotation": [6.94417, 29.54986, 25.58783],
					"position": [4, 0, 0]
				},
				"leg_right5": {
					"rotation": [-2.71241, -4.65781, 47.87963]
				},
				"leg_right_rot": {
					"rotation": [0, 0, 37.5]
				}
			}
		},
		"animation.arctosyrin_water_idle": {
			"loop": true,
			"animation_length": 4,
			"bones": {
				"arctosyrin": {
					"position": [0, -9, 0]
				},
				"frontleg_left": {
					"rotation": ["30+math.cos(q.anim_time*90*variable.waterspeed)*15", -47.5, "-80-math.sin(q.anim_time*90*variable.waterspeed-15)*15"],
					"position": [-2.29922, -3.75973, -3.09483]
				},
				"leg_left": {
					"rotation": ["30+math.cos(q.anim_time*90*variable.waterspeed)*15", -47.5, "-70-math.sin(q.anim_time*90*variable.waterspeed-15)*15"]
				},
				"neck1": {
					"rotation": ["-37.5+math.sin(q.anim_time*90*variable.waterspeed-75)*2", 0, 0]
				},
				"neck2": {
					"rotation": [-72.5, 0, 0],
					"position": [0, -7, 5]
				},
				"neck3": {
					"rotation": [-40, 0, 0],
					"position": [0, -2, 3]
				},
				"neck4": {
					"rotation": [77.5, 0, 0],
					"position": [0, -2, 0]
				},
				"neck5": {
					"rotation": [50, 0, 0]
				},
				"neck6": {
					"rotation": ["12.5+math.sin(q.anim_time*90*variable.waterspeed-120)*2", 0, 0]
				},
				"head": {
					"rotation": ["20+math.sin(q.anim_time*90*variable.waterspeed-140)*2", 0, 0],
					"position": [0, 0.9717, -0.23623]
				},
				"jawbottom": {
					"rotation": [0, 0, 0]
				},
				"tail": {
					"rotation": ["-27.5-math.sin(q.anim_time*90*variable.waterspeed-50)*2", 0, 0]
				},
				"tail2": {
					"rotation": ["2.5-math.sin(q.anim_time*90*variable.waterspeed-75)*2", 0, 0]
				},
				"tail3": {
					"rotation": [0, 0, 0]
				},
				"tail4": {
					"rotation": ["0-math.sin(q.anim_time*90*variable.waterspeed-120)*2", 0, 0]
				},
				"tail5": {
					"rotation": ["25-math.sin(q.anim_time*90*variable.waterspeed-160)*5", 0, 0]
				},
				"body": {
					"position": [0, "-6-math.sin(q.anim_time*90*variable.waterspeed)*1", 0]
				},
				"chest": {
					"rotation": ["0-math.cos(q.anim_time*90*variable.waterspeed-50)*2", 0, 0]
				},
				"frontleg_right": {
					"rotation": ["30+math.cos(q.anim_time*90*variable.waterspeed)*15", 47.5, "80+math.sin(q.anim_time*90*variable.waterspeed-15)*15"],
					"position": [2.29922, -3.75973, -3.09483]
				},
				"leg_right": {
					"rotation": ["30+math.cos(q.anim_time*90*variable.waterspeed)*15", 47.5, "70+math.sin(q.anim_time*90*variable.waterspeed-15)*15"]
				}
			}
		},
		"animation.arctosyrin.ground_walk": {
			"loop": true,
			"animation_length": 3.0303,
			"bones": {
				"arctosyrin": {
					"position": [0, -9, 0]
				},
				"frontleg_left": {
					"rotation": {
						"0.0": [-10.74135, -16.44974, -49.12657],
						"0.3333": {
							"pre": [-14.73828, -1.26073, -47.70278],
							"post": [-14.73828, -1.26073, -47.70278],
							"lerp_mode": "catmullrom"
						},
						"1.125": {
							"post": [6.72423, -26.69246, -26.49221],
							"lerp_mode": "catmullrom"
						},
						"1.625": {
							"post": [23.2991, -48.69399, -41.26749],
							"lerp_mode": "catmullrom"
						},
						"2.2917": {
							"post": [26.00855, -49.56358, -44.84994],
							"lerp_mode": "catmullrom"
						},
						"3.0417": {
							"post": [-10.74135, -16.44974, -49.12657],
							"lerp_mode": "catmullrom"
						}
					},
					"position": {
						"0.0": [-4, 0, 0],
						"3.0417": {
							"pre": [-4, 0, 0],
							"post": [-4, 0, 0],
							"lerp_mode": "catmullrom"
						}
					}
				},
				"leg_left": {
					"rotation": {
						"0.0": [11.59457, -38.03699, -21.88777],
						"0.75": {
							"pre": [15.22546, -37.79601, -66.6092],
							"post": [15.22546, -37.79601, -66.6092],
							"lerp_mode": "catmullrom"
						},
						"1.3333": {
							"post": [-1.58647, -29.0856, -72.32376],
							"lerp_mode": "catmullrom"
						},
						"2.0833": {
							"post": [-7.85457, -5.94564, -52.11217],
							"lerp_mode": "catmullrom"
						},
						"3.0417": {
							"post": [11.59457, -38.03699, -21.88777],
							"lerp_mode": "catmullrom"
						}
					},
					"position": [0, 1.41421, 1.41421]
				},
				"neck1": {
					"rotation": {
						"0.0": [-37.5, 0, 0],
						"0.4583": {
							"pre": [-35, 0, 0],
							"post": [-35, 0, 0],
							"lerp_mode": "catmullrom"
						},
						"0.9583": {
							"post": [-37.66, 0, 0],
							"lerp_mode": "catmullrom"
						},
						"1.5833": {
							"post": [-32.89, 0, 0],
							"lerp_mode": "catmullrom"
						},
						"2.2083": {
							"post": [-36.6, 0, 0],
							"lerp_mode": "catmullrom"
						},
						"3.0417": {
							"post": [-37.5, 0, 0],
							"lerp_mode": "catmullrom"
						}
					}
				},
				"neck2": {
					"rotation": {
						"0.0": [-72.5, 0, 0],
						"0.5": {
							"pre": [-70, 0, 0],
							"post": [-70, 0, 0],
							"lerp_mode": "catmullrom"
						},
						"1.25": {
							"post": [-72.5, 0, 0],
							"lerp_mode": "catmullrom"
						},
						"1.9583": {
							"post": [-67.5, 0, 0],
							"lerp_mode": "catmullrom"
						},
						"3.0417": {
							"post": [-72.5, 0, 0],
							"lerp_mode": "catmullrom"
						}
					},
					"position": [0, -7, 5]
				},
				"neck3": {
					"rotation": {
						"0.0": [-40, 0, 0],
						"0.375": {
							"pre": [-45, 0, 0],
							"post": [-45, 0, 0],
							"lerp_mode": "catmullrom"
						},
						"1.4583": {
							"post": [-37.5, 0, 0],
							"lerp_mode": "catmullrom"
						},
						"2.2917": {
							"post": [-40.23, 0, 0],
							"lerp_mode": "catmullrom"
						},
						"3.0417": {
							"post": [-40, 0, 0],
							"lerp_mode": "catmullrom"
						}
					},
					"position": [0, -2, 3]
				},
				"neck4": {
					"rotation": {
						"0.0": [77.5, 0, 0],
						"0.4583": {
							"pre": [80, 0, 0],
							"post": [80, 0, 0],
							"lerp_mode": "catmullrom"
						},
						"1.375": {
							"post": [72.5, 0, 0],
							"lerp_mode": "catmullrom"
						},
						"2.0833": {
							"post": [67.5, 0, 0],
							"lerp_mode": "catmullrom"
						},
						"2.4583": {
							"post": [67.59, 0, 0],
							"lerp_mode": "catmullrom"
						},
						"3.0417": {
							"post": [77.5, 0, 0],
							"lerp_mode": "catmullrom"
						}
					},
					"position": [0, -2, 0]
				},
				"neck5": {
					"rotation": {
						"0.0": [50, 0, 0],
						"0.5": {
							"pre": [55, 0, 0],
							"post": [55, 0, 0],
							"lerp_mode": "catmullrom"
						},
						"1.0833": {
							"post": [47.5, 0, 0],
							"lerp_mode": "catmullrom"
						},
						"1.7083": {
							"post": [54.50766, 0, 0],
							"lerp_mode": "catmullrom"
						},
						"2.4583": {
							"post": [49.51, 0, 0],
							"lerp_mode": "catmullrom"
						},
						"3.0417": {
							"post": [50, 0, 0],
							"lerp_mode": "catmullrom"
						}
					}
				},
				"neck6": {
					"rotation": [20, 0, 0]
				},
				"head": {
					"rotation": {
						"0.0": [7.5, 0, 0],
						"0.5833": {
							"pre": [10, 0, 0],
							"post": [10, 0, 0],
							"lerp_mode": "catmullrom"
						},
						"1.125": {
							"post": [7.5, 0, 0],
							"lerp_mode": "catmullrom"
						},
						"1.9583": {
							"post": [12.5, 0, 0],
							"lerp_mode": "catmullrom"
						},
						"2.4583": {
							"post": [10.05484, 0.24487, 0.45443],
							"lerp_mode": "catmullrom"
						},
						"3.0417": {
							"post": [7.5, 0, 0],
							"lerp_mode": "catmullrom"
						}
					}
				},
				"jawbottom": {
					"rotation": [0, 0, 0]
				},
				"tail": {
					"rotation": {
						"0.0": [-10, 0, 0],
						"0.375": {
							"pre": [-20, 0, 0],
							"post": [-20, 0, 0],
							"lerp_mode": "catmullrom"
						},
						"0.9583": {
							"post": [2.5, 0, 0],
							"lerp_mode": "catmullrom"
						},
						"1.375": {
							"post": [-7.5, 0, 0],
							"lerp_mode": "catmullrom"
						},
						"2.3333": {
							"post": [-10, 0, 0],
							"lerp_mode": "catmullrom"
						},
						"2.7083": {
							"post": [-7.5, 0, 0],
							"lerp_mode": "catmullrom"
						},
						"3.0417": {
							"post": [-10, 0, 0],
							"lerp_mode": "catmullrom"
						}
					}
				},
				"tail2": {
					"rotation": {
						"0.0": [15, 0, 0],
						"0.5833": {
							"pre": [15, 0, 0],
							"post": [15, 0, 0],
							"lerp_mode": "catmullrom"
						},
						"1.125": {
							"post": [7.5, 0, 0],
							"lerp_mode": "catmullrom"
						},
						"1.8333": {
							"post": [10.1, 0, 0],
							"lerp_mode": "catmullrom"
						},
						"2.6667": {
							"post": [7.24, 0, 0],
							"lerp_mode": "catmullrom"
						},
						"3.0417": {
							"post": [15, 0, 0],
							"lerp_mode": "catmullrom"
						},
						"6.0": {
							"post": [10, 0, 0],
							"lerp_mode": "catmullrom"
						}
					}
				},
				"tail3": {
					"rotation": [-15, 0, 0]
				},
				"tail4": {
					"rotation": {
						"0.0": [-15, 0, 0],
						"0.5": {
							"pre": [-20, 0, 0],
							"post": [-20, 0, 0],
							"lerp_mode": "catmullrom"
						},
						"1.0833": {
							"post": [-5.19305, -1.8436, -1.35804],
							"lerp_mode": "catmullrom"
						},
						"1.625": {
							"post": [-15.09223, -0.76934, -0.17867],
							"lerp_mode": "catmullrom"
						},
						"2.2083": {
							"post": [-10.00654, -0.78596, -0.18134],
							"lerp_mode": "catmullrom"
						},
						"2.7917": {
							"post": [-10.00654, -0.78596, -0.18134],
							"lerp_mode": "catmullrom"
						},
						"3.0417": {
							"post": [-15, 0, 0],
							"lerp_mode": "catmullrom"
						}
					}
				},
				"tail5": {
					"rotation": [-22.5, 0, 0]
				},
				"frontleg_right": {
					"rotation": {
						"0.0": [15.78688, 45.93009, 11.21851],
						"0.75": {
							"pre": [30.01955, 44.63542, 49.45369],
							"post": [30.01955, 44.63542, 49.45369],
							"lerp_mode": "catmullrom"
						},
						"1.3333": {
							"post": [11.15603, 44.41732, 55.89476],
							"lerp_mode": "catmullrom"
						},
						"2.0833": {
							"post": [-5.81745, 9.9858, 46.11516],
							"lerp_mode": "catmullrom"
						},
						"3.0417": {
							"post": [15.78688, 45.93009, 11.21851],
							"lerp_mode": "catmullrom"
						}
					},
					"position": [4, 0, 0]
				},
				"leg_right": {
					"rotation": {
						"0.0": [11.52694, 33.51431, 67.90154],
						"0.3333": {
							"pre": [6.7256, 27.63937, 58.49106],
							"post": [6.7256, 27.63937, 58.49106],
							"lerp_mode": "catmullrom"
						},
						"1.125": {
							"post": [29.58529, 46.00817, 44.83492],
							"lerp_mode": "catmullrom"
						},
						"1.625": {
							"post": [59.18195, 52.00927, 65.14355],
							"lerp_mode": "catmullrom"
						},
						"2.2917": {
							"post": [30.72784, 54.00401, 71.61852],
							"lerp_mode": "catmullrom"
						},
						"3.0417": {
							"post": [11.52694, 33.51431, 67.90154],
							"lerp_mode": "catmullrom"
						}
					},
					"position": {
						"0.0": [0, 1.41421, 1.41421],
						"3.0417": {
							"pre": [0, 1.41421, 1.41421],
							"post": [0, 1.41421, 1.41421],
							"lerp_mode": "catmullrom"
						}
					}
				},
				"body": {
					"position": [0, -4, 0]
				},
				"torso": {
					"position": {
						"0.0": [0, 0, 0],
						"0.5": {
							"pre": [0, 0, 1],
							"post": [0, 0, 1],
							"lerp_mode": "catmullrom"
						},
						"1.2083": {
							"post": [0, 0, 0],
							"lerp_mode": "catmullrom"
						},
						"2.2917": {
							"post": [0, 0, 1],
							"lerp_mode": "catmullrom"
						},
						"3.0417": {
							"post": [0, 0, 0],
							"lerp_mode": "catmullrom"
						}
					}
				},
				"chest": {
					"rotation": {
						"0.0": [0, 0, 0],
						"0.4583": {
							"pre": [2.5, 0, 0],
							"post": [2.5, 0, 0],
							"lerp_mode": "catmullrom"
						},
						"0.625": {
							"post": [0, 0, 0],
							"lerp_mode": "catmullrom"
						},
						"1.0833": {
							"post": [-2.5, 0, 0],
							"lerp_mode": "catmullrom"
						},
						"1.4583": {
							"post": [2.5, 0, 0],
							"lerp_mode": "catmullrom"
						},
						"1.7083": {
							"post": [5, 0, 0],
							"lerp_mode": "catmullrom"
						},
						"2.0": {
							"post": [2.5, 0, 0],
							"lerp_mode": "catmullrom"
						},
						"2.4583": {
							"post": [-2.5, 0, 0],
							"lerp_mode": "catmullrom"
						},
						"3.0417": {
							"post": [0, 0, 0],
							"lerp_mode": "catmullrom"
						}
					}
				},
				"leg_left5": {
					"rotation": [-2.71241, 4.65781, -47.87963]
				},
				"leg_left_rot2": {
					"rotation": {
						"0.0": [0, 0, 0],
						"0.4583": {
							"pre": [1.39335, 1.18085, -4.76018],
							"post": [1.39335, 1.18085, -4.76018],
							"lerp_mode": "catmullrom"
						},
						"1.125": {
							"post": [0, 0, -2.5],
							"lerp_mode": "catmullrom"
						},
						"1.5833": {
							"post": [0, 0, 22.73],
							"lerp_mode": "catmullrom"
						},
						"2.4167": {
							"post": [0, 0, 13.45],
							"lerp_mode": "catmullrom"
						},
						"3.0417": {
							"post": [0, 0, 0],
							"lerp_mode": "catmullrom"
						}
					}
				},
				"leg_right5": {
					"rotation": [-2.71241, -4.65781, 47.87963]
				},
				"leg_right_rot2": {
					"rotation": {
						"0.0": [0, 0, 0],
						"0.5": {
							"pre": [0, 0, -15],
							"post": [0, 0, -15],
							"lerp_mode": "catmullrom"
						},
						"1.4583": {
							"post": [0, 0, -2.5],
							"lerp_mode": "catmullrom"
						},
						"2.0833": {
							"post": [0, 0, 0],
							"lerp_mode": "catmullrom"
						},
						"2.5417": {
							"post": [-4.95426, 4.96519, 0.26967],
							"lerp_mode": "catmullrom"
						},
						"3.0417": {
							"post": [0, 0, 0],
							"lerp_mode": "catmullrom"
						}
					}
				},
				"leg_left_rot": {
					"rotation": {
						"0.0": [0, 0, -45],
						"0.5833": {
							"pre": [0, 0, -15],
							"post": [0, 0, -15],
							"lerp_mode": "catmullrom"
						},
						"1.0": {
							"post": [0, 0, -32.5],
							"lerp_mode": "catmullrom"
						},
						"1.5": {
							"post": [0, 0, -20],
							"lerp_mode": "catmullrom"
						},
						"2.0": {
							"post": [0, 0, -44.46],
							"lerp_mode": "catmullrom"
						},
						"3.0417": {
							"post": [0, 0, -45],
							"lerp_mode": "catmullrom"
						}
					}
				},
				"leg_right_rot": {
					"rotation": {
						"0.0": [0, 0, 25],
						"0.4583": {
							"pre": [0, 0, 20],
							"post": [0, 0, 20],
							"lerp_mode": "catmullrom"
						},
						"1.0": {
							"post": [0, 0, 22.5],
							"lerp_mode": "catmullrom"
						},
						"1.5": {
							"post": [0, 0, 17.5],
							"lerp_mode": "catmullrom"
						},
						"1.9583": {
							"post": [0, 0, 27.5],
							"lerp_mode": "catmullrom"
						},
						"2.5833": {
							"post": [0, 0, 26.78],
							"lerp_mode": "catmullrom"
						},
						"3.0417": {
							"post": [0, 0, 25],
							"lerp_mode": "catmullrom"
						}
					}
				}
			}
		}
	}
}