{
  "portraitScale": 2,
  "portraitTranslation": [ 0, -0.35, 0 ],
  "profileScale": 0.85,
  "profileTranslation": [ 0, 0.5, 0 ],
  "rootBone": "beautifly",
  "animations": {
    "cry": "q.bedrock_stateful('beautifly', 'cry')",
    "recoil": "q.bedrock_stateful('beautifly', 'recoil')"
  },
  "poses": {
    "standing": {
      "poseName": "standing",
      "transformTicks": 10,
      "poseTypes": [ "STAND", "NONE", "PORTRAIT", "PROFILE" ],
      "animations": [ "q.bedrock('beautifly', 'ground_idle')" ]
    },
    "walking": {
      "poseName": "walking",
      "transformTicks": 10,
      "poseTypes": [ "WALK" ],
      "animations": [ "q.bedrock('beautifly', 'ground_idle')" ]
    }
  }
}