{
  "head": "head",
  "portraitScale": 2,
  "portraitTranslation": [ -0.4, -0.25, 0 ],
  "profileScale": 0.8,
  "profileTranslation": [ 0, 0.5, 0 ],
  "rootBone": "seviper",
  "animations": {
    "cry": "q.bedrock_stateful('seviper', 'cry')",
    "recoil": "q.bedrock_stateful('seviper', 'recoil')",
    "physical": "q.bedrock_primary('seviper', 'physical', q.curve('symmetrical_wide'))",
    "special": "q.bedrock_primary('seviper', 'special', q.curve('symmetrical_wide'))"
  },
  "poses": {
    "standing": {
      "poseName": "standing",
      "transformTicks": 10,
      "poseTypes": [ "STAND", "NONE", "PORTRAIT", "PROFILE" ],
      "animations": [ "q.look('head')", "q.bedrock('seviper', 'ground_idle')" ],
	"quirks": [ "q.bedrock_quirk('seviper', 'blink')" ]
    },
    "walking": {
      "poseName": "walking",
      "transformTicks": 10,
      "poseTypes": [ "WALK" ],
      "animations": [ "q.look('head')", "q.bedrock('seviper', 'ground_walk')" ],
	"quirks": [ "q.bedrock_quirk('seviper', 'blink')" ]
    },
    "sleeping": {
      "poseName": "sleeping",
      "transformTicks": 10,
      "poseTypes": [ "SLEEP" ],
      "animations": [ "q.bedrock('seviper', 'sleep')" ]
    }
  }
}