{
	"format_version": "1.8.0",
	"animations": {
		"animation.meowscarada.ground_idle": {
			"loop": true,
			"bones": {
				"body": {
					"position": [0, -1.2, 0]
				},
				"torso_bottom": {
					"rotation": ["4+math.sin(q.anim_time*90*2)*-2", 0, 0],
					"position": [0, "math.sin(q.anim_time*90*2-80)*0.3", "0.1+math.sin(q.anim_time*90*2-60)*-0.3"]
				},
				"torso_top": {
					"rotation": ["-5+math.sin(q.anim_time*90*2+30)*3", 0, 0]
				},
				"neck": {
					"rotation": ["math.sin(q.anim_time*90*2+30)*-3", 0, 0]
				},
				"head": {
					"rotation": ["5+math.sin(q.anim_time*90*2-30)*4", 0, 0]
				},
				"mask_right2": {
					"rotation": ["math.sin(q.anim_time*90*2-60)*1-1", 0, 0]
				},
				"mask_right3": {
					"rotation": ["math.sin(q.anim_time*90*2-120)*4", 0, 0]
				},
				"mask_left2": {
					"rotation": ["math.sin(q.anim_time*90*2-60)*1-1", 0, 0]
				},
				"mask_left3": {
					"rotation": ["math.sin(q.anim_time*90*2-120)*4", 0, 0]
				},
				"head_ruff_right": {
					"rotation": [0, "math.sin(q.anim_time*90*2-60)*2", "math.sin(q.anim_time*90*2-90)*4"]
				},
				"head_ruff_right2": {
					"rotation": [0, "math.sin(q.anim_time*90*2-120)*4", "math.sin(q.anim_time*90*2-150)*6"]
				},
				"head_ruff_right3": {
					"rotation": [0, "math.sin(q.anim_time*90*2-180)*4", "math.sin(q.anim_time*90*2-210)*6"]
				},
				"head_ruff_left": {
					"rotation": [0, "-(math.sin(q.anim_time*90*2-60)*2)", "-(math.sin(q.anim_time*90*2-90)*4)"]
				},
				"head_ruff_left2": {
					"rotation": [0, "-(math.sin(q.anim_time*90*2-120)*4)", "-(math.sin(q.anim_time*90*2-150)*6)"]
				},
				"head_ruff_left3": {
					"rotation": [0, "-(math.sin(q.anim_time*90*2-180)*4)", "-(math.sin(q.anim_time*90*2-210)*6)"]
				},
				"head_ruff_back_right": {
					"rotation": ["math.sin(q.anim_time*90*2-30)*-2", 0, 0]
				},
				"head_ruff_back_right2": {
					"rotation": ["math.sin(q.anim_time*90*2-90)*-5", 0, 0]
				},
				"head_ruff_back_right3": {
					"rotation": ["math.sin(q.anim_time*90*2-150)*-5", 0, 0]
				},
				"head_ruff_back_left": {
					"rotation": ["math.sin(q.anim_time*90*2-30)*-2", 0, 0]
				},
				"head_ruff_back_left2": {
					"rotation": ["math.sin(q.anim_time*90*2-90)*-5", 0, 0]
				},
				"head_ruff_back_left3": {
					"rotation": ["math.sin(q.anim_time*90*2-150)*-5", 0, 0]
				},
				"neck_ruff": {
					"rotation": ["math.sin(q.anim_time*90*2+30)*4", 0, 0]
				},
				"arm_right": {
					"rotation": [1.29123, "14.9436+math.sin(q.anim_time*90*2-30)*1", "-57.3364+math.sin(q.anim_time*90*2-90)*1"]
				},
				"arm_right2": {
					"rotation": [0, "-25+math.sin(q.anim_time*90*2-90)*3", "-15+math.sin(q.anim_time*90*2-150)*1"]
				},
				"hand_right": {
					"rotation": [25.5, "10.5+math.sin(q.anim_time*90*2-120)*6", "-12+math.sin(q.anim_time*90*2-180)*4"]
				},
				"finger_index_right2": {
					"rotation": [0, 0, -7.5]
				},
				"finger_middle_right2": {
					"rotation": [0, 0, -7.5]
				},
				"finger_ring_right": {
					"rotation": [0, 0, -2.5]
				},
				"finger_ring_right2": {
					"rotation": [0, 0, -7.5]
				},
				"arm_left": {
					"rotation": [1.29123, "-14.9436+math.sin(q.anim_time*90*2-30)*-1", "57.3364+math.sin(q.anim_time*90*2-90)*-1"]
				},
				"arm_left2": {
					"rotation": [0, "25+math.sin(q.anim_time*90*2-90)*-3", "15+math.sin(q.anim_time*90*2-150)*-1"]
				},
				"hand_left": {
					"rotation": [25.5, "-10.5+math.sin(q.anim_time*90*2-120)*-6", "12+math.sin(q.anim_time*90*2-180)*-4"]
				},
				"finger_index_left2": {
					"rotation": [0, 0, 7.5]
				},
				"finger_middle_left2": {
					"rotation": [0, 0, 7.5]
				},
				"finger_ring_left": {
					"rotation": [0, 0, 2.5]
				},
				"finger_ring_left2": {
					"rotation": [0, 0, 7.5]
				},
				"fur_front_right": {
					"rotation": ["math.sin(q.anim_time*90*2+30)*2-1", 0, "math.sin(q.anim_time*90*2-30)*-2"]
				},
				"fur_front_left": {
					"rotation": ["math.sin(q.anim_time*90*2+30)*2-1", 0, "-(math.sin(q.anim_time*90*2-30)*-2)"]
				},
				"fur_back_right": {
					"rotation": ["math.sin(q.anim_time*90*2-30)*2", 0, "math.sin(q.anim_time*90*2-30)*-1"]
				},
				"fur_back_right2": {
					"rotation": [0, 0, "math.sin(q.anim_time*90*2-45)*-2-11.5"]
				},
				"fur_back_right3": {
					"rotation": [0, 0, "math.sin(q.anim_time*90*2-60)*-3-6.5"]
				},
				"fur_back_right_spike": {
					"rotation": [0, 0, "math.sin(q.anim_time*90*2-75)*-6"]
				},
				"fur_back_right4": {
					"rotation": [0, 0, "math.sin(q.anim_time*90*2-75)*-3"]
				},
				"fur_back_right_spike2": {
					"rotation": [0, 0, "math.sin(q.anim_time*90*2-90)*-6"]
				},
				"fur_back_right5": {
					"rotation": [0, 0, "math.sin(q.anim_time*90*2-90)*-3-2"]
				},
				"fur_back_right6": {
					"rotation": [0, 0, "math.sin(q.anim_time*90*2-120)*-6-6"]
				},
				"fur_back_left": {
					"rotation": ["math.sin(q.anim_time*90*2-30)*2", 0, "-(math.sin(q.anim_time*90*2-30)*-1)"]
				},
				"fur_back_left2": {
					"rotation": [0, 0, "-(math.sin(q.anim_time*90*2-45)*-2-11.5)"]
				},
				"fur_back_left3": {
					"rotation": [0, 0, "-(math.sin(q.anim_time*90*2-60)*-3-6.5)"]
				},
				"fur_back_left_spike": {
					"rotation": [0, 0, "-(math.sin(q.anim_time*90*2-75)*-6)"]
				},
				"fur_back_left4": {
					"rotation": [0, 0, "-(math.sin(q.anim_time*90*2-75)*-3)"]
				},
				"fur_back_left_spike2": {
					"rotation": [0, 0, "-(math.sin(q.anim_time*90*2-90)*-6)"]
				},
				"fur_back_left5": {
					"rotation": [0, 0, "-(math.sin(q.anim_time*90*2-90)*-3-2)"]
				},
				"fur_back_left6": {
					"rotation": [0, 0, "-(math.sin(q.anim_time*90*2-180)*-6-6)"]
				},
				"tail": {
					"rotation": ["math.sin(q.anim_time*90*2-60)*-6", 0, 0]
				},
				"tail2": {
					"rotation": ["math.sin(q.anim_time*90*2-90)*-3", 0, 0]
				},
				"leg_right_thigh": {
					"rotation": ["math.sin(q.anim_time*90*2-60)*1", 18, 0],
					"position": ["-0.55+math.sin(q.anim_time*90*2-60)*-0.1", "math.sin(q.anim_time*90*2-60)*0.2", "0.5+math.sin(q.anim_time*90*2-60)*-0.35"]
				},
				"leg_right": {
					"rotation": [-0.21803, -2.49048, 5.00474]
				},
				"leg_right2": {
					"rotation": ["10.5+math.sin(q.anim_time*90*2-60)*-2", 1, -2]
				},
				"leg_right3": {
					"rotation": ["-22.5+math.sin(q.anim_time*90*2-60)*2", -2, 3]
				},
				"leg_right4": {
					"rotation": ["17.5+math.sin(q.anim_time*90*2-60)*-1", 0, 0]
				},
				"foot_right": {
					"rotation": [-3, 5, -0.6]
				},
				"leg_left_thigh": {
					"rotation": ["math.sin(q.anim_time*90*2-60)*1", -18, 0],
					"position": ["0.55+math.sin(q.anim_time*90*2-60)*0.1", "math.sin(q.anim_time*90*2-60)*0.2", "0.5+math.sin(q.anim_time*90*2-60)*-0.35"]
				},
				"leg_left": {
					"rotation": [-0.21803, 2.49048, -5.00474]
				},
				"leg_left2": {
					"rotation": ["10.5+math.sin(q.anim_time*90*2-60)*-2", -1, 2]
				},
				"leg_left3": {
					"rotation": ["-22.5+math.sin(q.anim_time*90*2-60)*2", 2, -3]
				},
				"leg_left4": {
					"rotation": ["17.5+math.sin(q.anim_time*90*2-60)*-1", 0, 0]
				},
				"foot_left": {
					"rotation": [-3, -5, 0.6]
				},
				"bomb": {
					"rotation": ["math.sin(q.anim_time*90*1-30)*-30", "q.anim_time*90*2", 0],
					"position": ["2.75+math.sin(q.anim_time*90*1)*2", "-5+math.sin(q.anim_time*90*2-30)*-1", "1+math.sin(q.anim_time*90*1-90)*1"]
				},
				"hat": {
					"rotation": [-4.76039, 3.32087, 21.99762],
					"position": [-14, 5, -5],
					"scale": [1, 1, 0.9]
				},
				"fur_back_left9": {
					"rotation": [0, 0, "-(math.sin(q.anim_time*90*2-45)*-2-11.5)"]
				},
				"fur_back_left10": {
					"rotation": [0, 0, "-(math.sin(q.anim_time*90*2-75)*-3)"]
				},
				"fur_back_left11": {
					"rotation": [0, 0, "-(math.sin(q.anim_time*90*2-75)*-3)"]
				},
				"fur_back_left12": {
					"rotation": [2.5, 0, "-(math.sin(q.anim_time*90*2-180)*-6-6)"]
				},
				"scarfthing": {
					"rotation": [0, 0, 0]
				}
			}
		},
		"animation.meowscarada.battle_idle": {
			"loop": true,
			"bones": {
				"body": {
					"rotation": [0, 2.5, 0],
					"position": [0, -1.2, 2.3]
				},
				"torso_bottom": {
					"rotation": ["-1.0643+math.sin(q.anim_time*90*2)*-2", -19.99682, 0.36398],
					"position": [0, "math.sin(q.anim_time*90*2-80)*0.3", "math.sin(q.anim_time*90*2-60)*-0.3"]
				},
				"torso_top": {
					"rotation": ["-2.5+math.sin(q.anim_time*90*2+30)*3", 0, 0]
				},
				"neck": {
					"rotation": ["math.sin(q.anim_time*90*2+30)*2+8.4657", 3.53209, -0.5708]
				},
				"head": {
					"rotation": ["2+math.sin(q.anim_time*90*2-30)*4", 9.5, 0]
				},
				"mask_right2": {
					"rotation": ["math.sin(q.anim_time*90*2-60)*1-1", 0, 0]
				},
				"mask_right3": {
					"rotation": ["math.sin(q.anim_time*90*2-120)*4", 0, 0]
				},
				"mask_left2": {
					"rotation": ["math.sin(q.anim_time*90*2-60)*1-1", 0, 0]
				},
				"mask_left3": {
					"rotation": ["math.sin(q.anim_time*90*2-120)*4", 0, 0]
				},
				"head_ruff_right": {
					"rotation": [0, "math.sin(q.anim_time*90*2-60)*2", "math.sin(q.anim_time*90*2-90)*4"]
				},
				"head_ruff_right2": {
					"rotation": [0, "math.sin(q.anim_time*90*2-120)*4", "math.sin(q.anim_time*90*2-150)*6"]
				},
				"head_ruff_right3": {
					"rotation": [0, "math.sin(q.anim_time*90*2-180)*4", "math.sin(q.anim_time*90*2-210)*6"]
				},
				"head_ruff_left": {
					"rotation": [0, "-(math.sin(q.anim_time*90*2-60)*2)", "-(math.sin(q.anim_time*90*2-90)*4)"]
				},
				"head_ruff_left2": {
					"rotation": [0, "-(math.sin(q.anim_time*90*2-120)*4)", "-(math.sin(q.anim_time*90*2-150)*6)"]
				},
				"head_ruff_left3": {
					"rotation": [0, "-(math.sin(q.anim_time*90*2-180)*4)", "-(math.sin(q.anim_time*90*2-210)*6)"]
				},
				"head_ruff_back_right": {
					"rotation": ["math.sin(q.anim_time*90*2-30)*-2", 0, 0]
				},
				"head_ruff_back_right2": {
					"rotation": ["math.sin(q.anim_time*90*2-90)*-5", 0, 0]
				},
				"head_ruff_back_right3": {
					"rotation": ["math.sin(q.anim_time*90*2-150)*-5", 0, 0]
				},
				"head_ruff_back_left": {
					"rotation": ["math.sin(q.anim_time*90*2-30)*-2", 0, 0]
				},
				"head_ruff_back_left2": {
					"rotation": ["math.sin(q.anim_time*90*2-90)*-5", 0, 0]
				},
				"head_ruff_back_left3": {
					"rotation": ["math.sin(q.anim_time*90*2-150)*-5", 0, 0]
				},
				"neck_ruff": {
					"rotation": ["math.sin(q.anim_time*90*2+30)*4", 0, 0]
				},
				"arm_right": {
					"rotation": [2.36362, "4.4699+math.sin(q.anim_time*90*2-30)*1", "-42.528+math.sin(q.anim_time*90*2-90)*1"]
				},
				"arm_right2": {
					"rotation": [-34.8513, "-33.2558+math.sin(q.anim_time*90*2-90)*3", "6.7371+math.sin(q.anim_time*90*2-150)*1"],
					"position": [0, -1.1, 0]
				},
				"hand_right": {
					"rotation": [-41.49081, "5.0509+math.sin(q.anim_time*90*2-120)*6", "-0.7344+math.sin(q.anim_time*90*2-180)*4"]
				},
				"finger_index_right2": {
					"rotation": [0, 0, -32.5]
				},
				"finger_middle_right2": {
					"rotation": [0, 0, -25]
				},
				"finger_ring_right": {
					"rotation": [0, -10, -2.5]
				},
				"finger_ring_right2": {
					"rotation": [0, 0, -32.5]
				},
				"arm_left": {
					"rotation": [-46.19443, "-1.1725+math.sin(q.anim_time*90*2-30)*-6", "31.2688+math.sin(q.anim_time*90*2-90)*-1"]
				},
				"arm_left2": {
					"rotation": [-107.13804, "56.6043+math.sin(q.anim_time*90*2-90)*-3", "-9.5468+math.sin(q.anim_time*90*2-150)*-9"],
					"position": [0, -1, 0]
				},
				"hand_left": {
					"rotation": [-25.03149, "14.7575+math.sin(q.anim_time*90*2-120)*-6", "-28+math.sin(q.anim_time*90*2)*-9"]
				},
				"finger_index_left2": {
					"rotation": [0, 0, "40+math.sin(q.anim_time*90*2-90)*-8"]
				},
				"finger_middle_left2": {
					"rotation": [0, 0, "32.5+math.sin(q.anim_time*90*2-90)*-8"]
				},
				"finger_ring_left": {
					"rotation": [0, 12, "-10.5+math.sin(q.anim_time*90*2-60)*-2"]
				},
				"finger_ring_left2": {
					"rotation": [0, 0, "35+math.sin(q.anim_time*90*2-90)*-8"]
				},
				"fur_front_right": {
					"rotation": ["-5+math.sin(q.anim_time*90*2+30)*2", 0, "math.sin(q.anim_time*90*2-30)*-2"]
				},
				"fur_front_left": {
					"rotation": ["-5+math.sin(q.anim_time*90*2+30)*2", 0, "-(math.sin(q.anim_time*90*2-30)*-2)"]
				},
				"fur_back_right": {
					"rotation": ["math.sin(q.anim_time*90*2-30)*2", 0, "math.sin(q.anim_time*90*2-30)*-1"]
				},
				"fur_back_right2": {
					"rotation": [0, 0, "math.sin(q.anim_time*90*2-45)*-2"]
				},
				"fur_back_right3": {
					"rotation": [0, 0, "math.sin(q.anim_time*90*2-60)*-3"]
				},
				"fur_back_right_spike": {
					"rotation": [0, 0, "math.sin(q.anim_time*90*2-75)*-6"]
				},
				"fur_back_right4": {
					"rotation": [0, 0, "math.sin(q.anim_time*90*2-75)*-3"]
				},
				"fur_back_right_spike2": {
					"rotation": [0, 0, "math.sin(q.anim_time*90*2-90)*-6"]
				},
				"fur_back_right5": {
					"rotation": [0, 0, "math.sin(q.anim_time*90*2-90)*-3-2"]
				},
				"fur_back_right6": {
					"rotation": [0, 0, "math.sin(q.anim_time*90*2-120)*-6-6"]
				},
				"fur_back_left": {
					"rotation": ["math.sin(q.anim_time*90*2-30)*2", 0, "-(math.sin(q.anim_time*90*2-30)*-1)"]
				},
				"fur_back_left2": {
					"rotation": [0, 0, "-(math.sin(q.anim_time*90*2-45)*-2)"]
				},
				"fur_back_left3": {
					"rotation": [0, 0, "-(math.sin(q.anim_time*90*2-60)*-3)"]
				},
				"fur_back_left_spike": {
					"rotation": [0, 0, "-(math.sin(q.anim_time*90*2-75)*-6)"]
				},
				"fur_back_left4": {
					"rotation": [0, 0, "-(math.sin(q.anim_time*90*2-75)*-3)"]
				},
				"fur_back_left_spike2": {
					"rotation": [0, 0, "-(math.sin(q.anim_time*90*2-90)*-6)"]
				},
				"fur_back_left5": {
					"rotation": [0, 0, "-(math.sin(q.anim_time*90*2-90)*-3-2)"]
				},
				"fur_back_left6": {
					"rotation": [0, 0, "-(math.sin(q.anim_time*90*2-120)*-6-6)"]
				},
				"tail": {
					"rotation": ["math.sin(q.anim_time*90*2-60)*-6", 0, 0]
				},
				"tail2": {
					"rotation": ["math.sin(q.anim_time*90*2-90)*-3", 0, 0]
				},
				"leg_right_thigh": {
					"rotation": ["-3.5041+math.sin(q.anim_time*90*2-60)*1", 14.91402, -12.89469],
					"position": ["-0.55+math.sin(q.anim_time*90*2-60)*-0.05", "math.sin(q.anim_time*90*2-60)*0.2", "0.5+math.sin(q.anim_time*90*2-60)*-0.3"]
				},
				"leg_right": {
					"rotation": [-0.43441, 2.53786, 9.97144]
				},
				"leg_right2": {
					"rotation": ["0.5+math.sin(q.anim_time*90*2-60)*-2", 1, -2]
				},
				"leg_right3": {
					"rotation": ["-21.3911+math.sin(q.anim_time*90*2-60)*2", 5.90871, 6.11843]
				},
				"leg_right4": {
					"rotation": ["12.5+math.sin(q.anim_time*90*2-60)*-1", 0, 0]
				},
				"foot_right": {
					"rotation": [12, 5, -0.6]
				},
				"leg_left_thigh": {
					"rotation": ["14.1969+math.sin(q.anim_time*90*2-60)*1", -18.59357, 2.55786],
					"position": ["0.55+math.sin(q.anim_time*90*2-60)*0.1", "math.sin(q.anim_time*90*2-60)*0.2", "1+math.sin(q.anim_time*90*2-60)*-0.35"]
				},
				"leg_left": {
					"rotation": [-0.66119, 9.97117, -7.57198]
				},
				"leg_left2": {
					"rotation": ["10.5+math.sin(q.anim_time*90*2-60)*-2", -1, 2]
				},
				"leg_left3": {
					"rotation": ["-17.4215+math.sin(q.anim_time*90*2-60)*2", -4.75381, -6.26414]
				},
				"leg_left4": {
					"rotation": ["2.6466+math.sin(q.anim_time*90*2-60)*-1", 2.57518, 6.5113]
				},
				"foot_left": {
					"rotation": ["9.5+math.sin(q.anim_time*90*2-60)*2", -5, 0.6]
				},
				"bomb": {
					"rotation": ["math.sin(q.anim_time*90*1-30)*-30", "q.anim_time*90*3", 0],
					"position": ["6.75+math.sin(q.anim_time*90*1)*2", "-5+math.sin(q.anim_time*90*2-60)*-2", "1+math.sin(q.anim_time*90*1-90)*1"]
				},
				"finger_index_right": {
					"rotation": [0, 17.5, 0]
				},
				"finger_index_left": {
					"rotation": [0, -17.5, "-17.5+math.sin(q.anim_time*90*2-60)*-2"]
				},
				"finger_middle_left": {
					"rotation": [0, 0, "-12.5+math.sin(q.anim_time*90*2-60)*-2"]
				},
				"foot_left2": {
					"rotation": ["-15+math.sin(q.anim_time*90*2-60)*-2", 0, 0]
				},
				"hat": {
					"rotation": [2.5, 0, 30],
					"position": [-21, 4, -3]
				},
				"fur_back_left9": {
					"rotation": [-2.5, 0, "-(math.sin(q.anim_time*90*2-45)*-2-11.5)"]
				},
				"fur_back_left10": {
					"rotation": [0, 0, "-(math.sin(q.anim_time*90*2-75)*-3)"]
				},
				"fur_back_left11": {
					"rotation": [0, 0, "-(math.sin(q.anim_time*90*2-75)*-3)"]
				},
				"fur_back_left12": {
					"rotation": [0, 0, "-(math.sin(q.anim_time*90*2-180)*-6-6)"]
				},
				"lfront": {
					"rotation": [-17.5, 0, 0]
				},
				"leftflap": {
					"rotation": [0, 0, 7.5]
				},
				"rightflap": {
					"rotation": [0, 0, -25],
					"position": [0, 1, 0]
				},
				"Rfront": {
					"rotation": [-15, 0, 0]
				},
				"bib": {
					"rotation": [-7.5, 0, 0],
					"position": [0, 0, -5]
				}
			}
		},
		"animation.meowscarada.ground_walk": {
			"loop": true,
			"animation_length": 2,
			"bones": {
				"arm_right": {
					"rotation": ["math.sin(q.anim_time*90*4+60)*15", "math.sin(q.anim_time*90*4+90)*-15+15", "-55+math.sin(q.anim_time*90*4+60)*-2"],
					"position": [0, 0, "-0.13+math.sin(q.anim_time*90*4+30)*-0.3"]
				},
				"arm_right2": {
					"rotation": ["3+math.sin(q.anim_time*90*4+30)*10", "-26+math.sin(q.anim_time*90*4+30)*-15", -9.5]
				},
				"hand_right": {
					"rotation": ["3+math.sin(q.anim_time*90*4+30)*15", "-4.5+math.sin(q.anim_time*90*4-30)*-10", -15]
				},
				"torso_bottom": {
					"rotation": ["6+math.sin(q.anim_time*90*8-40)*-2", "math.sin(q.anim_time*90*4-90)*-15", "math.sin(q.anim_time*90*4-90)*5"],
					"position": [0, "math.sin(q.anim_time*90*8-90)*-0.3", 0]
				},
				"torso_top": {
					"rotation": ["math.sin(q.anim_time*90*8-70)*2", "math.sin(q.anim_time*90*4-120)*20", "math.sin(q.anim_time*90*4-90)*-4"]
				},
				"neck": {
					"rotation": ["math.sin(q.anim_time*90*8-70)*5", "math.sin(q.anim_time*90*4-120)*-3", "math.sin(q.anim_time*90*4-120)*-4"]
				},
				"head": {
					"rotation": ["math.sin(q.anim_time*90*8-100)*-3", "math.sin(q.anim_time*90*4-150)*-5", "math.sin(q.anim_time*90*4-150)*3"]
				},
				"mask_right2": {
					"rotation": ["math.sin(q.anim_time*90*8-120)*2-2", 0, 0]
				},
				"mask_right3": {
					"rotation": ["math.sin(q.anim_time*90*8-180)*12", 0, 0]
				},
				"mask_left2": {
					"rotation": ["math.sin(q.anim_time*90*8-120)*2-2", 0, 0]
				},
				"mask_left3": {
					"rotation": ["math.sin(q.anim_time*90*8-180)*12", 0, 0]
				},
				"head_ruff_right": {
					"rotation": [0, "math.sin(q.anim_time*90*4-150)*-4", "-(math.sin(q.anim_time*90*8-120)*-3)"]
				},
				"head_ruff_right2": {
					"rotation": [0, "math.sin(q.anim_time*90*4-210)*-6", "-(math.sin(q.anim_time*90*8-180)*-4)"]
				},
				"head_ruff_right3": {
					"rotation": [0, "math.sin(q.anim_time*90*4-270)*-8", "-(math.sin(q.anim_time*90*8-240)*-5)"]
				},
				"head_ruff_left": {
					"rotation": [0, "math.sin(q.anim_time*90*4-150)*-4", "math.sin(q.anim_time*90*8-120)*-3"]
				},
				"head_ruff_left2": {
					"rotation": [0, "math.sin(q.anim_time*90*4-210)*-6", "math.sin(q.anim_time*90*8-180)*-4"]
				},
				"head_ruff_left3": {
					"rotation": [0, "math.sin(q.anim_time*90*4-270)*-8", "math.sin(q.anim_time*90*8-240)*-5"]
				},
				"head_ruff_back_right": {
					"rotation": ["math.sin(q.anim_time*90*8-120)*-3", 0, 0]
				},
				"head_ruff_back_right2": {
					"rotation": ["math.sin(q.anim_time*90*8-160)*-4", 0, 0]
				},
				"head_ruff_back_right3": {
					"rotation": ["math.sin(q.anim_time*90*8-180)*-4", 0, 0]
				},
				"head_ruff_back_left": {
					"rotation": ["math.sin(q.anim_time*90*8-120)*-3", 0, 0]
				},
				"head_ruff_back_left2": {
					"rotation": ["math.sin(q.anim_time*90*8-160)*-4", 0, 0]
				},
				"head_ruff_back_left3": {
					"rotation": ["math.sin(q.anim_time*90*8-180)*-4", 0, 0]
				},
				"arm_left": {
					"rotation": ["math.sin(q.anim_time*90*4+60)*-15", "math.sin(q.anim_time*90*4+90)*-15-15", "55+math.sin(q.anim_time*90*4+60)*-2"],
					"position": [0, 0, "0.13+math.sin(q.anim_time*90*4+30)*0.3"]
				},
				"arm_left2": {
					"rotation": ["3+math.sin(q.anim_time*90*4+30)*-10", "26+math.sin(q.anim_time*90*4+30)*-15", 9.5]
				},
				"hand_left": {
					"rotation": ["-3+math.sin(q.anim_time*90*4+30)*-15", "-4.5+math.sin(q.anim_time*90*4-30)*-10", 15]
				},
				"tail": {
					"rotation": [0, "math.sin(q.anim_time*90*4-150)*-15", 0]
				},
				"tail2": {
					"rotation": [0, "math.sin(q.anim_time*90*4-180)*-20", 0]
				},
				"leg_right_thigh": {
					"rotation": {
						"0.0": [30.26, 0, -7.5],
						"0.0833": [30, 0, -7.5],
						"0.2917": {
							"pre": [-12.5, 0, -7.5],
							"post": [-12.5, 0, -7.5],
							"lerp_mode": "catmullrom"
						},
						"0.5": {
							"post": [-20, 0, -7.5],
							"lerp_mode": "catmullrom"
						},
						"0.6667": {
							"post": [0, 0, -7.5],
							"lerp_mode": "catmullrom"
						},
						"0.875": {
							"post": [20, 0, -7.5],
							"lerp_mode": "catmullrom"
						},
						"1.0": [30.26, 0, -7.5],
						"1.0833": [30, 0, -7.5],
						"1.2917": {
							"pre": [-12.5, 0, -7.5],
							"post": [-12.5, 0, -7.5],
							"lerp_mode": "catmullrom"
						},
						"1.5": {
							"post": [-20, 0, -7.5],
							"lerp_mode": "catmullrom"
						},
						"1.6667": {
							"post": [0, 0, -7.5],
							"lerp_mode": "catmullrom"
						},
						"1.875": {
							"post": [20, 0, -7.5],
							"lerp_mode": "catmullrom"
						},
						"2.0": {
							"post": [30.26, 0, -7.5],
							"lerp_mode": "catmullrom"
						}
					},
					"position": {
						"0.0": [-0.6, -0.78, 1.23],
						"0.2917": {
							"pre": [-0.6, 0.6, 0],
							"post": [-0.6, 0.6, 0],
							"lerp_mode": "catmullrom"
						},
						"0.5": {
							"post": [-0.6, -0.8, -0.7],
							"lerp_mode": "catmullrom"
						},
						"0.5833": [-0.6, -1.3, -0.25],
						"0.6667": [-0.6, -1.2, 0.2],
						"0.7917": [-0.6, -0.88, 0.98],
						"0.875": [-0.6, -0.7, 1.5],
						"1.0": [-0.6, -0.78, 1.23],
						"1.2917": {
							"pre": [-0.6, 0.6, 0],
							"post": [-0.6, 0.6, 0],
							"lerp_mode": "catmullrom"
						},
						"1.5": {
							"post": [-0.6, -0.8, -0.7],
							"lerp_mode": "catmullrom"
						},
						"1.5833": [-0.6, -1.3, -0.25],
						"1.6667": [-0.6, -1.2, 0.2],
						"1.7917": [-0.6, -0.88, 0.98],
						"1.875": [-0.6, -0.7, 1.5],
						"2.0": [-0.6, -0.78, 1.23]
					}
				},
				"leg_right": {
					"rotation": {
						"0.0": [0, 3.11, 4.86],
						"0.0833": [0, 2.50948, 4.98572],
						"0.5": {
							"pre": [0, -2.49048, 5.00474],
							"post": [0, -2.49048, 5.00474],
							"lerp_mode": "catmullrom"
						},
						"0.6667": {
							"post": [0, -2.4786, 7.50706],
							"lerp_mode": "catmullrom"
						},
						"0.875": {
							"post": [0, 2.50948, 4.98572],
							"lerp_mode": "catmullrom"
						},
						"1.0": [0, 3.11, 4.86],
						"1.0833": [0, 2.50948, 4.98572],
						"1.5": {
							"pre": [0, -2.49048, 5.00474],
							"post": [0, -2.49048, 5.00474],
							"lerp_mode": "catmullrom"
						},
						"1.6667": {
							"post": [0, -2.4786, 7.50706],
							"lerp_mode": "catmullrom"
						},
						"1.875": {
							"post": [0, 2.50948, 4.98572],
							"lerp_mode": "catmullrom"
						},
						"2.0": {
							"post": [0, 3.11, 4.86],
							"lerp_mode": "catmullrom"
						}
					}
				},
				"leg_right2": {
					"rotation": {
						"0.0": [-2.24, 0, 0],
						"0.0833": [15, 0, 0],
						"0.2917": {
							"pre": [37.5, 0, 0],
							"post": [37.5, 0, 0],
							"lerp_mode": "catmullrom"
						},
						"0.5": {
							"post": [5, 0, 0],
							"lerp_mode": "catmullrom"
						},
						"0.5833": [11.25, 0, 0],
						"0.6667": [7.5, 0, 0],
						"0.75": [6.4, 0, 0],
						"0.875": [-5, 0, 0],
						"1.0": [-2.24, 0, 0],
						"1.0833": [15, 0, 0],
						"1.2917": {
							"pre": [37.5, 0, 0],
							"post": [37.5, 0, 0],
							"lerp_mode": "catmullrom"
						},
						"1.5": {
							"post": [5, 0, 0],
							"lerp_mode": "catmullrom"
						},
						"1.5833": [11.25, 0, 0],
						"1.6667": [7.5, 0, 0],
						"1.75": [6.4, 0, 0],
						"1.875": {
							"pre": [-5, 0, 0],
							"post": [-5, 0, 0],
							"lerp_mode": "catmullrom"
						},
						"2.0": {
							"post": [-2.24, 0, 0],
							"lerp_mode": "catmullrom"
						}
					}
				},
				"leg_right3": {
					"rotation": {
						"0.0": [-5.52, 0, 0],
						"0.0833": {
							"pre": [-15, 0, 0],
							"post": [-15, 0, 0],
							"lerp_mode": "catmullrom"
						},
						"0.2917": {
							"post": [-57.5, 0, 0],
							"lerp_mode": "catmullrom"
						},
						"0.5": [-5, 0, 0],
						"0.5833": [-16.25, 0, 0],
						"0.6667": [-17.5, 0, 0],
						"0.75": [-16.29, 0, 0],
						"0.875": [0, 0, 0],
						"1.0": [-5.52, 0, 0],
						"1.0833": {
							"pre": [-15, 0, 0],
							"post": [-15, 0, 0],
							"lerp_mode": "catmullrom"
						},
						"1.2917": {
							"post": [-57.5, 0, 0],
							"lerp_mode": "catmullrom"
						},
						"1.5": [-5, 0, 0],
						"1.5833": [-16.25, 0, 0],
						"1.6667": [-17.5, 0, 0],
						"1.75": [-16.29, 0, 0],
						"1.875": {
							"pre": [0, 0, 0],
							"post": [0, 0, 0],
							"lerp_mode": "catmullrom"
						},
						"2.0": {
							"post": [-5.52, 0, 0],
							"lerp_mode": "catmullrom"
						}
					},
					"position": {
						"0.0": [0, 0, 0],
						"0.0833": [0, 0, 0],
						"0.2917": {
							"pre": [0, -1.6, 0],
							"post": [0, -1.6, 0],
							"lerp_mode": "catmullrom"
						},
						"0.5": {
							"post": [0, 0, 0],
							"lerp_mode": "catmullrom"
						},
						"1.0": [0, 0, 0],
						"1.0833": [0, 0, 0],
						"1.2917": {
							"pre": [0, -1.6, 0],
							"post": [0, -1.6, 0],
							"lerp_mode": "catmullrom"
						},
						"1.5": {
							"post": [0, 0, 0],
							"lerp_mode": "catmullrom"
						},
						"2.0": {
							"post": [0, 0, 0],
							"lerp_mode": "catmullrom"
						}
					}
				},
				"leg_right4": {
					"rotation": {
						"0.0": [11.7, 0, 0],
						"0.0833": [10, 0, 0],
						"0.1667": {
							"pre": [41.11, 0, 0],
							"post": [41.11, 0, 0],
							"lerp_mode": "catmullrom"
						},
						"0.3333": {
							"post": [27.5, 0, 0],
							"lerp_mode": "catmullrom"
						},
						"0.5": {
							"post": [12.5, 0, 0],
							"lerp_mode": "catmullrom"
						},
						"0.6667": {
							"post": [7.5, 0, 0],
							"lerp_mode": "catmullrom"
						},
						"0.875": {
							"post": [2.5, 0, 0],
							"lerp_mode": "catmullrom"
						},
						"1.0": [11.7, 0, 0],
						"1.0833": [10, 0, 0],
						"1.1667": {
							"pre": [41.11, 0, 0],
							"post": [41.11, 0, 0],
							"lerp_mode": "catmullrom"
						},
						"1.3333": {
							"post": [27.5, 0, 0],
							"lerp_mode": "catmullrom"
						},
						"1.5": {
							"post": [12.5, 0, 0],
							"lerp_mode": "catmullrom"
						},
						"1.6667": {
							"post": [7.5, 0, 0],
							"lerp_mode": "catmullrom"
						},
						"1.875": {
							"post": [2.5, 0, 0],
							"lerp_mode": "catmullrom"
						},
						"2.0": {
							"post": [11.7, 0, 0],
							"lerp_mode": "catmullrom"
						}
					},
					"position": {
						"0.0": [0, 0, 0],
						"0.0833": [0, 0, 0],
						"0.1667": {
							"pre": [0, 0.87, -0.1],
							"post": [0, 0.87, -0.1],
							"lerp_mode": "catmullrom"
						},
						"0.3333": {
							"post": [0, 0.2, 0],
							"lerp_mode": "catmullrom"
						},
						"0.5": {
							"post": [0, 0, 0],
							"lerp_mode": "catmullrom"
						},
						"1.0": [0, 0, 0],
						"1.0833": [0, 0, 0],
						"1.1667": {
							"pre": [0, 0.87, -0.1],
							"post": [0, 0.87, -0.1],
							"lerp_mode": "catmullrom"
						},
						"1.3333": {
							"post": [0, 0.2, 0],
							"lerp_mode": "catmullrom"
						},
						"1.5": {
							"post": [0, 0, 0],
							"lerp_mode": "catmullrom"
						},
						"2.0": {
							"post": [0, 0, 0],
							"lerp_mode": "catmullrom"
						}
					}
				},
				"foot_right": {
					"rotation": {
						"0.0": [23.5, 0, 0],
						"0.0833": [47.5, 0, 0],
						"0.1667": {
							"pre": [77.5, 0, 0],
							"post": [77.5, 0, 0],
							"lerp_mode": "catmullrom"
						},
						"0.2917": {
							"post": [107.5, 0, 0],
							"lerp_mode": "catmullrom"
						},
						"0.5": [7.5, 0, 0],
						"0.6667": [3, 0, 0],
						"0.875": [5, 0, 0],
						"1.0": [23.5, 0, 0],
						"1.0833": [47.5, 0, 0],
						"1.1667": {
							"pre": [77.5, 0, 0],
							"post": [77.5, 0, 0],
							"lerp_mode": "catmullrom"
						},
						"1.2917": {
							"post": [107.5, 0, 0],
							"lerp_mode": "catmullrom"
						},
						"1.5": [7.5, 0, 0],
						"1.6667": [3, 0, 0],
						"1.875": {
							"pre": [5, 0, 0],
							"post": [5, 0, 0],
							"lerp_mode": "catmullrom"
						},
						"2.0": {
							"post": [23.5, 0, 0],
							"lerp_mode": "catmullrom"
						}
					},
					"position": {
						"0.0": [0, 0, 0],
						"0.0833": [0, 0, 0],
						"0.1667": {
							"pre": [0, 1.1, -0.02],
							"post": [0, 1.1, -0.02],
							"lerp_mode": "catmullrom"
						},
						"0.2917": {
							"post": [0, 2, -0.8],
							"lerp_mode": "catmullrom"
						},
						"0.5": {
							"post": [0, 0, 0],
							"lerp_mode": "catmullrom"
						},
						"1.0": [0, 0, 0],
						"1.0833": [0, 0, 0],
						"1.1667": {
							"pre": [0, 1.1, -0.02],
							"post": [0, 1.1, -0.02],
							"lerp_mode": "catmullrom"
						},
						"1.2917": {
							"post": [0, 2, -0.8],
							"lerp_mode": "catmullrom"
						},
						"1.5": {
							"post": [0, 0, 0],
							"lerp_mode": "catmullrom"
						},
						"2.0": {
							"post": [0, 0, 0],
							"lerp_mode": "catmullrom"
						}
					}
				},
				"foot_right2": {
					"rotation": {
						"0.0": {
							"post": [-53.87, 0, 0],
							"lerp_mode": "catmullrom"
						},
						"0.0833": {
							"post": [18, 0, 0],
							"lerp_mode": "catmullrom"
						},
						"0.1667": {
							"post": [24, 0, 0],
							"lerp_mode": "catmullrom"
						},
						"0.2917": {
							"post": [25.5, 0, 0],
							"lerp_mode": "catmullrom"
						},
						"0.5": {
							"post": [0, 0, 0],
							"lerp_mode": "catmullrom"
						},
						"0.6667": {
							"post": [0, 0, 0],
							"lerp_mode": "catmullrom"
						},
						"0.875": {
							"post": [-22, 0, 0],
							"lerp_mode": "catmullrom"
						},
						"1.0": {
							"post": [-53.87, 0, 0],
							"lerp_mode": "catmullrom"
						},
						"1.0833": {
							"post": [18, 0, 0],
							"lerp_mode": "catmullrom"
						},
						"1.1667": {
							"post": [24, 0, 0],
							"lerp_mode": "catmullrom"
						},
						"1.2917": {
							"post": [25.5, 0, 0],
							"lerp_mode": "catmullrom"
						},
						"1.5": {
							"post": [0, 0, 0],
							"lerp_mode": "catmullrom"
						},
						"1.6667": {
							"post": [0, 0, 0],
							"lerp_mode": "catmullrom"
						},
						"1.875": {
							"post": [-22, 0, 0],
							"lerp_mode": "catmullrom"
						},
						"2.0": {
							"post": [-53.87, 0, 0],
							"lerp_mode": "catmullrom"
						}
					},
					"position": {
						"0.0": [0, -1.1, -1.3],
						"0.0833": [0, 0.9, -0.2],
						"0.1667": {
							"pre": [0, 1.22, -0.24],
							"post": [0, 1.22, -0.24],
							"lerp_mode": "catmullrom"
						},
						"0.2917": {
							"post": [0, 1.3, -0.1],
							"lerp_mode": "catmullrom"
						},
						"0.5": {
							"post": [0, 0, 0],
							"lerp_mode": "catmullrom"
						},
						"0.875": {
							"post": [0, 0, 0],
							"lerp_mode": "catmullrom"
						},
						"1.0": [0, -1.1, -1.3],
						"1.0833": [0, 0.9, -0.2],
						"1.1667": {
							"pre": [0, 1.22, -0.24],
							"post": [0, 1.22, -0.24],
							"lerp_mode": "catmullrom"
						},
						"1.2917": {
							"post": [0, 1.3, -0.1],
							"lerp_mode": "catmullrom"
						},
						"1.5": {
							"post": [0, 0, 0],
							"lerp_mode": "catmullrom"
						},
						"1.875": {
							"post": [0, 0, 0],
							"lerp_mode": "catmullrom"
						},
						"2.0": {
							"post": [0, -1.1, -1.3],
							"lerp_mode": "catmullrom"
						}
					}
				},
				"leg_left_thigh": {
					"rotation": {
						"0.0": {
							"post": [-20, 0, 7.5],
							"lerp_mode": "catmullrom"
						},
						"0.1667": {
							"post": [0, 0, 7.5],
							"lerp_mode": "catmullrom"
						},
						"0.375": {
							"post": [20, 0, 7.5],
							"lerp_mode": "catmullrom"
						},
						"0.5833": {
							"post": [30, 0, 7.5],
							"lerp_mode": "catmullrom"
						},
						"0.7917": {
							"post": [-12.5, 0, 7.5],
							"lerp_mode": "catmullrom"
						},
						"1.0": {
							"post": [-20, 0, 7.5],
							"lerp_mode": "catmullrom"
						},
						"1.1667": {
							"post": [0, 0, 7.5],
							"lerp_mode": "catmullrom"
						},
						"1.375": {
							"post": [20, 0, 7.5],
							"lerp_mode": "catmullrom"
						},
						"1.5833": {
							"post": [30, 0, 7.5],
							"lerp_mode": "catmullrom"
						},
						"1.7917": {
							"post": [-12.5, 0, 7.5],
							"lerp_mode": "catmullrom"
						},
						"2.0": {
							"post": [-20, 0, 7.5],
							"lerp_mode": "catmullrom"
						}
					},
					"position": {
						"0.0": [0.6, -0.8, -0.7],
						"0.0833": [0.6, -1.3, -0.25],
						"0.1667": [0.6, -1.2, 0.2],
						"0.2917": [0.6, -0.88, 0.98],
						"0.375": [0.6, -0.7, 1.5],
						"0.5": [0.6, -0.78, 1.23],
						"0.7917": [0.6, 0.6, 0],
						"1.0": [0.6, -0.8, -0.7],
						"1.0833": [0.6, -1.3, -0.25],
						"1.1667": [0.6, -1.2, 0.2],
						"1.2917": [0.6, -0.88, 0.98],
						"1.375": [0.6, -0.7, 1.5],
						"1.5": [0.6, -0.78, 1.23],
						"1.7917": {
							"pre": [0.6, 0.6, 0],
							"post": [0.6, 0.6, 0],
							"lerp_mode": "catmullrom"
						},
						"2.0": {
							"post": [0.6, -0.8, -0.7],
							"lerp_mode": "catmullrom"
						}
					}
				},
				"leg_left": {
					"rotation": {
						"0.0": {
							"post": [0, 2.49048, -5.00474],
							"lerp_mode": "catmullrom"
						},
						"0.1667": {
							"post": [0, 2.4786, -7.50706],
							"lerp_mode": "catmullrom"
						},
						"0.375": {
							"post": [0, -2.50948, -4.98572],
							"lerp_mode": "catmullrom"
						},
						"0.5833": {
							"post": [0, -2.50948, -4.98572],
							"lerp_mode": "catmullrom"
						},
						"1.0": {
							"post": [0, 2.49048, -5.00474],
							"lerp_mode": "catmullrom"
						},
						"1.1667": {
							"post": [0, 2.4786, -7.50706],
							"lerp_mode": "catmullrom"
						},
						"1.375": {
							"post": [0, -2.50948, -4.98572],
							"lerp_mode": "catmullrom"
						},
						"1.5833": {
							"post": [0, -2.50948, -4.98572],
							"lerp_mode": "catmullrom"
						},
						"2.0": {
							"post": [0, 2.49048, -5.00474],
							"lerp_mode": "catmullrom"
						}
					}
				},
				"leg_left2": {
					"rotation": {
						"0.0": [5, 0, 0],
						"0.0833": [11.25, 0, 0],
						"0.1667": [7.5, 0, 0],
						"0.25": [6.4, 0, 0],
						"0.375": {
							"pre": [-5, 0, 0],
							"post": [-5, 0, 0],
							"lerp_mode": "catmullrom"
						},
						"0.5": {
							"post": [-2.24, 0, 0],
							"lerp_mode": "catmullrom"
						},
						"0.5833": {
							"post": [15, 0, 0],
							"lerp_mode": "catmullrom"
						},
						"0.7917": {
							"post": [37.5, 0, 0],
							"lerp_mode": "catmullrom"
						},
						"1.0": [5, 0, 0],
						"1.0833": [11.25, 0, 0],
						"1.1667": [7.5, 0, 0],
						"1.25": [6.4, 0, 0],
						"1.375": {
							"pre": [-5, 0, 0],
							"post": [-5, 0, 0],
							"lerp_mode": "catmullrom"
						},
						"1.5": {
							"post": [-2.24, 0, 0],
							"lerp_mode": "catmullrom"
						},
						"1.5833": {
							"post": [15, 0, 0],
							"lerp_mode": "catmullrom"
						},
						"1.7917": {
							"post": [37.5, 0, 0],
							"lerp_mode": "catmullrom"
						},
						"2.0": {
							"post": [5, 0, 0],
							"lerp_mode": "catmullrom"
						}
					}
				},
				"leg_left3": {
					"rotation": {
						"0.0": [-5, 0, 0],
						"0.0833": [-16.25, 0, 0],
						"0.1667": [-17.5, 0, 0],
						"0.25": [-16.29, 0, 0],
						"0.375": {
							"pre": [0, 0, 0],
							"post": [0, 0, 0],
							"lerp_mode": "catmullrom"
						},
						"0.5833": {
							"post": [-15, 0, 0],
							"lerp_mode": "catmullrom"
						},
						"0.7917": {
							"post": [-57.5, 0, 0],
							"lerp_mode": "catmullrom"
						},
						"1.0": [-5, 0, 0],
						"1.0833": [-16.25, 0, 0],
						"1.1667": [-17.5, 0, 0],
						"1.25": [-16.29, 0, 0],
						"1.375": {
							"pre": [0, 0, 0],
							"post": [0, 0, 0],
							"lerp_mode": "catmullrom"
						},
						"1.5833": {
							"post": [-15, 0, 0],
							"lerp_mode": "catmullrom"
						},
						"1.7917": {
							"post": [-57.5, 0, 0],
							"lerp_mode": "catmullrom"
						},
						"2.0": {
							"post": [-5, 0, 0],
							"lerp_mode": "catmullrom"
						}
					},
					"position": {
						"0.5833": {
							"pre": [0, 0, 0],
							"post": [0, 0, 0],
							"lerp_mode": "catmullrom"
						},
						"0.7917": {
							"post": [0, -1.6, 0],
							"lerp_mode": "catmullrom"
						},
						"1.0": {
							"post": [0, 0, 0],
							"lerp_mode": "catmullrom"
						},
						"1.5833": {
							"post": [0, 0, 0],
							"lerp_mode": "catmullrom"
						},
						"1.7917": {
							"post": [0, -1.6, 0],
							"lerp_mode": "catmullrom"
						},
						"2.0": {
							"post": [0, 0, 0],
							"lerp_mode": "catmullrom"
						}
					}
				},
				"leg_left4": {
					"rotation": {
						"0.0": {
							"post": [12.5, 0, 0],
							"lerp_mode": "catmullrom"
						},
						"0.1667": {
							"post": [7.5, 0, 0],
							"lerp_mode": "catmullrom"
						},
						"0.375": {
							"post": [2.5, 0, 0],
							"lerp_mode": "catmullrom"
						},
						"0.5": {
							"post": [11.7, 0, 0],
							"lerp_mode": "catmullrom"
						},
						"0.5833": {
							"post": [10, 0, 0],
							"lerp_mode": "catmullrom"
						},
						"0.6667": {
							"post": [41.11, 0, 0],
							"lerp_mode": "catmullrom"
						},
						"0.8333": {
							"post": [27.5, 0, 0],
							"lerp_mode": "catmullrom"
						},
						"1.0": {
							"post": [12.5, 0, 0],
							"lerp_mode": "catmullrom"
						},
						"1.1667": {
							"post": [7.5, 0, 0],
							"lerp_mode": "catmullrom"
						},
						"1.375": {
							"post": [2.5, 0, 0],
							"lerp_mode": "catmullrom"
						},
						"1.5": {
							"post": [11.7, 0, 0],
							"lerp_mode": "catmullrom"
						},
						"1.5833": {
							"post": [10, 0, 0],
							"lerp_mode": "catmullrom"
						},
						"1.6667": {
							"post": [41.11, 0, 0],
							"lerp_mode": "catmullrom"
						},
						"1.8333": {
							"post": [27.5, 0, 0],
							"lerp_mode": "catmullrom"
						},
						"2.0": {
							"post": [12.5, 0, 0],
							"lerp_mode": "catmullrom"
						}
					},
					"position": {
						"0.5833": {
							"pre": [0, 0, 0],
							"post": [0, 0, 0],
							"lerp_mode": "catmullrom"
						},
						"0.6667": {
							"post": [0, 0.87, -0.1],
							"lerp_mode": "catmullrom"
						},
						"0.8333": {
							"post": [0, 0.2, 0],
							"lerp_mode": "catmullrom"
						},
						"1.0": {
							"post": [0, 0, 0],
							"lerp_mode": "catmullrom"
						},
						"1.5833": {
							"post": [0, 0, 0],
							"lerp_mode": "catmullrom"
						},
						"1.6667": {
							"post": [0, 0.87, -0.1],
							"lerp_mode": "catmullrom"
						},
						"1.8333": {
							"post": [0, 0.2, 0],
							"lerp_mode": "catmullrom"
						},
						"2.0": {
							"post": [0, 0, 0],
							"lerp_mode": "catmullrom"
						}
					}
				},
				"foot_left": {
					"rotation": {
						"0.0": {
							"post": [7.5, 0, 0],
							"lerp_mode": "catmullrom"
						},
						"0.1667": {
							"post": [3, 0, 0],
							"lerp_mode": "catmullrom"
						},
						"0.375": {
							"post": [5, 0, 0],
							"lerp_mode": "catmullrom"
						},
						"0.4583": {
							"post": [23.5, 0, 0],
							"lerp_mode": "catmullrom"
						},
						"0.5833": {
							"post": [47.5, 0, 0],
							"lerp_mode": "catmullrom"
						},
						"0.6667": {
							"post": [77.5, 0, 0],
							"lerp_mode": "catmullrom"
						},
						"0.7917": {
							"post": [107.5, 0, 0],
							"lerp_mode": "catmullrom"
						},
						"1.0": [7.5, 0, 0],
						"1.1667": [3, 0, 0],
						"1.375": {
							"pre": [5, 0, 0],
							"post": [5, 0, 0],
							"lerp_mode": "catmullrom"
						},
						"1.4583": {
							"post": [23.5, 0, 0],
							"lerp_mode": "catmullrom"
						},
						"1.5833": {
							"post": [47.5, 0, 0],
							"lerp_mode": "catmullrom"
						},
						"1.6667": {
							"post": [77.5, 0, 0],
							"lerp_mode": "catmullrom"
						},
						"1.7917": {
							"post": [107.5, 0, 0],
							"lerp_mode": "catmullrom"
						},
						"2.0": {
							"post": [7.5, 0, 0],
							"lerp_mode": "catmullrom"
						}
					},
					"position": {
						"0.5833": {
							"pre": [0, 0, 0],
							"post": [0, 0, 0],
							"lerp_mode": "catmullrom"
						},
						"0.6667": {
							"post": [0, 1.1, -0.02],
							"lerp_mode": "catmullrom"
						},
						"0.7917": {
							"post": [0, 2, -0.8],
							"lerp_mode": "catmullrom"
						},
						"1.0": {
							"post": [0, 0, 0],
							"lerp_mode": "catmullrom"
						},
						"1.5833": {
							"post": [0, 0, 0],
							"lerp_mode": "catmullrom"
						},
						"1.6667": {
							"post": [0, 1.1, -0.02],
							"lerp_mode": "catmullrom"
						},
						"1.7917": {
							"post": [0, 2, -0.8],
							"lerp_mode": "catmullrom"
						},
						"2.0": {
							"post": [0, 0, 0],
							"lerp_mode": "catmullrom"
						}
					}
				},
				"foot_left2": {
					"rotation": {
						"0.0": {
							"post": [0, 0, 0],
							"lerp_mode": "catmullrom"
						},
						"0.1667": {
							"post": [0, 0, 0],
							"lerp_mode": "catmullrom"
						},
						"0.375": {
							"post": [-22, 0, 0],
							"lerp_mode": "catmullrom"
						},
						"0.5": {
							"post": [-53.87, 0, 0],
							"lerp_mode": "catmullrom"
						},
						"0.5833": {
							"post": [18, 0, 0],
							"lerp_mode": "catmullrom"
						},
						"0.6667": {
							"post": [24, 0, 0],
							"lerp_mode": "catmullrom"
						},
						"0.7917": {
							"post": [25.5, 0, 0],
							"lerp_mode": "catmullrom"
						},
						"1.0": {
							"post": [0, 0, 0],
							"lerp_mode": "catmullrom"
						},
						"1.1667": {
							"post": [0, 0, 0],
							"lerp_mode": "catmullrom"
						},
						"1.375": {
							"post": [-22, 0, 0],
							"lerp_mode": "catmullrom"
						},
						"1.5": {
							"post": [-53.87, 0, 0],
							"lerp_mode": "catmullrom"
						},
						"1.5833": {
							"post": [18, 0, 0],
							"lerp_mode": "catmullrom"
						},
						"1.6667": {
							"post": [24, 0, 0],
							"lerp_mode": "catmullrom"
						},
						"1.7917": {
							"post": [25.5, 0, 0],
							"lerp_mode": "catmullrom"
						},
						"2.0": {
							"post": [0, 0, 0],
							"lerp_mode": "catmullrom"
						}
					},
					"position": {
						"0.0": {
							"post": [0, 0, 0],
							"lerp_mode": "catmullrom"
						},
						"0.375": {
							"post": [0, 0, 0],
							"lerp_mode": "catmullrom"
						},
						"0.5": {
							"post": [0, -1.1, -1.3],
							"lerp_mode": "catmullrom"
						},
						"0.5833": {
							"post": [0, 0.9, -0.2],
							"lerp_mode": "catmullrom"
						},
						"0.6667": {
							"post": [0, 1.22, -0.24],
							"lerp_mode": "catmullrom"
						},
						"0.7917": {
							"post": [0, 1.3, -0.1],
							"lerp_mode": "catmullrom"
						},
						"1.0": {
							"post": [0, 0, 0],
							"lerp_mode": "catmullrom"
						},
						"1.375": {
							"post": [0, 0, 0],
							"lerp_mode": "catmullrom"
						},
						"1.5": {
							"post": [0, -1.1, -1.3],
							"lerp_mode": "catmullrom"
						},
						"1.5833": {
							"post": [0, 0.9, -0.2],
							"lerp_mode": "catmullrom"
						},
						"1.6667": {
							"post": [0, 1.22, -0.24],
							"lerp_mode": "catmullrom"
						},
						"1.7917": {
							"post": [0, 1.3, -0.1],
							"lerp_mode": "catmullrom"
						},
						"2.0": {
							"post": [0, 0, 0],
							"lerp_mode": "catmullrom"
						}
					}
				},
				"bomb": {
					"rotation": ["math.sin(q.anim_time*90*2-30)*-10-20", "q.anim_time*90*2", "math.sin(q.anim_time*90*2+60)*20"],
					"position": [
						"2+math.sin(q.anim_time*90*2)*2",
						"-2+math.sin(q.anim_time*90*4+30)*0.5+math.sin(q.anim_time*90*8+30)*0.5",
						"12+math.sin(q.anim_time*90*2-90)*2"
					]
				},
				"body": {
					"position": [0, 0, "math.sin(q.anim_time*90*8)*0.2"]
				},
				"fur_back_right": {
					"rotation": ["math.sin(q.anim_time*90*4-30)*-6", 0, "math.sin(q.anim_time*90*4-30)*-1"]
				},
				"fur_back_right2": {
					"rotation": ["math.sin(q.anim_time*90*4-45)*-4", 0, "math.sin(q.anim_time*90*4-45)*-2-11.5"]
				},
				"fur_back_right3": {
					"rotation": ["7.5+math.sin(q.anim_time*90*4-60)*-4", 0, "math.sin(q.anim_time*90*4-60)*-3-6.5"]
				},
				"fur_back_right_spike": {
					"rotation": [0, "-(math.sin(q.anim_time*90*4-75)*-14)", "math.sin(q.anim_time*90*4-75)*-6"]
				},
				"fur_back_right4": {
					"rotation": ["5+math.sin(q.anim_time*90*4-75)*-4", 0, "math.sin(q.anim_time*90*4-75)*-3"]
				},
				"fur_back_right_spike2": {
					"rotation": [0, "-(math.sin(q.anim_time*90*4-90)*-14)", "math.sin(q.anim_time*90*4-90)*-6"]
				},
				"fur_back_right5": {
					"rotation": ["7.5+math.sin(q.anim_time*90*4-90)*-5", 0, "math.sin(q.anim_time*90*2-90)*-3-2"]
				},
				"fur_back_right6": {
					"rotation": ["math.sin(q.anim_time*90*4-90)*-6+40", 0, "math.sin(q.anim_time*90*2-120)*-6-6"]
				},
				"fur_back_left": {
					"rotation": ["math.sin(q.anim_time*90*4-30)*6", 0, "-(math.sin(q.anim_time*90*4-30)*-1)"]
				},
				"fur_back_left2": {
					"rotation": ["math.sin(q.anim_time*90*4-45)*4", 0, "-(math.sin(q.anim_time*90*4-45)*-2-11.5)"]
				},
				"fur_back_left3": {
					"rotation": ["7.5+math.sin(q.anim_time*90*4-60)*4", 0, "0-(math.sin(q.anim_time*90*4-60)*-3-6.5)"]
				},
				"fur_back_left_spike": {
					"rotation": [0, "math.sin(q.anim_time*90*4-75)*-14", "-(math.sin(q.anim_time*90*4-75)*-6)"]
				},
				"fur_back_left4": {
					"rotation": ["5+math.sin(q.anim_time*90*4-75)*4", 0, "-(math.sin(q.anim_time*90*4-75)*-3)"]
				},
				"fur_back_left_spike2": {
					"rotation": [0, "math.sin(q.anim_time*90*4-90)*-14", "-(math.sin(q.anim_time*90*4-90)*-6)"]
				},
				"fur_back_left5": {
					"rotation": ["7.5+math.sin(q.anim_time*90*4-90)*5", 0, "0-(math.sin(q.anim_time*90*2-90)*-3-2)"]
				},
				"fur_back_left6": {
					"rotation": ["math.sin(q.anim_time*90*4-90)*6+40", 0, "-(math.sin(q.anim_time*90*2-120)*-6-6)"]
				},
				"fur_back_left9": {
					"rotation": [2.5, 0, "-(math.sin(q.anim_time*90*2-45)*-2-11.5)"]
				},
				"fur_back_left10": {
					"rotation": [0, 0, "-(math.sin(q.anim_time*90*2-75)*-3)"]
				},
				"fur_back_left11": {
					"rotation": [0, 0, "-(math.sin(q.anim_time*90*2-75)*-3)"]
				},
				"fur_back_left12": {
					"rotation": [0, 0, "-(math.sin(q.anim_time*90*2-180)*-6-6)"]
				},
				"hat": {
					"rotation": [0, 0, 27.5],
					"position": [-19, 5, -3]
				}
			}
		},
		"animation.meowscarada.sleep": {
			"loop": true,
			"animation_length": 4,
			"bones": {
				"body": {
					"rotation": [-17.5, 4.5, -81],
					"position": [28, "2.5+math.sin(q.anim_time*90*1-150)*-0.2", 0]
				},
				"torso_bottom": {
					"rotation": [24.24769, 6.27967, -13.64973]
				},
				"torso_top": {
					"rotation": [30.5862, -1.71125, "7.687+math.sin(q.anim_time*90*1-90)*2"]
				},
				"neck": {
					"rotation": [14.07621, -0.2291, 20.58945]
				},
				"head": {
					"rotation": ["-21.4801+math.sin(q.anim_time*90*1+90)*3", 13.31463, "18.5509+math.sin(q.anim_time*90*1-180)*1"],
					"position": [-2, 0, 0]
				},
				"eyelid_right": {
					"position": [0, 0, -0.1]
				},
				"eyelid_left": {
					"position": [0, 0, -0.1]
				},
				"neck_ruff_front": {
					"rotation": [5, 0, 0]
				},
				"arm_right": {
					"rotation": [-11.03866, 14.3956, "51.7689+math.sin(q.anim_time*90*1-90)*-4"],
					"position": [1.7, 0.75, 0]
				},
				"arm_right2": {
					"rotation": ["-37.736+math.sin(q.anim_time*90*1-90)*-2", -74.40757, "74.3083+math.sin(q.anim_time*90*1-90)*4"],
					"position": [-1.5, 0.5, 0.75]
				},
				"hand_right": {
					"rotation": [-9.04764, -40.33308, "-17.0979+math.sin(q.anim_time*90*1-120)*5"],
					"position": [0, 0, 0.5]
				},
				"finger_index_right": {
					"rotation": [-7.5, 0, 12.5],
					"position": [0.25, 0, 0]
				},
				"finger_index_right2": {
					"rotation": [0, 0, -20]
				},
				"finger_middle_right": {
					"rotation": [0, 0, -2.5]
				},
				"finger_middle_right2": {
					"rotation": [0, 0, -22.5]
				},
				"finger_ring_right": {
					"rotation": [0, 0, -5]
				},
				"finger_ring_right2": {
					"rotation": [0, 0, -17.5]
				},
				"arm_left": {
					"rotation": [103.5006, "45.7688+math.sin(q.anim_time*90*1-120)*-2", "-208.037+math.sin(q.anim_time*90*1-120)*-2"],
					"position": [0, -0.5, -1]
				},
				"arm_left2": {
					"rotation": [-63.09908, "70.2237+math.sin(q.anim_time*90*1-120)*-4", "-47.2857+math.sin(q.anim_time*90*1-120)*-6"],
					"position": [0.25, -0.5, 0]
				},
				"hand_left": {
					"rotation": ["-8.2421+math.sin(q.anim_time*90*1-120)*2", "26.3518+math.sin(q.anim_time*90*1-120)*3", -48.48475]
				},
				"finger_index_left": {
					"rotation": [-15, 0, 5],
					"position": [-0.25, 0, 0.15]
				},
				"finger_index_left2": {
					"rotation": [0, 0, 92.5],
					"position": [0.2, -0.75, 0]
				},
				"finger_middle_left": {
					"rotation": [5.12076, 12.45167, 1.10693]
				},
				"finger_middle_left2": {
					"rotation": [7.5, 0, 22.5]
				},
				"finger_ring_left": {
					"rotation": [63.96608, 48.98164, 47.84575]
				},
				"finger_ring_left2": {
					"rotation": [0, 0, 17.5]
				},
				"fur_front_left": {
					"rotation": [0, 0, 27.5]
				},
				"fur_back_right": {
					"rotation": [4.70042, 26.11218, "42.5727+math.sin(q.anim_time*90*1-90)*-2"]
				},
				"fur_back_right2": {
					"rotation": [5.98004, 14.4703, -48.03694],
					"position": [-0.5, 1.5, 0]
				},
				"fur_back_right3": {
					"rotation": [23.13155, 18.80008, -27.62544],
					"position": [0, 0.75, -1.25]
				},
				"fur_back_right_spike": {
					"rotation": [-5.04292, 7.4713, -0.6574]
				},
				"fur_back_right4": {
					"rotation": [4.29622, 5.72429, -37.6948],
					"position": [-0.3, 3.3, -0.5]
				},
				"fur_back_right_spike2": {
					"rotation": [-5, 0, 0]
				},
				"fur_back_right5": {
					"rotation": [7.5, 0, 0]
				},
				"fur_back_right6": {
					"rotation": [30, 0, -7.5]
				},
				"tail": {
					"rotation": [-75.18392, -14.90835, 20.30179],
					"position": [0, -1.75, 0]
				},
				"leg_right_thigh": {
					"rotation": [-50.5, -3, "-15.5+math.sin(q.anim_time*90*1-150)*-1"],
					"position": [-1.3, 0, 0]
				},
				"leg_right": {
					"rotation": [0, 0, 17.5]
				},
				"leg_right2": {
					"rotation": [42.46148, 9.99038, -0.44067],
					"position": [-0.25, 0, 0]
				},
				"leg_right3": {
					"rotation": [-16.7554, -6.35707, "3.5+math.sin(q.anim_time*90*1-180)*0.5"],
					"position": [-0.4, 0, 0]
				},
				"leg_right4": {
					"rotation": [42.5, 0, 0],
					"position": [0, 0.75, -0.15]
				},
				"foot_right": {
					"rotation": [105, 0, 0],
					"position": [0, 1.9, -0.6]
				},
				"foot_right2": {
					"rotation": [17.5, 0, 0],
					"position": [0, 0.9, -0.1]
				},
				"leg_left_thigh": {
					"rotation": [-35.5, -0.5, "12.5+math.sin(q.anim_time*90*1-150)*-1"],
					"position": [-0.1, -2.25, 0.5]
				},
				"leg_left2": {
					"rotation": [43.5, 0, -2],
					"position": [0.1, 0, 0]
				},
				"leg_left3": {
					"rotation": [-18, -6, "4+math.sin(q.anim_time*90*1-180)*-2"],
					"position": [-0.5, -0.2, 0]
				},
				"leg_left4": {
					"rotation": [42, "4.5+math.sin(q.anim_time*90*1-180)*-1", "-14+math.sin(q.anim_time*90*1-180)*3"],
					"position": [0, 1.15, -0.15]
				},
				"foot_left": {
					"rotation": [105, 0, 0],
					"position": [0, 1.9, -0.6]
				},
				"foot_left2": {
					"rotation": [17.5, 0, 0],
					"position": [0, 0.9, -0.1]
				},
				"fur_back_left": {
					"rotation": [-10.47722, 6.53143, "40.5341+math.sin(q.anim_time*90*1-90)*-2"]
				},
				"fur_back_left2": {
					"rotation": [-6.68271, 29.99105, 7.57908],
					"position": [0.3, 0, 1]
				},
				"fur_back_left3": {
					"rotation": [26.88709, -1.60483, 7.46459]
				},
				"fur_back_left_spike": {
					"rotation": [0, 0, 32.5]
				},
				"fur_back_left4": {
					"rotation": [0.79064, 17.70074, 2.61433],
					"position": [0, 0, 1.5]
				},
				"fur_back_left_spike2": {
					"rotation": [0, 0, 25]
				},
				"fur_back_left5": {
					"rotation": [-0.42316, 4.03527, 1.69407],
					"position": [0.3, -0.3, -0.3]
				},
				"fur_back_left6": {
					"rotation": [40.75983, 17.50682, -1.71433],
					"position": [0, 0.75, -0.85]
				},
				"mask_right2": {
					"rotation": [0, 0, -7.5]
				},
				"mask_right3": {
					"rotation": [-20, 0, 0]
				},
				"mask_left2": {
					"rotation": [-4.88206, -1.08089, -12.45392]
				},
				"mask_left3": {
					"rotation": [-25, 0, 0]
				},
				"head_ruff_right": {
					"rotation": [0, 0, "math.sin(q.anim_time*90*1+30)*3"]
				},
				"head_ruff_right2": {
					"rotation": [0, -10, "math.sin(q.anim_time*90*1-30)*4"]
				},
				"head_ruff_right3": {
					"rotation": [0, -10, "math.sin(q.anim_time*90*1-60)*4"]
				},
				"head_ruff_left": {
					"rotation": [0, "-5+math.sin(q.anim_time*90*1-30)*-3", "math.sin(q.anim_time*90*1+30)*3"]
				},
				"head_ruff_left2": {
					"rotation": [-3, "26+math.sin(q.anim_time*90*1-90)*-2", "18+math.sin(q.anim_time*90*1+30)*3"]
				},
				"head_ruff_left3": {
					"rotation": [8, "37.5+math.sin(q.anim_time*90*1)*8", "18+math.sin(q.anim_time*90*1+30)*3"]
				},
				"head_ruff_back_right": {
					"rotation": ["-8+math.sin(q.anim_time*90*1-30)*3", "-9.5+math.sin(q.anim_time*90*1-60)*-3", 3]
				},
				"head_ruff_back_right2": {
					"rotation": ["4+math.sin(q.anim_time*90*1-60)*3", "-21+math.sin(q.anim_time*90*1-90)*-3", -18.5],
					"position": [-0.4, -0.25, 0]
				},
				"head_ruff_back_right3": {
					"rotation": ["math.sin(q.anim_time*90*1-90)*3", "-45+math.sin(q.anim_time*90*1-120)*-3", 0]
				},
				"head_ruff_back_left": {
					"rotation": ["math.sin(q.anim_time*90*1-30)*3", "-15+math.sin(q.anim_time*90*1-60)*-3", 0]
				},
				"head_ruff_back_left2": {
					"rotation": ["4+math.sin(q.anim_time*90*1-60)*3", "-25.4+math.sin(q.anim_time*90*1-90)*-3", -17],
					"position": [-0.25, -0.5, 0]
				},
				"head_ruff_back_left3": {
					"rotation": ["math.sin(q.anim_time*90*1-90)*3", "-60+math.sin(q.anim_time*90*1-120)*-3", 0]
				},
				"neck_ruff_right3": {
					"rotation": [-66.40781, 54.58054, 53.85417],
					"position": [-0.75, 0.75, 1.25]
				},
				"neck_ruff_left": {
					"rotation": [7.5, 0, 0],
					"position": [0, 1, 0]
				},
				"neck_ruff_left3": {
					"rotation": [-90.52884, 20.76802, -24.17265],
					"position": [1.95, 2.6, 2.15]
				},
				"neck_ruff_back": {
					"rotation": [-64.39544, 14.3542, 4.28661]
				},
				"bomb": {
					"rotation": ["61.6982+math.sin(q.anim_time*90*1-120)*8", 37.21788, "115.4155+math.sin(q.anim_time*90*1-120)*8"],
					"position": ["-17.3+math.sin(q.anim_time*90*1-120)*0.3", -16.4, -17.95]
				},
				"bomb_leaf_right2": {
					"rotation": [0, 0, -27.5]
				},
				"fur_back_left9": {
					"rotation": [0, 90, 0]
				},
				"fur_back_left10": {
					"rotation": [10, 0, 0]
				},
				"fur_back_left11": {
					"rotation": [2.43603, -7.43547, 0.98448]
				},
				"fur_back_left12": {
					"rotation": [52.5, 0, 0]
				},
				"hat": {
					"rotation": [-13.64973, 6.27967, 24.24769],
					"position": [-18, 12, -15]
				}
			}
		},
		"animation.meowscarada.cry": {
			"animation_length": 2.04167,
			"bones": {
				"torso_top": {
					"rotation": {
						"0.0": {
							"post": [0, 0, 0],
							"lerp_mode": "catmullrom"
						},
						"0.1667": {
							"post": [2, 0, 0],
							"lerp_mode": "catmullrom"
						},
						"0.5": {
							"post": [-3, 0, 0],
							"lerp_mode": "catmullrom"
						},
						"0.875": {
							"post": [2, 0, 0],
							"lerp_mode": "catmullrom"
						},
						"1.2917": {
							"post": [7, 0, 0],
							"lerp_mode": "catmullrom"
						},
						"2.0": {
							"post": [0, 0, 0],
							"lerp_mode": "catmullrom"
						}
					}
				},
				"neck": {
					"rotation": {
						"0.0": {
							"post": [0, 0, 0],
							"lerp_mode": "catmullrom"
						},
						"0.125": {
							"post": [5, 0, 0],
							"lerp_mode": "catmullrom"
						},
						"0.375": {
							"post": [-12.5, 0, 0],
							"lerp_mode": "catmullrom"
						},
						"0.625": {
							"post": [7.5, 0, 0],
							"lerp_mode": "catmullrom"
						},
						"1.375": {
							"post": [10, 0, 0],
							"lerp_mode": "catmullrom"
						},
						"1.9583": {
							"post": [0, 0, 0],
							"lerp_mode": "catmullrom"
						}
					}
				},
				"head": {
					"rotation": {
						"0.0": {
							"post": [0, 0, 0],
							"lerp_mode": "catmullrom"
						},
						"0.125": {
							"post": [2.5, 0, 0],
							"lerp_mode": "catmullrom"
						},
						"0.375": {
							"post": [5, 0, 0],
							"lerp_mode": "catmullrom"
						},
						"0.625": {
							"post": [-28.43399, 7.04528, -3.79959],
							"lerp_mode": "catmullrom"
						},
						"1.375": {
							"post": [-7.55568, -6.93982, 0.91818],
							"lerp_mode": "catmullrom"
						},
						"1.9583": {
							"post": [0, 0, 0],
							"lerp_mode": "catmullrom"
						}
					}
				},
				"eyelid_right": {
					"position": {
						"0.0833": [0, 0, 0],
						"0.125": [0, 0, -0.1],
						"0.2917": [0, 0, -0.1],
						"0.3333": [0, 0, 0]
					}
				},
				"eyelid_left": {
					"position": {
						"0.0833": [-0.25, 0, 0],
						"0.125": [0, 0, -0.1],
						"0.2917": [0, 0, -0.1],
						"0.3333": [-0.25, 0, 0]
					}
				},
				"mouth_open": {
					"position": {
						"0.0417": [0, 0, 0],
						"0.0833": [0, 0, -0.1],
						"0.2917": [0, 0, -0.1],
						"0.3333": [0, 0, 0],
						"0.5417": [0, 0, 0],
						"0.5833": [0, 0, -0.1],
						"1.625": [0, 0, -0.1],
						"1.6667": [0, 0, 0]
					}
				}
			},
			"sound_effects": {
				"0.1667": {
					"effect": "pokemon.meowscarada.cry"
				}
			}
		},
		"animation.meowscarada.blink": {
			"animation_length": 0.1667,
			"bones": {
				"eyelid_right": {
					"position": {
						"0.0": [0, 0, -0.1],
						"0.12": [0, 0, -0.1],
						"0.16": [0, 0, 0]
					}
				},
				"eyelid_left": {
					"position": {
						"0.0": [0, 0, -0.1],
						"0.12": [0, 0, -0.1],
						"0.16": [-0.25, 0, 0]
					}
				}
			}
		},
		"animation.meowscarada.sleep_quirk": {
			"animation_length": 1.25,
			"bones": {
				"leg_left3": {
					"rotation": {
						"0.0": {
							"post": [0, 0, 0],
							"lerp_mode": "catmullrom"
						},
						"0.0833": {
							"post": [-5, 0, 0],
							"lerp_mode": "catmullrom"
						},
						"0.2083": {
							"post": [1.1, 0, 0],
							"lerp_mode": "catmullrom"
						},
						"0.2917": {
							"post": [-0.75, 0, 0],
							"lerp_mode": "catmullrom"
						},
						"0.375": {
							"post": [0.55, 0, 0],
							"lerp_mode": "catmullrom"
						},
						"0.75": {
							"post": [0.11, 0, 0],
							"lerp_mode": "catmullrom"
						},
						"1.0": {
							"post": [0, 0, 0],
							"lerp_mode": "catmullrom"
						}
					}
				},
				"leg_left4": {
					"rotation": {
						"0.0": {
							"post": [0, 0, 0],
							"lerp_mode": "catmullrom"
						},
						"0.125": {
							"post": [-5, 0, 0],
							"lerp_mode": "catmullrom"
						},
						"0.2083": {
							"post": [1.1, 0, 0],
							"lerp_mode": "catmullrom"
						},
						"0.2917": {
							"post": [-0.75, 0, 0],
							"lerp_mode": "catmullrom"
						},
						"0.4167": {
							"post": [0.55, 0, 0],
							"lerp_mode": "catmullrom"
						},
						"0.8333": {
							"post": [0.11, 0, 0],
							"lerp_mode": "catmullrom"
						},
						"1.0833": {
							"post": [0, 0, 0],
							"lerp_mode": "catmullrom"
						}
					}
				},
				"foot_left": {
					"rotation": {
						"0.0417": {
							"pre": [0, 0, 0],
							"post": [0, 0, 0],
							"lerp_mode": "catmullrom"
						},
						"0.1667": {
							"post": [-10, 0, 0],
							"lerp_mode": "catmullrom"
						},
						"0.25": {
							"post": [4.1, 0, 0],
							"lerp_mode": "catmullrom"
						},
						"0.3333": {
							"post": [-0.75, 0, 0],
							"lerp_mode": "catmullrom"
						},
						"0.4583": {
							"post": [0.55, 0, 0],
							"lerp_mode": "catmullrom"
						},
						"0.875": {
							"post": [0.11, 0, 0],
							"lerp_mode": "catmullrom"
						},
						"1.125": {
							"post": [0, 0, 0],
							"lerp_mode": "catmullrom"
						}
					}
				},
				"foot_left2": {
					"rotation": {
						"0.0833": {
							"pre": [0, 0, 0],
							"post": [0, 0, 0],
							"lerp_mode": "catmullrom"
						},
						"0.2083": {
							"post": [-6, 0, 0],
							"lerp_mode": "catmullrom"
						},
						"0.2917": {
							"post": [1.1, 0, 0],
							"lerp_mode": "catmullrom"
						},
						"0.375": {
							"post": [-0.75, 0, 0],
							"lerp_mode": "catmullrom"
						},
						"0.5": {
							"post": [0.55, 0, 0],
							"lerp_mode": "catmullrom"
						},
						"0.9167": {
							"post": [0.11, 0, 0],
							"lerp_mode": "catmullrom"
						},
						"1.1667": {
							"post": [0, 0, 0],
							"lerp_mode": "catmullrom"
						}
					}
				}
			}
		},
		"animation.meowscarada.sleep_quirk2": {
			"animation_length": 1.25,
			"bones": {
				"leg_right3": {
					"rotation": {
						"0.0": {
							"post": [0, 0, 0],
							"lerp_mode": "catmullrom"
						},
						"0.0833": {
							"post": [-5, 0, 0],
							"lerp_mode": "catmullrom"
						},
						"0.2083": {
							"post": [1.1, 0, 0],
							"lerp_mode": "catmullrom"
						},
						"0.2917": {
							"post": [-0.75, 0, 0],
							"lerp_mode": "catmullrom"
						},
						"0.375": {
							"post": [0.55, 0, 0],
							"lerp_mode": "catmullrom"
						},
						"0.75": {
							"post": [0.11, 0, 0],
							"lerp_mode": "catmullrom"
						},
						"1.0": {
							"post": [0, 0, 0],
							"lerp_mode": "catmullrom"
						}
					}
				},
				"leg_right4": {
					"rotation": {
						"0.0": {
							"post": [0, 0, 0],
							"lerp_mode": "catmullrom"
						},
						"0.125": {
							"post": [-5, 0, 0],
							"lerp_mode": "catmullrom"
						},
						"0.2083": {
							"post": [1.1, 0, 0],
							"lerp_mode": "catmullrom"
						},
						"0.2917": {
							"post": [-0.75, 0, 0],
							"lerp_mode": "catmullrom"
						},
						"0.4167": {
							"post": [0.55, 0, 0],
							"lerp_mode": "catmullrom"
						},
						"0.8333": {
							"post": [0.11, 0, 0],
							"lerp_mode": "catmullrom"
						},
						"1.0833": {
							"post": [0, 0, 0],
							"lerp_mode": "catmullrom"
						}
					}
				},
				"foot_right": {
					"rotation": {
						"0.0417": {
							"pre": [0, 0, 0],
							"post": [0, 0, 0],
							"lerp_mode": "catmullrom"
						},
						"0.1667": {
							"post": [-10, 0, 0],
							"lerp_mode": "catmullrom"
						},
						"0.25": {
							"post": [4.1, 0, 0],
							"lerp_mode": "catmullrom"
						},
						"0.3333": {
							"post": [-0.75, 0, 0],
							"lerp_mode": "catmullrom"
						},
						"0.4583": {
							"post": [0.55, 0, 0],
							"lerp_mode": "catmullrom"
						},
						"0.875": {
							"post": [0.11, 0, 0],
							"lerp_mode": "catmullrom"
						},
						"1.125": {
							"post": [0, 0, 0],
							"lerp_mode": "catmullrom"
						}
					}
				},
				"foot_right2": {
					"rotation": {
						"0.0833": {
							"pre": [0, 0, 0],
							"post": [0, 0, 0],
							"lerp_mode": "catmullrom"
						},
						"0.2083": {
							"post": [-6, 0, 0],
							"lerp_mode": "catmullrom"
						},
						"0.2917": {
							"post": [1.1, 0, 0],
							"lerp_mode": "catmullrom"
						},
						"0.375": {
							"post": [-0.75, 0, 0],
							"lerp_mode": "catmullrom"
						},
						"0.5": {
							"post": [0.55, 0, 0],
							"lerp_mode": "catmullrom"
						},
						"0.9167": {
							"post": [0.11, 0, 0],
							"lerp_mode": "catmullrom"
						},
						"1.1667": {
							"post": [0, 0, 0],
							"lerp_mode": "catmullrom"
						}
					}
				}
			}
		},
		"animation.meowscarada.sleep_quirk3": {
			"animation_length": 1.16667,
			"bones": {
				"head_ruff_back_left": {
					"rotation": {
						"0.0": [0, 0, 0],
						"0.1667": {
							"pre": [-2, 0, 0],
							"post": [-2, 0, 0],
							"lerp_mode": "catmullrom"
						},
						"0.2917": {
							"post": [8.5, 0, 0],
							"lerp_mode": "catmullrom"
						},
						"0.4167": {
							"post": [-4.5, 0, 0],
							"lerp_mode": "catmullrom"
						},
						"0.5": {
							"post": [-0.75, 0, 0],
							"lerp_mode": "catmullrom"
						},
						"0.5833": {
							"post": [-2.52, 0, 0],
							"lerp_mode": "catmullrom"
						},
						"0.875": {
							"post": [-0.32, 0, 0],
							"lerp_mode": "catmullrom"
						},
						"1.0833": [0, 0, 0]
					}
				},
				"head_ruff_back_left2": {
					"rotation": {
						"0.0417": [0, 0, 0],
						"0.2083": {
							"pre": [-2, 0, 0],
							"post": [-2, 0, 0],
							"lerp_mode": "catmullrom"
						},
						"0.3333": {
							"post": [8.5, 0, 0],
							"lerp_mode": "catmullrom"
						},
						"0.4583": {
							"post": [-4.5, 0, 0],
							"lerp_mode": "catmullrom"
						},
						"0.5417": {
							"post": [-0.75, 0, 0],
							"lerp_mode": "catmullrom"
						},
						"0.625": {
							"post": [-2.52, 0, 0],
							"lerp_mode": "catmullrom"
						},
						"0.9167": {
							"post": [-0.32, 0, 0],
							"lerp_mode": "catmullrom"
						},
						"1.125": [0, 0, 0]
					}
				},
				"head_ruff_back_left3": {
					"rotation": {
						"0.0833": [0, 0, 0],
						"0.25": {
							"pre": [-2, 0, 0],
							"post": [-2, 0, 0],
							"lerp_mode": "catmullrom"
						},
						"0.375": {
							"post": [8.5, 0, 0],
							"lerp_mode": "catmullrom"
						},
						"0.5": {
							"post": [-4.5, 0, 0],
							"lerp_mode": "catmullrom"
						},
						"0.5833": {
							"post": [-0.75, 0, 0],
							"lerp_mode": "catmullrom"
						},
						"0.6667": {
							"post": [-2.52, 0, 0],
							"lerp_mode": "catmullrom"
						},
						"0.9583": {
							"post": [-0.32, 0, 0],
							"lerp_mode": "catmullrom"
						},
						"1.1667": [0, 0, 0]
					}
				}
			}
		},
		"animation.meowscarada.sleep_quirk4": {
			"animation_length": 1.16667,
			"bones": {
				"head_ruff_back_right": {
					"rotation": {
						"0.0": [0, 0, 0],
						"0.1667": {
							"pre": [-2, 0, 0],
							"post": [-2, 0, 0],
							"lerp_mode": "catmullrom"
						},
						"0.2917": {
							"post": [8.5, 0, 0],
							"lerp_mode": "catmullrom"
						},
						"0.4167": {
							"post": [-4.5, 0, 0],
							"lerp_mode": "catmullrom"
						},
						"0.5": {
							"post": [-0.75, 0, 0],
							"lerp_mode": "catmullrom"
						},
						"0.5833": {
							"post": [-2.52, 0, 0],
							"lerp_mode": "catmullrom"
						},
						"0.875": {
							"post": [-0.32, 0, 0],
							"lerp_mode": "catmullrom"
						},
						"1.0833": [0, 0, 0]
					}
				},
				"head_ruff_back_right2": {
					"rotation": {
						"0.0417": [0, 0, 0],
						"0.2083": {
							"pre": [-2, 0, 0],
							"post": [-2, 0, 0],
							"lerp_mode": "catmullrom"
						},
						"0.3333": {
							"post": [8.5, 0, 0],
							"lerp_mode": "catmullrom"
						},
						"0.4583": {
							"post": [-4.5, 0, 0],
							"lerp_mode": "catmullrom"
						},
						"0.5417": {
							"post": [-0.75, 0, 0],
							"lerp_mode": "catmullrom"
						},
						"0.625": {
							"post": [-2.52, 0, 0],
							"lerp_mode": "catmullrom"
						},
						"0.9167": {
							"post": [-0.32, 0, 0],
							"lerp_mode": "catmullrom"
						},
						"1.125": [0, 0, 0]
					}
				},
				"head_ruff_back_right3": {
					"rotation": {
						"0.0833": [0, 0, 0],
						"0.25": {
							"pre": [-2, 0, 0],
							"post": [-2, 0, 0],
							"lerp_mode": "catmullrom"
						},
						"0.375": {
							"post": [8.5, 0, 0],
							"lerp_mode": "catmullrom"
						},
						"0.5": {
							"post": [-4.5, 0, 0],
							"lerp_mode": "catmullrom"
						},
						"0.5833": {
							"post": [-0.75, 0, 0],
							"lerp_mode": "catmullrom"
						},
						"0.6667": {
							"post": [-2.52, 0, 0],
							"lerp_mode": "catmullrom"
						},
						"0.9583": {
							"post": [-0.32, 0, 0],
							"lerp_mode": "catmullrom"
						},
						"1.1667": [0, 0, 0]
					}
				}
			}
		}
	}
}