{
	"format_version": "1.8.0",
	"animations": {
		"animation.impidimp.ground_idle": {
			"loop": true,
			"bones": {
				"body": {
					"position": [0, -1.9, 0]
				},
				"torso": {
					"rotation": ["15+math.cos(q.anim_time*90*1+60)*3.5", 0, "0+math.cos((query.anim_time)*90*2-110)*4"]
				},
				"arm_left": {
					"rotation": [-4.14602, "-4.36-math.sin(q.anim_time*90*1-60)*4", 19.8154]
				},
				"arm_left2": {
					"rotation": [0, 22.5, "0+math.sin(q.anim_time*90*2+60)*2"]
				},
				"arm_left3": {
					"rotation": [0, 30, 0]
				},
				"hand_left": {
					"rotation": [0.6574, -7.4713, -7.54292]
				},
				"finger_back_left": {
					"rotation": [0, -10, -17.5]
				},
				"finger_front_left": {
					"rotation": [0, 10, -12.5]
				},
				"thumb_left": {
					"rotation": [0, -25, 0]
				},
				"thumb_left2": {
					"rotation": [0, -7.5, 0]
				},
				"arm_right": {
					"rotation": [-4.14602, "4.36-math.sin(q.anim_time*90*1-60)*4", -19.8154]
				},
				"arm_right2": {
					"rotation": [0, -22.5, "0+math.sin(q.anim_time*90*2+60)*2"]
				},
				"arm_right3": {
					"rotation": [0, -30, 0]
				},
				"hand_right": {
					"rotation": [0.6574, 7.4713, 7.54292]
				},
				"finger_back_right": {
					"rotation": [0, 10, 17.5]
				},
				"finger_front_right": {
					"rotation": [0, -10, 12.5]
				},
				"thumb_right": {
					"rotation": [0, 25, 0]
				},
				"thumb_right2": {
					"rotation": [0, 7.5, 0]
				},
				"head": {
					"rotation": ["-12.5+math.cos((query.anim_time)*90*2-1-80)*2", 0, 0]
				},
				"leg_left": {
					"rotation": [-37.41536, -16.72344, -26.19457]
				},
				"leg_left2": {
					"rotation": [27.5, 0, 0]
				},
				"leg_left3": {
					"rotation": [29.97638, -1.2497, 2.16541]
				},
				"foot_left": {
					"rotation": [-10.96819, 7.40701, 22.28959]
				},
				"leg_right": {
					"rotation": [-37.23825, 14.12922, 26.94225]
				},
				"leg_right2": {
					"rotation": [27.47766, 1.15408, -2.21783]
				},
				"leg_right3": {
					"rotation": [30, 0, 0]
				},
				"foot_right": {
					"rotation": [-12.48848, -0.54094, -24.94081]
				},
				"tongue": {
					"rotation": ["-40-math.sin(q.anim_time*90*1-60)*5", 0, 0]
				},
				"tongue2": {
					"rotation": ["-27.5+math.sin(q.anim_time*90*2-4+120)*3", 0, 0]
				},
				"mouth_closed": {
					"scale": 0.99
				}
			}
		},
		"animation.impidimp.battle_idle": {
			"loop": true,
			"bones": {
				"body": {
					"position": [0, -1.9, 0]
				},
				"torso": {
					"rotation": ["25+math.cos(q.anim_time*90*1+60)*4", 0, "math.cos((query.anim_time)*90*2-110)*4"]
				},
				"arm_left": {
					"rotation": [-4.78013, "10.4036-math.sin(q.anim_time*90*1-60)*2", 16.1677]
				},
				"arm_left2": {
					"rotation": [0, 22.5, "math.sin(q.anim_time*90*2+60)*2"]
				},
				"arm_left3": {
					"rotation": [0, 30, 0]
				},
				"hand_left": {
					"rotation": [0.6574, -7.4713, -7.54292]
				},
				"finger_back_left": {
					"rotation": [0, -10, -17.5]
				},
				"finger_front_left": {
					"rotation": [0, 10, -12.5]
				},
				"thumb_left": {
					"rotation": [0, -25, 0]
				},
				"thumb_left2": {
					"rotation": [0, -7.5, 0]
				},
				"arm_right": {
					"rotation": [-4.78013, "-10.4036-math.sin(q.anim_time*90*1-60)*2", -16.1677]
				},
				"arm_right2": {
					"rotation": [0, -22.5, "math.sin(q.anim_time*90*2+60)*2"]
				},
				"arm_right3": {
					"rotation": [0, -20, 0]
				},
				"hand_right": {
					"rotation": [0.6574, 7.4713, 7.54292]
				},
				"finger_back_right": {
					"rotation": [0, 10, 17.5]
				},
				"finger_front_right": {
					"rotation": [0, -10, 12.5]
				},
				"thumb_right": {
					"rotation": [0, 25, 0]
				},
				"thumb_right2": {
					"rotation": [0, 7.5, 0]
				},
				"head": {
					"rotation": ["-22.5+math.cos((query.anim_time)*90*2-1-80)*2.55", 0, 0]
				},
				"leg_left": {
					"rotation": [-37.41536, -16.72344, -26.19457]
				},
				"leg_left2": {
					"rotation": [27.5, 0, 0]
				},
				"leg_left3": {
					"rotation": [29.97638, -1.2497, 2.16541]
				},
				"foot_left": {
					"rotation": [-10.96819, 7.40701, 22.28959]
				},
				"leg_right": {
					"rotation": [-37.23825, 14.12922, 26.94225]
				},
				"leg_right2": {
					"rotation": [27.47766, 1.15408, -2.21783]
				},
				"leg_right3": {
					"rotation": [30, 0, 0]
				},
				"foot_right": {
					"rotation": [-12.48848, -0.54094, -24.94081]
				},
				"tongue": {
					"rotation": ["-41.98-math.sin(q.anim_time*90*3-60)*1", 11.37426, 5.21873]
				},
				"tongue2": {
					"rotation": ["-20.0049+math.sin(q.anim_time*90*2-2-120)*3", -0.22635, 2.48974]
				},
				"mouth_closed": {
					"scale": 0.99
				},
				"eye_left": {
					"rotation": [0, 0, -10]
				},
				"eye_right": {
					"rotation": [0, 0, 10]
				},
				"ear_left": {
					"rotation": [0, 0, 7.5]
				},
				"ear_right": {
					"rotation": [0, 0, -12.5]
				}
			}
		},
		"animation.impidimp.recoil": {
			"animation_length": 0.7083,
			"bones": {
				"arm_right": {
					"rotation": {
						"0.0": [0, 0, 0],
						"0.25": [0, 10, 0],
						"0.625": [0, 0, 0]
					}
				},
				"head": {
					"rotation": {
						"0.0": [0, 0, 0],
						"0.25": [0, -17.5, 0],
						"0.625": [0, 0, 0]
					}
				},
				"eye_left": {
					"position": {
						"0.0": [0, 0, 0],
						"0.25": [-1, 0, 1],
						"0.625": [0, 0, 0]
					}
				},
				"eye_right": {
					"position": {
						"0.0": [0, 0, 0],
						"0.25": [1, 0, 1],
						"0.625": [0, 0, 0]
					}
				},
				"tongue": {
					"rotation": {
						"0.0": [0, 0, 0],
						"0.25": [0, 0, 37.5],
						"0.625": [0, 0, 0]
					}
				},
				"tongue2": {
					"rotation": {
						"0.0": [0, 0, 0],
						"0.25": [-42.5, 0, 0],
						"0.625": [0, 0, 0]
					}
				},
				"leg_right": {
					"rotation": {
						"0.0": [0, 0, 0],
						"0.25": [0, 40, 0],
						"0.625": [0, 0, 0]
					}
				},
				"mouth_closed": {
					"position": [0, 0, 1]
				}
			}
		},
		"animation.impidimp.faint": {
			"animation_length": 6,
			"bones": {
				"torso": {
					"rotation": {
						"0.0": {
							"post": [7.56397, 7.43547, 0.98448],
							"lerp_mode": "catmullrom"
						},
						"0.25": {
							"post": [5.60158, 19.60859, 1.65779],
							"lerp_mode": "catmullrom"
						},
						"0.5": {
							"post": [-5.4441, 24.92174, -1.3199],
							"lerp_mode": "catmullrom"
						},
						"0.9167": {
							"post": [-81.93314, 22.35597, 2.42838],
							"lerp_mode": "catmullrom"
						}
					},
					"position": {
						"0.0": [0, -2, 0],
						"0.0417": [0, -2.04799, 0],
						"0.0833": [0, -2.13618, 0],
						"0.4167": [0, -3.07968, 0],
						"0.5417": [0, -3.41382, 0],
						"0.5833": [0, -3.50201, 0],
						"0.625": [0, -3.55, 0],
						"0.6667": [0, -3.73488, 0],
						"0.7083": [0, -4.22339, 0],
						"0.75": [0, -4.90272, 0],
						"0.7917": [0, -5.64722, 0],
						"0.8333": [0, -6.32657, 0],
						"0.875": [0, -6.81509, 0],
						"0.9167": [0, -7, 0]
					}
				},
				"arm_left": {
					"rotation": {
						"0.0": {
							"post": [-5.12664, -31.75628, 22.20036],
							"lerp_mode": "catmullrom"
						},
						"0.9167": {
							"post": [-16.09542, -50.13839, 36.6844],
							"lerp_mode": "catmullrom"
						}
					}
				},
				"arm_left2": {
					"rotation": {
						"0.0": [0, 15, 0],
						"0.9167": [-17.80232, 36.43129, -28.40086]
					}
				},
				"arm_left3": {
					"rotation": {
						"0.0": {
							"post": [0, 30, 0],
							"lerp_mode": "catmullrom"
						}
					}
				},
				"hand_left": {
					"rotation": {
						"0.0": {
							"post": [0.6574, -7.4713, -7.54292],
							"lerp_mode": "catmullrom"
						},
						"0.9167": {
							"post": [2.22953, -29.72852, -18.48341],
							"lerp_mode": "catmullrom"
						}
					}
				},
				"finger_back_left": {
					"rotation": {
						"0.0": [0, -10, -17.5],
						"0.9167": [-3.45118, -9.39129, 2.78356]
					}
				},
				"finger_front_left": {
					"rotation": {
						"0.0": [0, 10, -12.5],
						"0.9167": [3.45118, 9.39129, 7.78356]
					}
				},
				"thumb_left": {
					"rotation": {
						"0.0": [0, -25, 0],
						"0.9167": [20, -25, 0]
					}
				},
				"arm_right": {
					"rotation": {
						"0.0": {
							"post": [-4.36407, -3.13177, -19.25807],
							"lerp_mode": "catmullrom"
						},
						"0.25": {
							"post": [-3.68415, 26.0608, -20.13672],
							"lerp_mode": "catmullrom"
						},
						"0.4167": {
							"post": [-4.55243, 16.80896, -20.81598],
							"lerp_mode": "catmullrom"
						},
						"0.9167": {
							"post": [-20.23305, 57.20723, -40.5954],
							"lerp_mode": "catmullrom"
						}
					}
				},
				"arm_right2": {
					"rotation": {
						"0.0": [0, -17.5, 0],
						"0.25": [5.58626, -23.70588, -13.67331],
						"0.9167": [21.16931, -37.75546, -32.31223]
					}
				},
				"arm_right3": {
					"rotation": {
						"0.0": {
							"post": [0, -30, 0],
							"lerp_mode": "catmullrom"
						}
					}
				},
				"hand_right": {
					"rotation": {
						"0.0": {
							"post": [0.6574, 7.4713, 7.54292],
							"lerp_mode": "catmullrom"
						},
						"0.4167": {
							"post": [0.70537, 22.47025, 7.72705],
							"lerp_mode": "catmullrom"
						},
						"0.9167": {
							"post": [4.44916, -0.44015, 16.6851],
							"lerp_mode": "catmullrom"
						}
					}
				},
				"finger_back_right": {
					"rotation": {
						"0.0": [0, 10, 17.5],
						"0.0417": [-0.14327, 9.97473, 16.65795],
						"0.0833": [-0.45217, 9.92025, 14.84249],
						"0.125": [-0.84207, 9.85148, 12.55093],
						"0.1667": [-1.27446, 9.77521, 10.00965],
						"0.25": [-2.17669, 9.61608, 4.707],
						"0.2917": [-2.60908, 9.53981, 2.1657],
						"0.3333": [-2.99898, 9.47104, -0.12588],
						"0.375": [-3.30789, 9.41656, -1.94139],
						"0.4167": [-3.45118, 9.39129, -2.78356]
					}
				},
				"finger_front_right": {
					"rotation": {
						"0.0": [0, -10, 12.5],
						"0.4167": [3.86032, -9.23186, -10.31179]
					}
				},
				"thumb_right": {
					"rotation": {
						"0.0": [0, 25, 0],
						"0.4167": [7.5, 25, 0],
						"0.9167": [27.5, 25, 0]
					}
				},
				"head": {
					"rotation": {
						"0.0": {
							"post": [-5.24133, 17.43127, -1.5741],
							"lerp_mode": "catmullrom"
						},
						"0.0417": [-5.14988, 0.29538, -0.04955],
						"0.0833": [-5.63725, 1.17579, -0.19725],
						"0.125": [-6.46083, 2.46563, -0.41364],
						"0.1667": [-7.49943, 3.75547, -0.63003],
						"0.2083": [-8.56776, 4.63588, -0.77773],
						"0.25": [-9.53562, 4.93126, -0.82728],
						"0.2917": [-10.5448, 4.53134, -0.76019],
						"0.3333": [-11.82474, 2.46575, -0.41366],
						"0.375": [-12.42258, 0.39999, -0.0671],
						"0.4167": [-12.5, 0, 0],
						"0.4583": [-13.06874, 0.06653, 0.24903],
						"0.5": [-14.44761, 0.22781, 0.8528],
						"0.5417": [-16.28755, 0.44303, 1.65846],
						"0.625": [-20.38994, 0.92289, 3.45478],
						"0.6667": [-22.22986, 1.1381, 4.26042],
						"0.7083": [-23.60868, 1.29938, 4.86417],
						"0.75": [-24.17733, 1.3659, 5.11316],
						"0.9167": [-14.87739, 1.93597, 7.24721]
					}
				},
				"eye_left": {
					"rotation": {
						"0.0": [0, 0, -10],
						"0.4167": [0, 0, 7.5]
					},
					"position": {
						"0.0": [-2, 0, 2],
						"0.9167": [-1, 0, 1]
					}
				},
				"eye_right": {
					"rotation": {
						"0.0": [0, 0, 10],
						"0.4167": [0, 0, -7.5]
					},
					"position": {
						"0.0": [1, 0, 1],
						"0.9167": [1, 0, 1]
					}
				},
				"tongue": {
					"rotation": {
						"0.0": {
							"post": [-50.41141, 18.82943, 12.54707],
							"lerp_mode": "catmullrom"
						},
						"0.4167": [-25.41141, 18.82943, 12.54707],
						"0.9167": [-4.40708, 19.90556, 23.08721]
					},
					"position": [0, 1, 0]
				},
				"tongue2": {
					"rotation": {
						"0.0": {
							"post": [-27.5, 0, 0],
							"lerp_mode": "catmullrom"
						},
						"0.0417": [-25.21674, 0, 0],
						"0.0833": [-20.29401, 0, 0],
						"0.125": [-14.08033, 0, 0],
						"0.1667": [-7.18951, 0, 0],
						"0.25": [7.18894, 0, 0],
						"0.2917": [14.0798, 0, 0],
						"0.3333": [20.29355, 0, 0],
						"0.375": [25.21642, 0, 0],
						"0.4167": [27.5, 0, 0],
						"0.4583": [28.3152, -0.13937, 0.11718],
						"0.5": [29.94017, -0.41717, 0.35076],
						"0.5417": [31.92102, -0.75582, 0.63549],
						"0.5833": [34.09364, -1.12725, 0.94778],
						"0.75": [43.29894, -2.70099, 2.27097],
						"0.7917": [45.47155, -3.07242, 2.58327],
						"0.8333": [47.45238, -3.41106, 2.868],
						"0.875": [49.07731, -3.68886, 3.10157],
						"0.9167": [49.8924, -3.82821, 3.21873]
					}
				},
				"muzzle2": {
					"rotation": {
						"0.0": [0, 0, 0],
						"0.9167": [27.5, 0, 0]
					},
					"position": {
						"0.0": [0, 0, 0],
						"0.9167": [0, 0, 1]
					}
				},
				"ear_left": {
					"rotation": {
						"0.0": {
							"post": [0, -7.5, -5],
							"lerp_mode": "catmullrom"
						},
						"0.4167": {
							"post": [0, -30, -5],
							"lerp_mode": "catmullrom"
						}
					}
				},
				"ear_right": {
					"rotation": {
						"0.0": {
							"post": [0, 7.5, 5],
							"lerp_mode": "catmullrom"
						},
						"0.4167": {
							"post": [0, 25, 5],
							"lerp_mode": "catmullrom"
						}
					}
				},
				"legs": {
					"rotation": {
						"0.0": [0, 27.5, 0],
						"0.25": [-10.86479, 14.74293, -2.7963],
						"0.5": {
							"pre": [-25.13053, 19.67743, -6.90277],
							"post": [-25.13053, 19.67743, -6.90277],
							"lerp_mode": "catmullrom"
						},
						"0.75": {
							"post": [-35.76935, 10.19719, -7.2682],
							"lerp_mode": "catmullrom"
						},
						"0.9167": {
							"post": [-32.52473, -2.10829, 1.34386],
							"lerp_mode": "catmullrom"
						}
					},
					"position": {
						"0.0": [0, -2, 0],
						"0.75": [0, -4.55, 0],
						"0.9167": [0, -7, 0]
					}
				},
				"leg_left": {
					"rotation": {
						"0.0": {
							"post": [-37.41536, -16.72344, -26.19457],
							"lerp_mode": "catmullrom"
						}
					}
				},
				"leg_left2": {
					"rotation": {
						"0.0": [27.5, 0, 0],
						"0.9167": [12.56344, -0.9762, -7.43656]
					}
				},
				"leg_left3": {
					"rotation": [29.97638, -1.2497, 2.16541]
				},
				"foot_left": {
					"rotation": {
						"0.0": [-10.96819, 7.40701, 22.28959],
						"0.0417": [-10.28532, 7.40839, 22.28978],
						"0.0833": [-8.64667, 7.41148, 22.2902],
						"0.125": [-6.49221, 7.41506, 22.29069],
						"0.2083": [-1.86775, 7.42012, 22.29138],
						"0.25": [0.04777, 7.41978, 22.29133],
						"0.2917": [1.26894, 7.416, 22.29082],
						"0.3333": [1.31968, 7.40701, 22.28959],
						"0.375": [-0.03892, 7.39928, 22.28854],
						"0.4167": [-1.92014, 7.39584, 22.28807],
						"0.4583": [-4.00732, 7.39424, 22.28785],
						"0.7083": [-17.48948, 7.39886, 22.28848],
						"0.75": [-19.64297, 7.40066, 22.28873],
						"0.7917": [-21.69022, 7.40254, 22.28898],
						"0.8333": [-23.56631, 7.4044, 22.28924],
						"0.875": [-25.1364, 7.40607, 22.28946],
						"0.9167": [-25.96819, 7.40701, 22.28959]
					}
				},
				"leg_right": {
					"rotation": [-37.23825, 14.12922, 26.94225],
					"position": {
						"0.0": [0, 0, 0],
						"0.9167": [0, 0, 0]
					}
				},
				"leg_right2": {
					"rotation": {
						"0.0": {
							"post": [27.47766, 1.15408, -2.21783],
							"lerp_mode": "catmullrom"
						},
						"0.5": {
							"post": [34.66842, 1.15408, -2.21783],
							"lerp_mode": "catmullrom"
						},
						"0.9167": {
							"post": [-0.02234, 1.15408, -2.21783],
							"lerp_mode": "catmullrom"
						}
					}
				},
				"leg_right3": {
					"rotation": [30, 0, 0]
				},
				"foot_right": {
					"rotation": {
						"0.0": [-12.48848, -0.54094, -24.94081],
						"0.0417": [-11.92724, -0.5405, -24.94044],
						"0.0833": [-10.58349, -0.53954, -24.9396],
						"0.125": [-8.8226, -0.53842, -24.93862],
						"0.2083": [-5.07593, -0.53684, -24.93725],
						"0.25": [-3.55435, -0.53695, -24.93734],
						"0.2917": [-2.62874, -0.53812, -24.93837],
						"0.3333": [-2.70061, -0.54094, -24.94081],
						"0.375": [-3.97855, -0.54335, -24.94291],
						"0.4167": [-5.70696, -0.54442, -24.94385],
						"0.7083": [-19.8328, -0.54348, -24.94303],
						"0.7917": [-23.6278, -0.54233, -24.94203],
						"0.8333": [-25.32144, -0.54175, -24.94152],
						"0.875": [-26.73821, -0.54123, -24.94107],
						"0.9167": [-27.48848, -0.54094, -24.94081]
					}
				},
				"mouth_closed": {
					"position": [0, 0, 1]
				}
			}
		},
		"animation.impidimp.cry": {
			"animation_length": 1.2917,
			"bones": {
				"head": {
					"rotation": {
						"0.0": {
							"post": [0, 0, 0],
							"lerp_mode": "catmullrom"
						},
						"0.5": {
							"post": [-20, 0, 0],
							"lerp_mode": "catmullrom"
						},
						"1.0": {
							"post": [10.13, 0, 0],
							"lerp_mode": "catmullrom"
						},
						"1.2917": {
							"post": [0, 0, 0],
							"lerp_mode": "catmullrom"
						}
					}
				},
				"eye_left": {
					"rotation": {
						"0.0": [0, 0, 0],
						"0.0417": [0, 0, -0.36405],
						"0.0833": [0, 0, -1.08972],
						"0.3333": [0, 0, -7.05544],
						"0.4167": [0, 0, -8.91028],
						"0.4583": [0, 0, -9.63595],
						"0.5": [0, 0, -10],
						"0.5417": [0, 0, -9.73981],
						"1.0833": [0, 0, -2.32698],
						"1.25": [0, 0, -0.26022],
						"1.2917": [0, 0, 0]
					}
				},
				"eye_right": {
					"rotation": {
						"0.0": [0, 0, 0],
						"0.0417": [0, 0, 0.36405],
						"0.0833": [0, 0, 1.08972],
						"0.3333": [0, 0, 7.05544],
						"0.4167": [0, 0, 8.91028],
						"0.4583": [0, 0, 9.63595],
						"0.5": [0, 0, 10],
						"0.5417": [0, 0, 9.73981],
						"1.0833": [0, 0, 2.32698],
						"1.25": [0, 0, 0.26022],
						"1.2917": [0, 0, 0]
					}
				},
				"tongue": {
					"rotation": {
						"0.0": [0, 0, 0],
						"0.0417": [-0.59222, 0.27379, 0.67662],
						"0.0833": [-1.77273, 0.81956, 2.02536],
						"0.125": [-3.21176, 1.48484, 3.66947],
						"0.3333": [-11.47754, 5.30623, 13.11322],
						"0.375": [-13.05589, 6.03592, 14.9165],
						"0.4167": [-14.49492, 6.70121, 16.56061],
						"0.4583": [-15.67543, 7.24697, 17.90935],
						"0.5": [-16.26765, 7.52076, 18.58597],
						"0.5417": [-16.33777, 7.3428, 18.14617],
						"0.5833": [-16.47754, 6.98805, 17.2695],
						"0.625": [-16.64792, 6.55562, 16.20083],
						"0.8333": [-17.6266, 4.07174, 10.06244],
						"0.875": [-17.81347, 3.59744, 8.89031],
						"0.9167": [-17.98386, 3.16501, 7.82165],
						"0.9583": [-18.12363, 2.81026, 6.94497],
						"1.0": [-18.19375, 2.6323, 6.50517],
						"1.2917": [0, 0, 0]
					},
					"position": {
						"0.0": [0, 0, 0],
						"0.0417": [0, 0.0364, 0],
						"0.0833": [0, 0.10897, 0],
						"0.3333": [0, 0.70554, 0],
						"0.4167": [0, 0.89103, 0],
						"0.4583": [0, 0.9636, 0],
						"0.5": [0, 1, 0],
						"0.5417": [0, 0.97398, 0],
						"1.0833": [0, 0.2327, 0],
						"1.25": [0, 0.02602, 0],
						"1.2917": [0, 0, 0]
					}
				},
				"tongue2": {
					"rotation": {
						"0.0": {
							"post": [0, 0, 0],
							"lerp_mode": "catmullrom"
						},
						"0.5": {
							"post": [-11.93845, 3.73171, 17.10967],
							"lerp_mode": "catmullrom"
						},
						"1.0": {
							"post": [-14.39841, 1.37485, 6.30361],
							"lerp_mode": "catmullrom"
						},
						"1.125": {
							"post": [25.15827, 1.17847, 5.4032],
							"lerp_mode": "catmullrom"
						},
						"1.2917": {
							"post": [0, 0, 0],
							"lerp_mode": "catmullrom"
						}
					},
					"position": {
						"0.0": {
							"post": [0, 0, 0],
							"lerp_mode": "catmullrom"
						},
						"0.5": {
							"post": [0, 1, 0],
							"lerp_mode": "catmullrom"
						},
						"1.2917": {
							"post": [0, 0, 0],
							"lerp_mode": "catmullrom"
						}
					}
				},
				"muzzle2": {
					"rotation": {
						"0.0": [0, 0, 0],
						"0.0417": [-0.54607, 0, 0],
						"0.0833": [-1.63459, 0, 0],
						"0.125": [-2.96148, 0, 0],
						"0.3333": [-10.58316, 0, 0],
						"0.375": [-12.03852, 0, 0],
						"0.4167": [-13.36541, 0, 0],
						"0.4583": [-14.45393, 0, 0],
						"0.5": [-15, 0, 0],
						"0.5417": [-14.60972, 0, 0],
						"1.0833": [-3.49047, 0, 0],
						"1.25": [-0.39033, 0, 0],
						"1.2917": [0, 0, 0]
					},
					"position": {
						"0.0": [0, 0, 0],
						"0.5": [0, 0, 0],
						"1.2917": [0, 0, 0]
					}
				},
				"ear_left": {
					"rotation": {
						"0.0": [0, 0, 0],
						"0.0417": [0, -0.7281, 0],
						"0.0833": [0, -2.17945, 0],
						"0.125": [0, -3.94865, 0],
						"0.3333": [0, -14.11087, 0],
						"0.375": [0, -16.05135, 0],
						"0.4167": [0, -17.82055, 0],
						"0.4583": [0, -19.2719, 0],
						"0.5": [0, -20, 0],
						"0.5417": [0, -19.47963, 0],
						"0.5833": [0, -18.59057, 0],
						"1.0833": [0, -4.65395, 0],
						"1.2083": [0, -1.40951, 0],
						"1.25": [0, -0.52043, 0],
						"1.2917": [0, 0, 0]
					}
				},
				"ear_right": {
					"rotation": {
						"0.0": [0, 0, 0],
						"0.0417": [0, 0.63709, 0],
						"0.0833": [0, 1.90702, 0],
						"0.125": [0, 3.45506, 0],
						"0.3333": [0, 12.34702, 0],
						"0.375": [0, 14.04494, 0],
						"0.4167": [0, 15.59298, 0],
						"0.4583": [0, 16.86291, 0],
						"0.5": [0, 17.5, 0],
						"0.5417": [0, 17.04467, 0],
						"0.5833": [0, 16.26675, 0],
						"1.0833": [0, 4.07221, 0],
						"1.2083": [0, 1.23332, 0],
						"1.25": [0, 0.45538, 0],
						"1.2917": [0, 0, 0]
					}
				},
				"mouth_open": {
					"position": {
						"0.0": {
							"post": [0, 0, 0],
							"lerp_mode": "catmullrom"
						},
						"0.5": {
							"post": [0, 0, 0],
							"lerp_mode": "catmullrom"
						}
					}
				},
				"mouth_closed": {
					"position": {
						"0.0": [0, 0, 0],
						"0.5": [0, 1, 1]
					}
				}
			},
			"sound_effects": {
				"0.5": {
					"effect": "pokemon.impidimp.cry"
				}
			}
		},
		"animation.impidimp.blink": {
			"animation_length": 0.1667,
			"bones": {
				"pupil_left": {
					"position": {
						"0.0": [0, 0, 0.1],
						"0.125": [0, 0, 0.1],
						"0.1667": [0, 0, 0]
					}
				},
				"eyelid_left": {
					"position": {
						"0.0": [0, 0, -0.1],
						"0.125": [0, 0, -0.1],
						"0.1667": [0, 0, 0]
					}
				},
				"pupil_right": {
					"position": [0, 0, 0.1]
				},
				"eyelid_right": {
					"position": {
						"0.0": [0, 0, -0.1],
						"0.125": [0, 0, -0.1],
						"0.1667": [0, 0, 0]
					}
				}
			}
		},
		"animation.impidimp.physical": {
			"animation_length": 1.25,
			"bones": {
				"torso": {
					"rotation": {
						"0.0": [0, 0, 0],
						"0.2917": [-18.46, 0, 0],
						"0.5417": [17.5, 0, 0],
						"1.25": [0, 0, 0]
					}
				},
				"arm_right": {
					"rotation": {
						"0.0": [0, 0, 0],
						"0.2917": [0, 32.5, 0],
						"0.5417": [0, -72.5, 0],
						"1.25": [0, 0, 0]
					},
					"position": {
						"0.0": [0, 0, 0],
						"0.2917": [0, 0, 0],
						"1.25": [0, 0, 0]
					}
				},
				"hand_right": {
					"rotation": {
						"0.0": [0, 0, 0],
						"0.2917": [0, 22.5, 0],
						"0.5417": [0, -22.5, 0],
						"1.25": [0, 0, 0]
					}
				},
				"head": {
					"rotation": {
						"0.0": [0, 0, 0],
						"0.2917": [0, 25, 0],
						"0.5417": [7.5, -25, 0],
						"1.25": [0, 0, 0]
					}
				}
			}
		},
		"animation.impidimp.ground_walk": {
			"loop": true,
			"animation_length": 1.0833,
			"bones": {
				"torso": {
					"rotation": ["24.6008-math.sin(q.anim_time*90*8+60)*1", -0.01637, -2.41665]
				},
				"arm_left": {
					"rotation": {
						"0.0": {
							"post": [7.29886, -46.88914, 15.9759],
							"lerp_mode": "catmullrom"
						},
						"0.5": {
							"post": [9.0616, 23.39896, 21.88023],
							"lerp_mode": "catmullrom"
						},
						"1.0833": {
							"post": [7.29886, -46.88914, 15.9759],
							"lerp_mode": "catmullrom"
						}
					}
				},
				"arm_left2": {
					"rotation": {
						"0.0": {
							"post": [0, 37.5, 0],
							"lerp_mode": "catmullrom"
						}
					}
				},
				"arm_left3": {
					"rotation": {
						"0.0": {
							"post": [0, 27.5, 0],
							"lerp_mode": "catmullrom"
						},
						"0.5": {
							"post": [0, 27.5, 0],
							"lerp_mode": "catmullrom"
						},
						"1.0833": {
							"post": [0, 27.5, 0],
							"lerp_mode": "catmullrom"
						}
					}
				},
				"hand_left": {
					"rotation": {
						"0.0": {
							"post": [0, 37.5, 0],
							"lerp_mode": "catmullrom"
						}
					}
				},
				"arm_right": {
					"rotation": {
						"0.0": {
							"post": [9.0616, -23.39896, -21.88023],
							"lerp_mode": "catmullrom"
						},
						"0.5": {
							"post": [7.29886, 46.88914, -15.9759],
							"lerp_mode": "catmullrom"
						},
						"1.0833": {
							"post": [9.0616, -23.39896, -21.88023],
							"lerp_mode": "catmullrom"
						}
					}
				},
				"arm_right2": {
					"rotation": {
						"0.0": {
							"post": [0, -22.5, 0],
							"lerp_mode": "catmullrom"
						}
					}
				},
				"arm_right3": {
					"rotation": {
						"0.0": {
							"post": [0, -27.5, 0],
							"lerp_mode": "catmullrom"
						},
						"0.5": {
							"post": [0, -27.5, 0],
							"lerp_mode": "catmullrom"
						},
						"1.0833": {
							"post": [0, -27.5, 0],
							"lerp_mode": "catmullrom"
						}
					}
				},
				"hand_right": {
					"rotation": {
						"0.0": {
							"post": [0, -32.5, 0],
							"lerp_mode": "catmullrom"
						}
					}
				},
				"head": {
					"rotation": ["-7.5-math.cos((query.anim_time)*90*8+60)*1", 0, 0]
				},
				"tongue": {
					"rotation": {
						"0.0": {
							"post": [-6.40319, 7.98133, 15.62489],
							"lerp_mode": "catmullrom"
						}
					}
				},
				"tongue2": {
					"rotation": {
						"0.0": {
							"post": [20, 0, 0],
							"lerp_mode": "catmullrom"
						},
						"0.5": {
							"post": [19.8423, 2.55868, -7.05239],
							"lerp_mode": "catmullrom"
						},
						"1.0": {
							"post": [20, 0, 0],
							"lerp_mode": "catmullrom"
						}
					}
				},
				"ear_left": {
					"rotation": [-10, 0, 0]
				},
				"ear_right": {
					"rotation": [-10, 0, 0]
				},
				"leg_left": {
					"rotation": {
						"0.0": {
							"post": [-32.5, 0, -7.5],
							"lerp_mode": "catmullrom"
						},
						"0.5833": {
							"post": [29.78729, 3.74196, -6.50446],
							"lerp_mode": "catmullrom"
						},
						"1.0833": {
							"post": [-32.5, 0, -7.5],
							"lerp_mode": "catmullrom"
						}
					},
					"position": {
						"0.0": [0, 0, 0],
						"0.3333": {
							"pre": [0, 0, 1],
							"post": [0, 0, 1],
							"lerp_mode": "catmullrom"
						},
						"0.8333": {
							"post": [0, 0, 0],
							"lerp_mode": "catmullrom"
						}
					}
				},
				"leg_left2": {
					"rotation": {
						"0.0": {
							"post": [62.5, 0, 0],
							"lerp_mode": "catmullrom"
						}
					}
				},
				"foot_left": {
					"rotation": {
						"0.0": {
							"post": [-17.5, 0, 0],
							"lerp_mode": "catmullrom"
						}
					}
				},
				"leg_right": {
					"rotation": {
						"0.0": {
							"post": [29.78729, -3.74196, 6.50446],
							"lerp_mode": "catmullrom"
						},
						"0.5833": {
							"post": [-32.5, 0, 7.5],
							"lerp_mode": "catmullrom"
						},
						"1.0": {
							"post": [29.78729, -3.74196, 6.50446],
							"lerp_mode": "catmullrom"
						}
					},
					"position": {
						"0.0": [0, 0, 0],
						"0.3333": {
							"pre": [0, 0, -1],
							"post": [0, 0, -1],
							"lerp_mode": "catmullrom"
						},
						"0.8333": {
							"post": [0, 0, 0],
							"lerp_mode": "catmullrom"
						}
					}
				},
				"leg_right2": {
					"rotation": {
						"0.0": {
							"post": [7.5, 0, 0],
							"lerp_mode": "catmullrom"
						},
						"0.5": {
							"post": [40, 0, 0],
							"lerp_mode": "catmullrom"
						},
						"1.0": {
							"post": [7.5, 0, 0],
							"lerp_mode": "catmullrom"
						}
					}
				},
				"foot_right": {
					"rotation": {
						"0.0": {
							"post": [-12.5, 0, 0],
							"lerp_mode": "catmullrom"
						}
					}
				}
			}
		}
	}
}