{
    "providers": [
        {
            "type": "bitmap",
            "file": "minecraft:ranks/builder.png",
            "ascent": 8,
            "height": 8,
            "chars": [
                "\uE001"
            ]
        },
        {
            "type": "bitmap",
            "file": "minecraft:ranks/fighter.png",
            "ascent": 8,
            "height": 8,
            "chars": [
                "\uE002"
            ]
        },
        {
            "type": "bitmap",
            "file": "minecraft:ranks/farmer.png",
            "ascent": 8,
            "height": 8,
            "chars": [
                "\uE003"
            ]
        },
        {
            "type": "bitmap",
            "file": "minecraft:ranks/explorer.png",
            "ascent": 8,
            "height": 8,
            "chars": [
                "\uE004"
            ]
        },
        {
            "type": "bitmap",
            "file": "minecraft:ranks/trainer.png",
            "ascent": 8,
            "height": 8,
            "chars": [
                "\uE005"
            ]
        },
        {
            "type": "bitmap",
            "file": "minecraft:ranks/discord.png",
            "ascent": 8,
            "height": 8,
            "chars": [
                "\uE006"
            ]
        },
        {
            "type": "bitmap",
            "file": "minecraft:ranks/caster.png",
            "ascent": 8,
            "height": 8,
            "chars": [
                "\uE007"
            ]
        }
    ]
}