{
	"format_version": "1.12.0",
	"minecraft:geometry": [
		{
			"description": {
				"identifier": "geometry.azurill",
				"texture_width": 32,
				"texture_height": 32,
				"visible_bounds_width": 3,
				"visible_bounds_height": 2.5,
				"visible_bounds_offset": [0, 0.75, 0]
			},
			"bones": [
				{
					"name": "azurill",
					"pivot": [0, 0, 0]
				},
				{
					"name": "tailball",
					"parent": "azurill",
					"pivot": [0, 0, 0],
					"cubes": [
						{"origin": [-2.5, 0, -2.5], "size": [5, 5, 5], "uv": [0, 0]}
					]
				},
				{
					"name": "tail",
					"parent": "tailball",
					"pivot": [0, 0.59521, 2.79703],
					"rotation": [-30, 0, 0],
					"cubes": [
						{"origin": [0, -1.65179, 3.63144], "size": [0, 4, 4], "pivot": [0, 2.23027, 5.6233], "rotation": [-90, 0, 0], "uv": [15, 6]}
					]
				},
				{
					"name": "bone",
					"parent": "tail",
					"pivot": [0, 2.7, 5.3],
					"cubes": [
						{"origin": [0, 6.16864, 8.22142], "size": [0, 1, 4], "pivot": [0, 2.98659, 8.97956], "rotation": [90, 0, 0], "uv": [15, 0]},
						{"origin": [0, 6.36146, 7.56809], "size": [0, 1, 4], "pivot": [0, 3.7464, 8.26354], "rotation": [60, 0, 0], "uv": [15, 0]}
					]
				},
				{
					"name": "bone2",
					"parent": "bone",
					"pivot": [0, 6.7, 6.3],
					"cubes": [
						{"origin": [0, 1.19619, 4.38782], "size": [0, 4, 1], "pivot": [0, 5.89526, 4.65745], "rotation": [-130, 0, 0], "uv": [0, 9]},
						{"origin": [0, 6.76874, 4.16639], "size": [0, 1, 4], "pivot": [0, 4.44568, 7.5487], "rotation": [15, 0, 0], "uv": [15, 0]}
					]
				},
				{
					"name": "bone3",
					"parent": "bone2",
					"pivot": [0, 8.1, 1],
					"cubes": [
						{"origin": [0, 3.2448, -1.21673], "size": [0, 4, 1], "pivot": [0, 3.23027, 2.6233], "rotation": [-22.5, 0, 0], "uv": [0, 9]}
					]
				},
				{
					"name": "body",
					"parent": "bone3",
					"pivot": [0, 2.88397, -2.16506],
					"rotation": [30, 0, 0],
					"cubes": [
						{"origin": [-2.5, 2.88397, -4.66506], "size": [5, 5, 5], "uv": [0, 10]},
						{"origin": [-1.5, 3.08397, -0.06506], "size": [3, 2, 1], "pivot": [0, 3.38397, 0.83494], "rotation": [12.5, 0, 0], "uv": [0, 20]}
					]
				},
				{
					"name": "rightEar",
					"parent": "body",
					"pivot": [2, 6.88397, -2.16506],
					"rotation": [0, 10, 20],
					"cubes": [
						{"origin": [0.5, 6.88397, -2.66506], "size": [3, 3, 1], "uv": [15, 0]}
					]
				},
				{
					"name": "leftEar",
					"parent": "body",
					"pivot": [-2, 6.88397, -2.16506],
					"rotation": [0, -10, -20],
					"cubes": [
						{"origin": [-3.5, 6.88397, -2.66506], "size": [3, 3, 1], "uv": [19, 19]}
					]
				},
				{
					"name": "rightFoot",
					"parent": "body",
					"pivot": [1.9, 2.98397, -4.66506],
					"rotation": [20, 0, 0],
					"cubes": [
						{"origin": [1.4, 2.48397, -5.66506], "size": [1, 2, 1], "uv": [0, 0]}
					]
				},
				{
					"name": "leftFoot",
					"parent": "body",
					"pivot": [-1.9, 2.98397, -4.66506],
					"rotation": [20, 0, 0],
					"cubes": [
						{"origin": [-2.4, 2.48397, -5.66506], "size": [1, 2, 1], "uv": [20, 5]}
					]
				},
				{
					"name": "RightEyeBlink",
					"parent": "body",
					"pivot": [1, 4.58397, -3.66506],
					"cubes": [
						{"origin": [0, 4.58397, -3.67], "size": [2, 2, 0], "uv": [0, 28], "mirror": true},
						{"origin": [0.6, 4.45, -3.675], "size": [1, 2, 0], "uv": [4, 28], "mirror": true}
					]
				},
				{
					"name": "LeftEyeBlink",
					"parent": "body",
					"pivot": [-1, 4.58397, -3.66506],
					"cubes": [
						{"origin": [-2, 4.58397, -3.67], "size": [2, 2, 0], "uv": [0, 28]},
						{"origin": [-1.6, 4.45, -3.675], "size": [1, 2, 0], "uv": [4, 28]}
					]
				},
				{
					"name": "RightEye",
					"parent": "body",
					"pivot": [1, 5.08397, -4.66506],
					"cubes": [
						{"origin": [0, 5.08397, -4.67], "size": [2, 2, 0], "uv": [0, 30], "mirror": true},
						{"origin": [0.9, 4.95, -4.675], "size": [1, 2, 0], "uv": [4, 30], "mirror": true}
					]
				},
				{
					"name": "LeftEye",
					"parent": "body",
					"pivot": [-1, 5.08397, -4.66506],
					"cubes": [
						{"origin": [-2, 5.08397, -4.67], "size": [2, 2, 0], "uv": [0, 30]},
						{"origin": [-1.9, 4.95, -4.675], "size": [1, 2, 0], "uv": [4, 30]}
					]
				},
				{
					"name": "mouth",
					"parent": "body",
					"pivot": [0, 3.98397, -4.66506],
					"cubes": [
						{"origin": [-1, 3.98397, -4.67], "size": [2, 1, 0], "uv": [6, 31]}
					]
				},
				{
					"name": "jaw",
					"parent": "mouth",
					"pivot": [0, 3.48397, -4.66506],
					"cubes": [
						{"origin": [-1, 2.98397, -4.675], "size": [2, 1, 0], "uv": [6, 30]}
					]
				}
			]
		}
	]
}