{
	"format_version": "1.12.0",
	"minecraft:geometry": [
		{
			"description": {
				"identifier": "geometry.greendent",
				"texture_width": 128,
				"texture_height": 128,
				"visible_bounds_width": 6,
				"visible_bounds_height": 3.5,
				"visible_bounds_offset": [0, 1.25, 0]
			},
			"bones": [
				{
					"name": "greendent",
					"pivot": [0, 0, 0]
				},
				{
					"name": "allbody",
					"parent": "greendent",
					"pivot": [0, 0, 0]
				},
				{
					"name": "legs",
					"parent": "allbody",
					"pivot": [0, 0, 0]
				},
				{
					"name": "leg1",
					"parent": "legs",
					"pivot": [-2, 0, 0]
				},
				{
					"name": "legmini1",
					"parent": "leg1",
					"pivot": [-2, 0, 0],
					"cubes": [
						{"origin": [-9, 0, -3], "size": [4, 2, 6], "uv": [47, 22]}
					]
				},
				{
					"name": "legparte1",
					"parent": "leg1",
					"pivot": [-2, 0, 0],
					"cubes": [
						{"origin": [-8, 2, 0], "size": [3, 2, 3], "uv": [88, 0]},
						{"origin": [-9, 2, -1], "size": [4, 6, 7], "pivot": [-7, 3, 3], "rotation": [-5, 0, 0], "uv": [29, 70]}
					]
				},
				{
					"name": "leg2",
					"parent": "legs",
					"pivot": [3, 0, 0]
				},
				{
					"name": "legparte2",
					"parent": "leg2",
					"pivot": [3, 0, 0],
					"cubes": [
						{"origin": [6, 2, 0], "size": [3, 2, 3], "uv": [88, 6]},
						{"origin": [6, 2, -1], "size": [4, 6, 7], "pivot": [8, 3, 3], "rotation": [-5, 0, 0], "uv": [52, 70]}
					]
				},
				{
					"name": "legmini2",
					"parent": "leg2",
					"pivot": [3, 0, 0],
					"cubes": [
						{"origin": [6, 0, -3], "size": [4, 2, 6], "uv": [68, 22]}
					]
				},
				{
					"name": "torso",
					"parent": "allbody",
					"pivot": [0, -1, 0]
				},
				{
					"name": "torsoparte",
					"parent": "torso",
					"pivot": [0, -2, 0],
					"cubes": [
						{"origin": [-5, 2, -2], "size": [11, 12, 9], "uv": [47, 0]},
						{"origin": [-3, 12, -1], "size": [7, 3, 7], "uv": [0, 70]}
					]
				},
				{
					"name": "torso_mini",
					"parent": "torsoparte",
					"pivot": [0, -2, -1],
					"cubes": [
						{"origin": [-4, 12.2, -3.4], "size": [9, 2, 1], "pivot": [0, 9, 1], "rotation": [-17.5, 0, 0], "uv": [75, 70]},
						{"origin": [-4, 2.5, -3], "size": [9, 11, 1], "uv": [75, 70]},
						{"origin": [5, 3, -3.1], "size": [5, 4, 0], "pivot": [6, 3, 4], "rotation": [0, 0, -15], "uv": [88, 16]},
						{"origin": [-9, 3, -3.1], "size": [5, 4, 0], "pivot": [-5, 3, 4], "rotation": [0, 0, 15], "uv": [89, 21]}
					]
				},
				{
					"name": "line",
					"parent": "torso",
					"pivot": [0, -3, 0],
					"rotation": [2.5, 0, 0]
				},
				{
					"name": "lineparte",
					"parent": "line",
					"pivot": [0, -3, 0],
					"cubes": [
						{"origin": [-5, 2, 4], "size": [11, 14, 9], "inflate": -0.001, "pivot": [2, 3, 6], "rotation": [-17.5, 0, 0], "uv": [45, 31]}
					]
				},
				{
					"name": "linemini",
					"parent": "line",
					"pivot": [0, -3, 0],
					"cubes": [
						{"origin": [-5, 14, 5], "size": [11, 11, 11], "inflate": -0.00001, "pivot": [0, 13, 9], "rotation": [-60, 0, 0], "uv": [0, 31]},
						{"origin": [-5, 8, 14], "size": [11, 18, 12], "inflate": -0.001, "pivot": [0, 14, 20], "rotation": [-132.5, 0, 0], "uv": [0, 0]}
					]
				},
				{
					"name": "head",
					"parent": "torso",
					"pivot": [0, 15, 0]
				},
				{
					"name": "face",
					"parent": "head",
					"pivot": [0, -1, 0],
					"cubes": [
						{"origin": [-4, 19, -2], "size": [9, 6, 8], "uv": [41, 56]}
					]
				},
				{
					"name": "faceparte",
					"parent": "face",
					"pivot": [-1, -7, 0],
					"cubes": [
						{"origin": [-5, 15, -3], "size": [11, 5, 9.5], "uv": [0, 55]}
					]
				},
				{
					"name": "bigotes",
					"parent": "head",
					"pivot": [-1, 11, 0]
				},
				{
					"name": "bigote1",
					"parent": "bigotes",
					"pivot": [-1, 11, -2],
					"rotation": [0, 0, -20],
					"cubes": [
						{"origin": [6, 13, -3.1], "size": [8, 5, 0], "uv": [40, 84]}
					]
				},
				{
					"name": "bigote2",
					"parent": "bigotes",
					"pivot": [1, 11, -2],
					"rotation": [0, 0, 20],
					"cubes": [
						{"origin": [-13, 13, -3.1], "size": [8, 5, 0], "uv": [57, 84]}
					]
				},
				{
					"name": "nose",
					"parent": "head",
					"pivot": [0, -3, 0],
					"cubes": [
						{"origin": [-1, 19.4, -3.6], "size": [3, 1, 1], "uv": [49, 90]},
						{"origin": [-2, 19, -3.4], "size": [5, 2, 3], "uv": [86, 31]}
					]
				},
				{
					"name": "horejas",
					"parent": "head",
					"pivot": [0, -6, 0]
				},
				{
					"name": "horeja1",
					"parent": "horejas",
					"pivot": [4, -7, 2],
					"rotation": [0, 0, -7.5],
					"cubes": [
						{"origin": [-1, 22, 1], "size": [4, 5, 2], "uv": [86, 37]},
						{"origin": [-1, 27, 3], "size": [4, 3, 0], "uv": [89, 26]}
					]
				},
				{
					"name": "horeja2",
					"parent": "horejas",
					"pivot": [-3, -7, 2],
					"rotation": [0, 0, 7.5],
					"cubes": [
						{"origin": [-2, 22, 1], "size": [4, 5, 2], "uv": [86, 45]},
						{"origin": [-2, 27, 3], "size": [4, 3, 0], "uv": [40, 90]}
					]
				},
				{
					"name": "eyes",
					"parent": "head",
					"pivot": [0, -4, 0]
				},
				{
					"name": "eye1",
					"parent": "eyes",
					"pivot": [0, -4, 0],
					"cubes": [
						{"origin": [-3, 20, -2.1], "size": [2, 3, 0], "uv": [58, 90]},
						{"origin": [-2.5, 20.6, -2.2], "size": [1, 2, 0], "uv": [21, 81]}
					]
				},
				{
					"name": "eye2",
					"parent": "eyes",
					"pivot": [5, -4, 0],
					"cubes": [
						{"origin": [2, 20, -2.1], "size": [2, 3, 0], "uv": [63, 90]},
						{"origin": [2.5, 20.6, -2.2], "size": [1, 2, 0], "uv": [24, 81]}
					]
				},
				{
					"name": "smile",
					"parent": "head",
					"pivot": [0, -3, -1]
				},
				{
					"name": "smilemini",
					"parent": "smile",
					"pivot": [0, -3, -9],
					"cubes": [
						{"origin": [-3, 15, -2.1], "size": [7, 4, 0], "uv": [114, 0]}
					]
				},
				{
					"name": "smileparte",
					"parent": "smile",
					"pivot": [0, -3.4, 0],
					"cubes": [
						{"origin": [-1, 16, -3.1], "size": [3, 1, 0], "uv": [2, 2]},
						{"origin": [-1.2, 16.6, -3.2], "size": [1, 1, 0], "uv": [4, 2]},
						{"origin": [1.2, 16.6, -3.2], "size": [1, 1, 0], "uv": [4, 2]}
					]
				},
				{
					"name": "hands",
					"parent": "torso",
					"pivot": [0, -1, 5],
					"rotation": [17.5, 0, 0]
				},
				{
					"name": "hand1",
					"parent": "hands",
					"pivot": [-1, -0.6527, 6.96962],
					"rotation": [10, 0, 0],
					"cubes": [
						{"origin": [5, 10.3473, 4.96962], "size": [4, 4, 6], "pivot": [6, 11.3473, 6.96962], "rotation": [0, -30, 0], "uv": [76, 55]}
					]
				},
				{
					"name": "handparte1",
					"parent": "hand1",
					"pivot": [6, 11.3473, 6.96962],
					"cubes": [
						{"origin": [5, 10, 2.96962], "size": [4, 4, 5], "pivot": [6, 11.3473, 3.96962], "rotation": [0, 12.5, 0], "uv": [75, 83]}
					]
				},
				{
					"name": "hand2",
					"parent": "hands",
					"pivot": [2, -0.6527, 6.96962],
					"rotation": [10, 0, 0],
					"cubes": [
						{"origin": [-8, 10.3473, 4.96962], "size": [4, 4, 6], "pivot": [-5, 11.3473, 6.96962], "rotation": [0, 30, 0], "uv": [0, 81]}
					]
				},
				{
					"name": "handparte2",
					"parent": "hand2",
					"pivot": [-5, 11.3473, 6.96962],
					"cubes": [
						{"origin": [-8, 10, 2.96962], "size": [4, 4, 5], "pivot": [-5, 11.3473, 3.96962], "rotation": [0, -12.5, 0], "uv": [21, 84]}
					]
				}
			]
		}
	]
}